COD_CLIENTE,COD_LOCAL,CUSTO_INLAND_POR_TON
CLIENTE619,Dragmere,"0,1156367378"
CLIENTE615,Quasmar,"0,118296561"
CLIENTE542,Quasmar,"0,1348330867"
CLIENTE711,Sunreach,"0,1444576946"
CLIENTE235,Ossandor,"0,1471899567"
CLIENTE252,Sethera,"0,150404212"
CLIENTE69,Osaria,"0,1555613726"
CLIENTE504,Pillarreach,"0,1569030114"
CLIENTE310,Raumor,"0,1655014541"
CLIENTE97,Ykoura,"0,1673985371"
CLIENTE205,Duskwall,"0,1716143764"
CLIENTE293,Piscara,"0,1733852172"
CLIENTE708,Galdrin,"0,1757927012"
CLIENTE339,Ichoris,"0,1767482987"
CLIENTE657,Noctis,"0,1785633133"
CLIENTE410,Muskara,"0,1834694206"
CLIENTE246,Limoria,"0,1853939958"
CLIENTE377,Drinmoor,"0,1857550472"
CLIENTE203,Nurmengard,"0,1873390389"
CLIENTE520,Lathen,"0,1874817864"
CLIENTE239,Tempestia,"0,1900295877"
CLIENTE334,Ishgard,"0,193864287"
CLIENTE451,Salvaris,"0,1951818782"
CLIENTE294,Yjigar,"0,1979587684"
CLIENTE625,Rlyeh,"0,2026929705"
CLIENTE701,Lothlorien,"0,2038618672"
CLIENTE399,Stonegate,"0,2046703998"
CLIENTE175,Zaphura,"0,2065459861"
CLIENTE446,Deeptrench,"0,2067047854"
CLIENTE156,Obsidian,"0,2070185471"
CLIENTE22,Quasmar,"0,2082250938"
CLIENTE277,Manifold,"0,2086364149"
CLIENTE33,Alabasta,"0,2100013475"
CLIENTE605,Salvaris,"0,2112400701"
CLIENTE295,Manshade,"0,2119358272"
CLIENTE359,Kragspire,"0,2134355927"
CLIENTE60,Casperia,"0,2141111973"
CLIENTE273,Tempestia,"0,2141327436"
CLIENTE216,Sunreach,"0,2144401918"
CLIENTE416,Uinhold,"0,2151720197"
CLIENTE367,Nighthaven,"0,2158211119"
CLIENTE420,Duskwall,"0,217206264"
CLIENTE601,Jakura,"0,2176810385"
CLIENTE372,Prontera,"0,2181562929"
CLIENTE392,Stormbar,"0,2187988431"
CLIENTE317,Paldea,"0,2192148595"
CLIENTE31,Solhara,"0,2205167923"
CLIENTE650,Nighthaven,"0,220596647"
CLIENTE673,Nibelheim,"0,2216352909"
CLIENTE640,Amoneth,"0,2253593798"
CLIENTE315,Limoria,"0,2258273691"
CLIENTE147,Dornfall,"0,2262445307"
CLIENTE420,Ichoris,"0,2266186525"
CLIENTE170,Zaphura,"0,2272689145"
CLIENTE361,Ishgard,"0,2288562562"
CLIENTE85,Eredin,"0,230525447"
CLIENTE532,Posthaven,"0,2310073924"
CLIENTE295,Stormbar,"0,2315771211"
CLIENTE559,Nurmengard,"0,232511671"
CLIENTE113,Dragmere,"0,2328953284"
CLIENTE428,Kandor,"0,2340826144"
CLIENTE133,Sethera,"0,2356402881"
CLIENTE434,Brakmar,"0,2356534895"
CLIENTE62,Stonegate,"0,2358865641"
CLIENTE595,Sableport,"0,2362370604"
CLIENTE136,Elysor,"0,2372756631"
CLIENTE199,Elzion,"0,2378513031"
CLIENTE170,Jadehold,"0,2380354945"
CLIENTE241,Posthaven,"0,2382163219"
CLIENTE240,Dornfall,"0,2399862935"
CLIENTE389,Deepwater,"0,2404393246"
CLIENTE502,Kobaris,"0,2404939489"
CLIENTE533,Pausen,"0,2412058457"
CLIENTE158,Ashkora,"0,2419054538"
CLIENTE209,Hazoria,"0,2437134518"
CLIENTE264,Elysor,"0,2448824489"
CLIENTE656,Tutira,"0,2451522627"
CLIENTE640,Resembool,"0,2455049632"
CLIENTE71,Chenara,"0,2455673106"
CLIENTE562,Philgaia,"0,2457306776"
CLIENTE229,Savois,"0,247000219"
CLIENTE666,Nassauia,"0,2473285265"
CLIENTE557,Ranskar,"0,2480103823"
CLIENTE514,Swindale,"0,2493931567"
CLIENTE21,Skyreach,"0,2496090671"
CLIENTE647,Yeygard,"0,2497959635"
CLIENTE138,Ishgard,"0,2514735408"
CLIENTE516,Tomarath,"0,2529050229"
CLIENTE133,Ngorim,"0,2530301079"
CLIENTE263,Targalon,"0,2531119091"
CLIENTE361,Stormhold,"0,2533828503"
CLIENTE396,Fernwall,"0,2535543703"
CLIENTE456,Uinhold,"0,2536664011"
CLIENTE568,Lochbar,"0,2536816805"
CLIENTE181,Perseon,"0,2538094313"
CLIENTE454,Philgaia,"0,2546584863"
CLIENTE320,Eredin,"0,2555546342"
CLIENTE462,Yeygard,"0,2555675916"
CLIENTE513,Valyria,"0,2558047609"
CLIENTE452,Brakmar,"0,2563471165"
CLIENTE218,Namek,"0,2564606714"
CLIENTE472,Bethlehem,"0,2569088626"
CLIENTE538,Rocabar,"0,2576689747"
CLIENTE261,Memphos,"0,2576920909"
CLIENTE227,Nassauia,"0,2585963905"
CLIENTE550,Lochbar,"0,2595205363"
CLIENTE703,Ironfall,"0,2599759271"
CLIENTE475,Klunheim,"0,2601302914"
CLIENTE545,Tuxara,"0,2601383144"
CLIENTE448,Nyagara,"0,2611571917"
CLIENTE509,Greywatch,"0,2613464773"
CLIENTE673,Hogwarts,"0,2622888294"
CLIENTE400,Koktahl,"0,2623282264"
CLIENTE235,Eredin,"0,2626126074"
CLIENTE54,Yokara,"0,2631916977"
CLIENTE495,Tuxara,"0,2640216728"
CLIENTE553,Ngorim,"0,2643896419"
CLIENTE62,Nibelheim,"0,2644920503"
CLIENTE239,Solstheim,"0,2649751912"
CLIENTE255,Hazoria,"0,2651300616"
CLIENTE217,Surakai,"0,2651990076"
CLIENTE45,Winhill,"0,2654372089"
CLIENTE300,Mondstadt,"0,2667871648"
CLIENTE74,Askr,"0,2669651334"
CLIENTE258,Osaria,"0,2670308519"
CLIENTE252,Deepwater,"0,2673634727"
CLIENTE588,Ulthar,"0,268485148"
CLIENTE508,Sectorium,"0,2684992546"
CLIENTE540,Glenhaven,"0,2686405701"
CLIENTE133,Skellige,"0,2689535938"
CLIENTE117,Morrowind,"0,2697859964"
CLIENTE278,Targalon,"0,2699966835"
CLIENTE594,Tuxara,"0,2706759933"
CLIENTE593,Mondstadt,"0,2707418404"
CLIENTE579,Brightfall,"0,2713517296"
CLIENTE344,Elysor,"0,2714856632"
CLIENTE171,Swindale,"0,2715342186"
CLIENTE652,Shadowpeak,"0,2720575656"
CLIENTE562,Resembool,"0,2733398329"
CLIENTE367,Melvara,"0,2741132052"
CLIENTE259,Johto,"0,2741482592"
CLIENTE478,Kakariko,"0,2742093069"
CLIENTE646,Xinthar,"0,2742683853"
CLIENTE664,Yenfall,"0,2746284395"
CLIENTE572,Kragspire,"0,2746637121"
CLIENTE491,Chenara,"0,2749628565"
CLIENTE85,Windscar,"0,2751806792"
CLIENTE229,Thalassar,"0,2753476424"
CLIENTE288,Stormhold,"0,275772017"
CLIENTE305,Northfall,"0,2758130889"
CLIENTE337,Jakura,"0,2758726759"
CLIENTE97,Salvaris,"0,276380094"
CLIENTE521,Ashkora,"0,2768996687"
CLIENTE246,Jakura,"0,277418512"
CLIENTE554,Nosgoth,"0,2777334324"
CLIENTE73,Morrowind,"0,2781508002"
CLIENTE386,Northfall,"0,2786433159"
CLIENTE24,Limoria,"0,279054411"
CLIENTE678,Manifold,"0,2795796875"
CLIENTE320,Kobaris,"0,280278706"
CLIENTE540,Stevanor,"0,2815317492"
CLIENTE686,Brightfall,"0,2821106091"
CLIENTE339,Gerudo,"0,2825834699"
CLIENTE42,Surakai,"0,2826642154"
CLIENTE25,Dornfall,"0,2827515296"
CLIENTE63,Windscar,"0,2831585957"
CLIENTE256,Grimvale,"0,2837252518"
CLIENTE585,Pangara,"0,2839769279"
CLIENTE343,Ulthar,"0,2846276639"
CLIENTE175,Hollowmar,"0,2848918873"
CLIENTE696,Lochbar,"0,285058911"
CLIENTE468,Sectorium,"0,2850899074"
CLIENTE689,Highspire,"0,2855087243"
CLIENTE128,Windscar,"0,2856108762"
CLIENTE694,Chenara,"0,285714995"
CLIENTE243,Stormbar,"0,2858450383"
CLIENTE652,Galdrin,"0,2863422194"
CLIENTE14,Valyria,"0,2866343653"
CLIENTE114,Pandora,"0,2867709563"
CLIENTE242,Duskwall,"0,2871256888"
CLIENTE216,Solstheim,"0,2872410883"
CLIENTE460,Melvara,"0,2876212325"
CLIENTE334,Solstheim,"0,2876680185"
CLIENTE270,Besaid,"0,2878190278"
CLIENTE40,Memphos,"0,2879337243"
CLIENTE652,Raumor,"0,2884558892"
CLIENTE109,Targalon,"0,2884699049"
CLIENTE9,Calcara,"0,2887444549"
CLIENTE152,Ngorim,"0,2889101873"
CLIENTE296,Tchurion,"0,2893378587"
CLIENTE280,Duskwall,"0,2895595994"
CLIENTE572,Manshade,"0,2900022293"
CLIENTE399,Tchurion,"0,2900656648"
CLIENTE602,Memphos,"0,2912255016"
CLIENTE710,Tahlenwald,"0,2913200587"
CLIENTE135,Johto,"0,2922863243"
CLIENTE47,Hazoria,"0,2924165917"
CLIENTE379,Sidora,"0,2925305731"
CLIENTE45,Swindale,"0,2926214578"
CLIENTE122,Gerudo,"0,2928164185"
CLIENTE171,Prontera,"0,2939497613"
CLIENTE309,Muskara,"0,294064331"
CLIENTE645,Kobaris,"0,2943940153"
CLIENTE391,Deliora,"0,2946269793"
CLIENTE709,Viscara,"0,2947176344"
CLIENTE184,Memphos,"0,2950716602"
CLIENTE560,Tartarus,"0,2951411808"
CLIENTE110,Zanarkand,"0,2959252401"
CLIENTE258,Ashkora,"0,2960442426"
CLIENTE585,Ykoura,"0,2966289015"
CLIENTE259,Valisthea,"0,29763587"
CLIENTE608,Solhara,"0,2976980563"
CLIENTE533,Besaid,"0,2977905888"
CLIENTE707,Resembool,"0,2981646286"
CLIENTE676,Tomarath,"0,2981732847"
CLIENTE536,Ulthar,"0,2982497545"
CLIENTE370,Mondstadt,"0,2986314631"
CLIENTE591,Azkaban,"0,2988511974"
CLIENTE581,Solhara,"0,2989607741"
CLIENTE109,Perseon,"0,2990468784"
CLIENTE402,Paldea,"0,2990727622"
CLIENTE338,Hazoria,"0,2991226764"
CLIENTE46,Sunreach,"0,2993596426"
CLIENTE367,Hollowmar,"0,2994529207"
CLIENTE62,Rivenspire,"0,299458281"
CLIENTE486,Fernwall,"0,2994881146"
CLIENTE354,Lothlorien,"0,2999405597"
CLIENTE303,Dirtmouth,"0,3007012488"
CLIENTE82,Muskara,"0,3019779277"
CLIENTE83,Shadowpeak,"0,3026637156"
CLIENTE274,Iyomar,"0,3028380629"
CLIENTE424,Hollowmar,"0,3028570258"
CLIENTE613,Mountglass,"0,3031737927"
CLIENTE672,Resembool,"0,3032596664"
CLIENTE658,Mythra,"0,3039465571"
CLIENTE241,Skellige,"0,3040938225"
CLIENTE549,Grimvale,"0,3042501385"
CLIENTE296,Targalon,"0,304323644"
CLIENTE501,Lothlorien,"0,3045491292"
CLIENTE176,TwinPillars,"0,3051836634"
CLIENTE685,Amoneth,"0,305420212"
CLIENTE434,Noctis,"0,3061788582"
CLIENTE500,Jindara,"0,3062200567"
CLIENTE121,Iskeld,"0,3065319929"
CLIENTE588,Tuxara,"0,3067643559"
CLIENTE356,Yatora,"0,3082790049"
CLIENTE11,Midgar,"0,3086771313"
CLIENTE400,Azural,"0,3088851292"
CLIENTE541,Mountglass,"0,3091426859"
CLIENTE446,Prontera,"0,3093135658"
CLIENTE98,Surakai,"0,3093327102"
CLIENTE10,Nenaris,"0,3095676101"
CLIENTE30,Piscara,"0,3097281462"
CLIENTE206,Yokara,"0,3099740785"
CLIENTE84,Perseon,"0,3100401063"
CLIENTE360,Limoria,"0,3100777994"
CLIENTE640,Philgaia,"0,310110699"
CLIENTE411,Fernwall,"0,3103485515"
CLIENTE417,Marineford,"0,3104368293"
CLIENTE86,Lochbar,"0,3110169305"
CLIENTE542,Azural,"0,3118933469"
CLIENTE232,Deeptrench,"0,3119798611"
CLIENTE535,Mythra,"0,3120834115"
CLIENTE569,Lochbar,"0,3121521744"
CLIENTE493,Thalassar,"0,3126029625"
CLIENTE602,Pangara,"0,3128159095"
CLIENTE305,Marineford,"0,3128745391"
CLIENTE216,Raumor,"0,3131270241"
CLIENTE290,Galdrin,"0,313301297"
CLIENTE598,Tuxara,"0,3138062117"
CLIENTE45,Kobaris,"0,3138226181"
CLIENTE348,Skyreach,"0,3138577952"
CLIENTE617,Yeygard,"0,3141605717"
CLIENTE128,Hollowmar,"0,3142775728"
CLIENTE677,Calcara,"0,3143665925"
CLIENTE290,Glenhaven,"0,3144461243"
CLIENTE332,Thalassar,"0,314583447"
CLIENTE353,Fernwall,"0,3147146095"
CLIENTE501,Lochbar,"0,3149824158"
CLIENTE226,Yeygard,"0,3149877535"
CLIENTE471,Grimvale,"0,3150262616"
CLIENTE461,Galdrin,"0,3150919479"
CLIENTE701,Memphos,"0,3151008245"
CLIENTE161,Morrowind,"0,3153779946"
CLIENTE482,Lathen,"0,315548422"
CLIENTE497,Prontera,"0,3159121809"
CLIENTE406,Vancross,"0,3160487207"
CLIENTE349,Koktahl,"0,3161820227"
CLIENTE504,Jakura,"0,316474932"
CLIENTE349,Imre,"0,3165101628"
CLIENTE342,Ironfall,"0,3167625355"
CLIENTE401,Bethlehem,"0,3174997886"
CLIENTE206,Paldea,"0,3175981587"
CLIENTE462,Tempestia,"0,317668545"
CLIENTE51,Hollowmar,"0,318389234"
CLIENTE427,Stormbar,"0,3188501298"
CLIENTE81,Amoneth,"0,3189358092"
CLIENTE631,Ashkora,"0,3189440083"
CLIENTE3,Skellige,"0,3189821543"
CLIENTE321,Tomarath,"0,3190712534"
CLIENTE295,Windscar,"0,31914031"
CLIENTE202,Iyomar,"0,3193395354"
CLIENTE418,Deepwater,"0,3195710487"
CLIENTE346,Stormbar,"0,3197162852"
CLIENTE40,Brakmar,"0,3198711777"
CLIENTE593,Valyria,"0,3200952983"
CLIENTE553,Deepwater,"0,3204138762"
CLIENTE127,Iskeld,"0,3205525538"
CLIENTE469,Perseon,"0,3206270506"
CLIENTE185,Ranskar,"0,3208354228"
CLIENTE649,Klunheim,"0,3210613975"
CLIENTE323,Jindara,"0,3212907533"
CLIENTE648,Ngorim,"0,3213267534"
CLIENTE253,Chenara,"0,3215175772"
CLIENTE654,Stormhold,"0,3216693211"
CLIENTE528,Stormbar,"0,3220364424"
CLIENTE319,Ivalice,"0,3225489678"
CLIENTE363,Amoneth,"0,3225639003"
CLIENTE360,Tchurion,"0,3231075537"
CLIENTE694,Dirtmouth,"0,3233728501"
CLIENTE495,Ossandor,"0,323459804"
CLIENTE326,Windscar,"0,3237485689"
CLIENTE475,Deliora,"0,3241107734"
CLIENTE484,Marineford,"0,324304861"
CLIENTE227,Brakmar,"0,3254520197"
CLIENTE176,Inoria,"0,3256069103"
CLIENTE450,Quasmar,"0,325628762"
CLIENTE531,Seireitei,"0,3258011159"
CLIENTE263,Jindara,"0,3263098923"
CLIENTE585,Ossandor,"0,3264480242"
CLIENTE542,Chenara,"0,3265809888"
CLIENTE220,Dornfall,"0,3269880419"
CLIENTE116,Nyagara,"0,3270211242"
CLIENTE308,Perseon,"0,3272606465"
CLIENTE322,Ngorim,"0,3277114412"
CLIENTE285,Marineford,"0,3280303477"
CLIENTE240,Rocabar,"0,3280455102"
CLIENTE687,Riorin,"0,3281009052"
CLIENTE440,Northfall,"0,3283889369"
CLIENTE661,Elzion,"0,3287533467"
CLIENTE230,Winhill,"0,3287901916"
CLIENTE608,Stonegate,"0,3288992187"
CLIENTE357,TwinPillars,"0,3290625252"
CLIENTE395,Stormhold,"0,3293149636"
CLIENTE123,Deeptrench,"0,329558886"
CLIENTE491,Khengar,"0,3295759678"
CLIENTE622,Thalassar,"0,3299167063"
CLIENTE180,Ranskar,"0,3302304625"
CLIENTE386,Tempestia,"0,3304008577"
CLIENTE97,Marineford,"0,3305007795"
CLIENTE285,Morrowind,"0,3305438076"
CLIENTE631,Pangara,"0,3306036471"
CLIENTE439,Hogwarts,"0,3306858477"
CLIENTE526,Qineth,"0,3307920836"
CLIENTE668,Bethlehem,"0,3310700155"
CLIENTE24,Nighthaven,"0,3311847162"
CLIENTE48,Jindara,"0,3313118795"
CLIENTE469,Northfall,"0,3314140329"
CLIENTE235,Manshade,"0,331513179"
CLIENTE187,Qineth,"0,3319245969"
CLIENTE40,Qineth,"0,3319940562"
CLIENTE543,Pillarreach,"0,3319975865"
CLIENTE569,Zuldazar,"0,3320645041"
CLIENTE521,Tomarath,"0,3324663742"
CLIENTE519,Tahlenwald,"0,332575545"
CLIENTE409,Tarbean,"0,3328024858"
CLIENTE629,Stormhold,"0,3330436158"
CLIENTE27,Koktahl,"0,3332235288"
CLIENTE678,Nyagara,"0,333662309"
CLIENTE487,Spira,"0,333964167"
CLIENTE672,Nighthaven,"0,3343100028"
CLIENTE380,Tarbean,"0,334316069"
CLIENTE520,Zaphura,"0,3344473562"
CLIENTE275,Kandor,"0,334639079"
CLIENTE490,Sethera,"0,3348088421"
CLIENTE489,Pillarreach,"0,3348785756"
CLIENTE523,Viscara,"0,3349094514"
CLIENTE32,Laputa,"0,3349811028"
CLIENTE42,Pausen,"0,3351900291"
CLIENTE475,Tartarus,"0,3352475163"
CLIENTE189,Kandor,"0,3356638602"
CLIENTE117,Besaid,"0,3358523731"
CLIENTE319,Tuxara,"0,3359436006"
CLIENTE226,Ulthar,"0,3360731382"
CLIENTE555,Vancross,"0,3362486186"
CLIENTE251,Laputa,"0,3362534406"
CLIENTE318,Ossandor,"0,3364382285"
CLIENTE639,Hollowmar,"0,3364496178"
CLIENTE487,Ranskar,"0,3366399849"
CLIENTE370,Tahlenwald,"0,3367319236"
CLIENTE316,Resembool,"0,3368129761"
CLIENTE557,Laputa,"0,3369677022"
CLIENTE275,Stonegate,"0,3375110418"
CLIENTE368,Azural,"0,3377854213"
CLIENTE519,Aeusserst,"0,3380213265"
CLIENTE578,Kakariko,"0,3381326363"
CLIENTE96,Klunheim,"0,3382230127"
CLIENTE567,Mountglass,"0,3385504389"
CLIENTE579,Kandor,"0,3388853815"
CLIENTE379,Seireitei,"0,3390301881"
CLIENTE17,Morrowind,"0,339068471"
CLIENTE15,Sableport,"0,3392386013"
CLIENTE175,Termina,"0,3395595425"
CLIENTE355,Xinthar,"0,3396853575"
CLIENTE317,Zaphura,"0,3397557931"
CLIENTE539,Manifold,"0,3398184222"
CLIENTE309,Calcara,"0,3399271428"
CLIENTE268,Solstheim,"0,3400012777"
CLIENTE578,Highspire,"0,3401012393"
CLIENTE220,Yenfall,"0,3402290673"
CLIENTE557,Elzion,"0,3403746916"
CLIENTE575,Lochbar,"0,3403799334"
CLIENTE269,Sectorium,"0,3403893307"
CLIENTE257,Frosthelm,"0,3404565089"
CLIENTE487,Sidora,"0,3406392643"
CLIENTE640,Bethlehem,"0,340761792"
CLIENTE221,Skellige,"0,3409447548"
CLIENTE337,Osaria,"0,3412141977"
CLIENTE499,Swindale,"0,3413044246"
CLIENTE667,Viscara,"0,3414153235"
CLIENTE29,Casperia,"0,3414383327"
CLIENTE223,Yatora,"0,3415498917"
CLIENTE32,Casperia,"0,3419870457"
CLIENTE65,Sunreach,"0,3422422243"
CLIENTE359,Bethlehem,"0,3422577749"
CLIENTE416,Laputa,"0,3423242826"
CLIENTE206,Johto,"0,3426821456"
CLIENTE276,Promethea,"0,3427146184"
CLIENTE322,Casperia,"0,3427644008"
CLIENTE609,Pandora,"0,3429499019"
CLIENTE639,Jakura,"0,3429638955"
CLIENTE670,Pandora,"0,342967245"
CLIENTE377,Yjigar,"0,3429902574"
CLIENTE176,Osaria,"0,3434320679"
CLIENTE409,Deliora,"0,3434655458"
CLIENTE97,Pausen,"0,3437352777"
CLIENTE426,Imre,"0,3437540067"
CLIENTE43,Cartheia,"0,3438327176"
CLIENTE106,Mountglass,"0,3439038455"
CLIENTE656,Zaphura,"0,3440018877"
CLIENTE692,Iyomar,"0,3447430739"
CLIENTE575,Zuldazar,"0,3451376952"
CLIENTE160,Shadowpeak,"0,3452938914"
CLIENTE318,Pangara,"0,3456377076"
CLIENTE298,Grimvale,"0,3457687646"
CLIENTE272,Kandor,"0,3461145627"
CLIENTE499,Kragspire,"0,3461588311"
CLIENTE382,Qineth,"0,3464684051"
CLIENTE319,Nighthaven,"0,3464726688"
CLIENTE260,Yjigar,"0,3466632161"
CLIENTE630,Hogwarts,"0,3467915428"
CLIENTE232,Azural,"0,3468021123"
CLIENTE542,Spira,"0,3468513423"
CLIENTE491,Sunreach,"0,3468780616"
CLIENTE312,Rlyeh,"0,3469284293"
CLIENTE109,Kobaris,"0,3472283833"
CLIENTE8,Kragspire,"0,3474391406"
CLIENTE628,Calcara,"0,3476623849"
CLIENTE171,Muskara,"0,3478530817"
CLIENTE596,Yenfall,"0,3479238086"
CLIENTE277,Ossandor,"0,347934086"
CLIENTE212,Seireitei,"0,3480114266"
CLIENTE159,Tchurion,"0,348114441"
CLIENTE187,Cairhien,"0,34829458"
CLIENTE47,Askr,"0,3485421808"
CLIENTE292,Yatora,"0,3486316385"
CLIENTE411,Stonegate,"0,3490502684"
CLIENTE708,Drinmoor,"0,3492924941"
CLIENTE663,Surakai,"0,3494639858"
CLIENTE478,Lyngard,"0,3496291096"
CLIENTE617,Nighthaven,"0,3497211039"
CLIENTE106,Tomarath,"0,3498272489"
CLIENTE137,Sidora,"0,3503914951"
CLIENTE649,Melvara,"0,3505644078"
CLIENTE129,Ashkora,"0,3506298658"
CLIENTE518,Ngorim,"0,350834672"
CLIENTE440,Pandora,"0,3509256746"
CLIENTE395,Promethea,"0,3511529458"
CLIENTE676,Winhill,"0,3513257656"
CLIENTE558,Kandor,"0,3513348265"
CLIENTE402,Dragmere,"0,3517683123"
CLIENTE246,Huern,"0,3517970641"
CLIENTE380,Dornfall,"0,3518377333"
CLIENTE236,Raumor,"0,3519069943"
CLIENTE119,Raumor,"0,352383223"
CLIENTE64,Surakai,"0,3524467835"
CLIENTE49,Sectorium,"0,3524562364"
CLIENTE387,Xinthar,"0,3524775293"
CLIENTE139,Tartarus,"0,3526059922"
CLIENTE286,Iskeld,"0,3528253488"
CLIENTE58,Haldryn,"0,3528646998"
CLIENTE37,Cairhien,"0,3533189022"
CLIENTE582,Savois,"0,353435863"
CLIENTE569,Nenaris,"0,3540526151"
CLIENTE597,Salvaris,"0,3540638979"
CLIENTE218,Glenhaven,"0,3541293898"
CLIENTE119,Manifold,"0,3541650892"
CLIENTE446,Yatora,"0,3541966998"
CLIENTE52,Rocabar,"0,354388318"
CLIENTE14,Jakura,"0,3545042526"
CLIENTE632,Ulthar,"0,3548967237"
CLIENTE387,Brightfall,"0,3551281954"
CLIENTE305,Tarbean,"0,3551556894"
CLIENTE49,Ivalice,"0,3553493232"
CLIENTE506,Bethlehem,"0,3558200862"
CLIENTE234,Jakura,"0,3560191296"
CLIENTE660,Ngorim,"0,356049542"
CLIENTE659,Hogwarts,"0,356213972"
CLIENTE411,Hazoria,"0,3564187283"
CLIENTE371,Ngorim,"0,3565861714"
CLIENTE608,Aeusserst,"0,3565975694"
CLIENTE92,Brakmar,"0,3566431951"
CLIENTE372,Noctis,"0,3567229281"
CLIENTE429,Highspire,"0,3568243727"
CLIENTE620,Azkaban,"0,356932571"
CLIENTE681,Deeptrench,"0,3569992631"
CLIENTE44,Mountglass,"0,3570011765"
CLIENTE2,Shadowpeak,"0,357014297"
CLIENTE181,Zanarkand,"0,3573004637"
CLIENTE285,Hollowmar,"0,3573323559"
CLIENTE636,Sectorium,"0,3576216471"
CLIENTE545,Rlyeh,"0,3576817667"
CLIENTE602,Kakariko,"0,3577989198"
CLIENTE634,Greywatch,"0,3580065985"
CLIENTE179,Viscara,"0,358099441"
CLIENTE51,Yokara,"0,3581187259"
CLIENTE280,Hogwarts,"0,3581863608"
CLIENTE254,Nibelheim,"0,3582018492"
CLIENTE509,Dragmere,"0,3582431329"
CLIENTE22,Muskara,"0,3583645718"
CLIENTE220,Marineford,"0,3585269318"
CLIENTE464,Imre,"0,3586575558"
CLIENTE293,Deepwater,"0,359081118"
CLIENTE595,Salvaris,"0,3592748843"
CLIENTE129,Thalassar,"0,3593821376"
CLIENTE276,Casperia,"0,3595163077"
CLIENTE704,Stonegate,"0,3600633508"
CLIENTE580,Yokara,"0,3608365733"
CLIENTE179,Mountglass,"0,3609438953"
CLIENTE111,Eredin,"0,3611460378"
CLIENTE397,Tomarath,"0,3611703274"
CLIENTE705,Ichoris,"0,3618007104"
CLIENTE449,Khengar,"0,3621443283"
CLIENTE434,Qineth,"0,3623643488"
CLIENTE143,Duskwall,"0,3625058291"
CLIENTE620,Mondstadt,"0,362667938"
CLIENTE299,Pandora,"0,3629780805"
CLIENTE616,Tempestia,"0,3631874718"
CLIENTE402,Solstheim,"0,363542321"
CLIENTE81,Pillarreach,"0,3635813659"
CLIENTE320,Quasmar,"0,3636353483"
CLIENTE275,Hollowmar,"0,3637497009"
CLIENTE518,Savois,"0,3639040727"
CLIENTE323,Spira,"0,3641745155"
CLIENTE523,Namek,"0,3643851501"
CLIENTE179,Swindale,"0,3647638276"
CLIENTE334,Marineford,"0,364838912"
CLIENTE518,Termina,"0,3648719075"
CLIENTE348,Pausen,"0,3650524092"
CLIENTE113,Noctis,"0,3652044466"
CLIENTE396,Raumor,"0,3652239745"
CLIENTE260,Brakmar,"0,3652314247"
CLIENTE34,Piscara,"0,365526594"
CLIENTE707,Nighthaven,"0,3655778257"
CLIENTE305,Solhara,"0,3658172858"
CLIENTE363,Rocabar,"0,3659965945"
CLIENTE542,Valyria,"0,3661637122"
CLIENTE243,Tahlenwald,"0,3664007513"
CLIENTE358,Stevanor,"0,3664395446"
CLIENTE355,Philgaia,"0,3668958405"
CLIENTE499,Dragmere,"0,3669736997"
CLIENTE448,Sidora,"0,3669979772"
CLIENTE225,Gerudo,"0,366999655"
CLIENTE671,Morrowind,"0,3675184464"
CLIENTE513,Savois,"0,3675566001"
CLIENTE378,Rlyeh,"0,3676031381"
CLIENTE622,Vancross,"0,3682411456"
CLIENTE77,Jadehold,"0,3683482185"
CLIENTE361,Solhara,"0,3685472917"
CLIENTE609,Solhara,"0,3686646126"
CLIENTE549,Azural,"0,3687190471"
CLIENTE291,Eredin,"0,368880522"
CLIENTE108,Alabasta,"0,3689237265"
CLIENTE62,Marineford,"0,369012759"
CLIENTE172,Windscar,"0,3694086569"
CLIENTE550,Askr,"0,3696473866"
CLIENTE292,Konoha,"0,3696554539"
CLIENTE94,Besaid,"0,3698962139"
CLIENTE125,Marineford,"0,370072695"
CLIENTE401,Klunheim,"0,3701077043"
CLIENTE27,Hazoria,"0,3701433642"
CLIENTE392,Windscar,"0,3705529961"
CLIENTE539,Zaphura,"0,3705585683"
CLIENTE604,Viscara,"0,3706534135"
CLIENTE344,Eredin,"0,3707155701"
CLIENTE47,Huern,"0,3708373342"
CLIENTE115,Hollowmar,"0,3708664786"
CLIENTE549,Lothlorien,"0,3709139759"
CLIENTE222,Yeygard,"0,3709326575"
CLIENTE677,Liones,"0,3710171859"
CLIENTE285,Perseon,"0,3710431834"
CLIENTE136,Mountglass,"0,3711043414"
CLIENTE353,Tarbean,"0,3714826738"
CLIENTE564,Mythra,"0,3715942118"
CLIENTE95,Nosgoth,"0,3715956732"
CLIENTE299,Wuhaven,"0,3717440911"
CLIENTE369,Ashkora,"0,3722768832"
CLIENTE230,Skellige,"0,3723812341"
CLIENTE232,Termina,"0,3725222736"
CLIENTE441,Altissia,"0,3727210071"
CLIENTE549,Yjigar,"0,3728040955"
CLIENTE400,Yeygard,"0,3728229786"
CLIENTE356,Fernwall,"0,3729615166"
CLIENTE494,Perseon,"0,3729656811"
CLIENTE189,Greywatch,"0,3730019325"
CLIENTE668,Prontera,"0,3730615758"
CLIENTE307,Kharon,"0,3731251893"
CLIENTE178,Cartheia,"0,3732197418"
CLIENTE121,Yenfall,"0,373356032"
CLIENTE72,Savois,"0,3734200792"
CLIENTE526,Swindale,"0,373508783"
CLIENTE260,Amoneth,"0,373787156"
CLIENTE368,Nighthaven,"0,3738208314"
CLIENTE80,Tartarus,"0,3738513397"
CLIENTE301,Yjigar,"0,3739644399"
CLIENTE266,Muskara,"0,3739667703"
CLIENTE634,Prontera,"0,3739736078"
CLIENTE175,Mythra,"0,3739882219"
CLIENTE252,Koktahl,"0,3740964645"
CLIENTE706,Nyagara,"0,3741982521"
CLIENTE336,Highspire,"0,3743206078"
CLIENTE334,Casperia,"0,3743515397"
CLIENTE575,Liones,"0,3744410231"
CLIENTE440,Lathen,"0,3750318802"
CLIENTE435,Laputa,"0,3754619055"
CLIENTE228,Stonegate,"0,3754680952"
CLIENTE185,Promethea,"0,3755637218"
CLIENTE571,Elysor,"0,3756191743"
CLIENTE172,Skellige,"0,3756641709"
CLIENTE207,Kakariko,"0,3757170434"
CLIENTE662,Osaria,"0,3757931367"
CLIENTE105,Dirtmouth,"0,3758022363"
CLIENTE461,Dornfall,"0,3760134331"
CLIENTE400,Limoria,"0,3760506112"
CLIENTE259,Gerudo,"0,3761309311"
CLIENTE334,Limoria,"0,3761467965"
CLIENTE42,Skyreach,"0,3762733982"
CLIENTE173,Stormhold,"0,3762752706"
CLIENTE305,Elysor,"0,3763697075"
CLIENTE608,Rlyeh,"0,3765173765"
CLIENTE95,Windscar,"0,3767751709"
CLIENTE134,Seireitei,"0,3767900286"
CLIENTE162,Casperia,"0,3767911012"
CLIENTE3,Pillarreach,"0,37700502"
CLIENTE296,Ngorim,"0,3771591597"
CLIENTE277,Targalon,"0,3771886254"
CLIENTE30,Prontera,"0,3774094525"
CLIENTE258,Yeygard,"0,3774621971"
CLIENTE48,Midgar,"0,3777401731"
CLIENTE417,Frosthelm,"0,3777415715"
CLIENTE311,Liones,"0,3779546726"
CLIENTE470,Ulthar,"0,3782963746"
CLIENTE346,Shadowpeak,"0,3784203949"
CLIENTE142,Iskeld,"0,3785751012"
CLIENTE445,Alabasta,"0,3787114877"
CLIENTE485,Dragmere,"0,3787606093"
CLIENTE393,Quasmar,"0,3790458485"
CLIENTE160,Bethlehem,"0,379185909"
CLIENTE263,Helheim,"0,3792513023"
CLIENTE556,Zanarkand,"0,3795183117"
CLIENTE211,Manifold,"0,3796096182"
CLIENTE396,Pangara,"0,3796980746"
CLIENTE17,Lothlorien,"0,3799728526"
CLIENTE624,Kakariko,"0,38002074"
CLIENTE13,Skellige,"0,3800727119"
CLIENTE400,Obsidian,"0,3802779628"
CLIENTE210,Drinmoor,"0,380346596"
CLIENTE476,Nighthaven,"0,3805156336"
CLIENTE289,Ngorim,"0,3806251762"
CLIENTE251,Shadowpeak,"0,3806540705"
CLIENTE169,Thalassar,"0,3806828939"
CLIENTE357,Calcara,"0,3808127321"
CLIENTE452,Zaphura,"0,3810011547"
CLIENTE682,Melvara,"0,3810924396"
CLIENTE532,Chenara,"0,3812265805"
CLIENTE669,Ivalice,"0,3812688177"
CLIENTE633,Morrowind,"0,3817543327"
CLIENTE275,Kobaris,"0,3817571866"
CLIENTE218,Rivenspire,"0,3817856736"
CLIENTE595,Humeria,"0,3819214193"
CLIENTE448,Laputa,"0,3820844679"
CLIENTE500,Lathen,"0,382326316"
CLIENTE148,Calcara,"0,3824624168"
CLIENTE510,Ranskar,"0,3824747066"
CLIENTE668,Dirtmouth,"0,3824796779"
CLIENTE438,Eredin,"0,3826656428"
CLIENTE551,Elzion,"0,3828366038"
CLIENTE662,Hazoria,"0,3828587732"
CLIENTE156,Nassauia,"0,3829182216"
CLIENTE555,Melvara,"0,3829834606"
CLIENTE527,Yokara,"0,3830287356"
CLIENTE76,Ichoris,"0,3831894456"
CLIENTE288,Iyomar,"0,3832098824"
CLIENTE448,Huern,"0,3832730683"
CLIENTE71,Brightfall,"0,3835423839"
CLIENTE581,Mondstadt,"0,3836167006"
CLIENTE151,Raumor,"0,3839517568"
CLIENTE418,Termina,"0,3840031066"
CLIENTE373,Promethea,"0,3840739424"
CLIENTE596,Besaid,"0,3841903141"
CLIENTE683,Jadehold,"0,3842246938"
CLIENTE499,Mountglass,"0,3843267214"
CLIENTE319,Memphos,"0,3844054759"
CLIENTE77,Jakura,"0,3845730268"
CLIENTE447,Greywatch,"0,3846727725"
CLIENTE323,Ykoura,"0,3847907381"
CLIENTE82,Jadehold,"0,3848591743"
CLIENTE642,Resembool,"0,3849348308"
CLIENTE666,Altissia,"0,3850218121"
CLIENTE671,Thalassar,"0,3852100547"
CLIENTE223,Azural,"0,3854490504"
CLIENTE430,Iyomar,"0,3854659336"
CLIENTE257,Kandor,"0,3855091836"
CLIENTE148,Elysor,"0,3857042323"
CLIENTE94,Tartarus,"0,3858277942"
CLIENTE284,Zanarkand,"0,3859342657"
CLIENTE58,Noctis,"0,386177045"
CLIENTE320,Nighthaven,"0,3862748195"
CLIENTE264,Targalon,"0,3862966644"
CLIENTE433,Azural,"0,3863266337"
CLIENTE320,Riorin,"0,3863702812"
CLIENTE707,Koktahl,"0,3864156234"
CLIENTE263,Perseon,"0,3864299001"
CLIENTE310,Piscara,"0,3864933133"
CLIENTE596,Osaria,"0,3864986432"
CLIENTE9,Bethlehem,"0,3866460496"
CLIENTE378,Skyreach,"0,3868158787"
CLIENTE104,Obsidian,"0,3869279737"
CLIENTE288,Yeygard,"0,3869391169"
CLIENTE567,Azkaban,"0,3871498518"
CLIENTE172,Johto,"0,3873479365"
CLIENTE677,Casperia,"0,3874772467"
CLIENTE159,Helheim,"0,3875942217"
CLIENTE699,TwinPillars,"0,3875972362"
CLIENTE13,Ishgard,"0,3879532805"
CLIENTE451,Dornfall,"0,3880579713"
CLIENTE174,Rivenspire,"0,3881836693"
CLIENTE56,Zaphura,"0,3886277557"
CLIENTE304,Azural,"0,3886337353"
CLIENTE533,Manifold,"0,3886613509"
CLIENTE133,Nurmengard,"0,3891453095"
CLIENTE469,Seireitei,"0,3892186724"
CLIENTE709,Liones,"0,3893558437"
CLIENTE377,Kragspire,"0,3895202269"
CLIENTE269,Savois,"0,3895396922"
CLIENTE689,Skyreach,"0,3896006873"
CLIENTE411,Northfall,"0,3896140072"
CLIENTE289,Lochbar,"0,3897122006"
CLIENTE493,Zanarkand,"0,3898247788"
CLIENTE9,Osaria,"0,3900516393"
CLIENTE165,Sethera,"0,3900661576"
CLIENTE125,Azkaban,"0,3901198135"
CLIENTE56,Kragspire,"0,3901284631"
CLIENTE600,Ashkora,"0,3901977299"
CLIENTE686,Deliora,"0,3902626552"
CLIENTE636,Rlyeh,"0,3902890346"
CLIENTE690,Rocabar,"0,3904417039"
CLIENTE217,Mythra,"0,3905190212"
CLIENTE317,Deepwater,"0,3906799554"
CLIENTE642,Stonegate,"0,3908049689"
CLIENTE50,Skellige,"0,3908446581"
CLIENTE307,Ishgard,"0,391038631"
CLIENTE245,Chenara,"0,3910409592"
CLIENTE65,Jadehold,"0,3913473786"
CLIENTE469,Tutira,"0,3914310042"
CLIENTE221,Rivenspire,"0,3914526175"
CLIENTE150,Dornfall,"0,3914882866"
CLIENTE643,Haldryn,"0,3915862488"
CLIENTE106,Ishgard,"0,3916451828"
CLIENTE373,Jindara,"0,3918396199"
CLIENTE323,Dirtmouth,"0,3918468611"
CLIENTE255,Deepwater,"0,3918526938"
CLIENTE692,Liones,"0,391882377"
CLIENTE78,Lothlorien,"0,3918886173"
CLIENTE18,Sethera,"0,3919884332"
CLIENTE341,Qineth,"0,3920467435"
CLIENTE508,Vancross,"0,3920534779"
CLIENTE296,Vancross,"0,3921022366"
CLIENTE389,Rlyeh,"0,3922895571"
CLIENTE137,Memphos,"0,3923122979"
CLIENTE304,Zanarkand,"0,3923879963"
CLIENTE260,Pandora,"0,3925972248"
CLIENTE251,Ulthar,"0,3926730236"
CLIENTE646,Vancross,"0,3929552327"
CLIENTE582,Tarbean,"0,3930789135"
CLIENTE66,Rlyeh,"0,3931038412"
CLIENTE369,Aeusserst,"0,3933764778"
CLIENTE81,Tchurion,"0,3934964528"
CLIENTE265,Askr,"0,3935622862"
CLIENTE498,Hazoria,"0,3937306758"
CLIENTE385,Uinhold,"0,3937671385"
CLIENTE219,Surakai,"0,3938804168"
CLIENTE508,Ranskar,"0,3938954734"
CLIENTE359,Besaid,"0,3940983159"
CLIENTE640,Drinmoor,"0,3941369798"
CLIENTE231,Midgar,"0,3943230698"
CLIENTE589,Solhara,"0,3944948956"
CLIENTE561,Brakmar,"0,394572807"
CLIENTE582,Midgar,"0,3945985539"
CLIENTE233,Amoneth,"0,3946482206"
CLIENTE190,Targalon,"0,394969235"
CLIENTE43,Qineth,"0,3952690911"
CLIENTE476,Gerudo,"0,3953849507"
CLIENTE79,Walden,"0,3954493582"
CLIENTE489,Lochbar,"0,3954514127"
CLIENTE678,Grimvale,"0,3954655844"
CLIENTE277,Piscara,"0,3954984116"
CLIENTE312,Khengar,"0,3955113813"
CLIENTE200,Amoneth,"0,395522548"
CLIENTE235,Zuldazar,"0,3955897878"
CLIENTE626,Jakura,"0,3957467171"
CLIENTE68,Nibelheim,"0,3958855069"
CLIENTE584,Dornfall,"0,3959140535"
CLIENTE624,Wuhaven,"0,3961186447"
CLIENTE427,Viscara,"0,3961400351"
CLIENTE20,Pandora,"0,3963293788"
CLIENTE309,Gerudo,"0,3963852933"
CLIENTE384,Tuxara,"0,3964073552"
CLIENTE25,Alabasta,"0,3967026612"
CLIENTE575,Askr,"0,3968659978"
CLIENTE606,Cartheia,"0,397195836"
CLIENTE162,Valisthea,"0,3973974441"
CLIENTE297,Grimvale,"0,3974112568"
CLIENTE585,Aeusserst,"0,397581155"
CLIENTE218,Sableport,"0,3977300123"
CLIENTE704,Pangara,"0,3977773199"
CLIENTE649,Xinthar,"0,3980237497"
CLIENTE403,Ngorim,"0,3980245922"
CLIENTE479,Nighthaven,"0,3981000853"
CLIENTE578,Aeusserst,"0,3982206314"
CLIENTE5,Cartheia,"0,39823925"
CLIENTE448,Yeygard,"0,3986842048"
CLIENTE389,Shadowpeak,"0,3987088041"
CLIENTE453,Pandora,"0,3987422902"
CLIENTE124,Stormhold,"0,3987545407"
CLIENTE298,Rocabar,"0,3987805293"
CLIENTE73,Tchurion,"0,3988251135"
CLIENTE469,Koktahl,"0,3988441164"
CLIENTE598,Yjigar,"0,3989427387"
CLIENTE251,Stonegate,"0,3991105309"
CLIENTE15,Melvara,"0,3991548438"
CLIENTE676,Dornfall,"0,3992831625"
CLIENTE491,Nassauia,"0,3992978712"
CLIENTE437,Liones,"0,3994043275"
CLIENTE284,Lathen,"0,3997947585"
CLIENTE276,Piscara,"0,399855201"
CLIENTE494,Pandora,"0,3999314661"
CLIENTE603,Brightfall,"0,4000786903"
CLIENTE371,Azkaban,"0,4002453227"
CLIENTE573,Prontera,"0,4003477523"
CLIENTE163,Skyreach,"0,4003662969"
CLIENTE368,Tartarus,"0,4003764595"
CLIENTE298,Swindale,"0,4005912388"
CLIENTE68,Inoria,"0,4005936313"
CLIENTE292,Tahlenwald,"0,4006156827"
CLIENTE651,Brakmar,"0,4006424266"
CLIENTE301,Zanarkand,"0,4006436702"
CLIENTE581,Ykoura,"0,4006662515"
CLIENTE587,Ichoris,"0,4006805358"
CLIENTE395,Amoneth,"0,400708898"
CLIENTE185,Vancross,"0,4007820158"
CLIENTE665,Yokara,"0,4007930482"
CLIENTE539,Jindara,"0,4008591389"
CLIENTE560,Lathen,"0,4009561527"
CLIENTE112,Memphos,"0,4012478935"
CLIENTE78,Midgar,"0,401523292"
CLIENTE238,Zanarkand,"0,4017372118"
CLIENTE299,Ykoura,"0,4017943913"
CLIENTE389,Eredin,"0,4018210005"
CLIENTE176,Ichoris,"0,4018305165"
CLIENTE173,Noctis,"0,4022067419"
CLIENTE702,Northfall,"0,4022434417"
CLIENTE439,Koktahl,"0,4024407442"
CLIENTE547,Raumor,"0,4024875759"
CLIENTE489,Eredin,"0,402590017"
CLIENTE681,Kakariko,"0,4026304133"
CLIENTE498,Pausen,"0,4027494403"
CLIENTE436,Ivalice,"0,402803537"
CLIENTE619,Askr,"0,402914709"
CLIENTE613,Thalassar,"0,4031684757"
CLIENTE67,Mountglass,"0,4032595553"
CLIENTE560,Tomarath,"0,4033239039"
CLIENTE607,Viscara,"0,4033359166"
CLIENTE406,Posthaven,"0,403536561"
CLIENTE443,Walden,"0,4036419754"
CLIENTE467,Inoria,"0,4036922492"
CLIENTE140,Deliora,"0,4039174518"
CLIENTE587,Helheim,"0,4040722498"
CLIENTE8,Deliora,"0,4041765746"
CLIENTE111,Sethera,"0,4042684393"
CLIENTE301,Alabasta,"0,4044411348"
CLIENTE406,Konoha,"0,4044570352"
CLIENTE695,Uinhold,"0,4045392363"
CLIENTE429,Koktahl,"0,4047841226"
CLIENTE257,Perseon,"0,4049319025"
CLIENTE140,Yokara,"0,4053578535"
CLIENTE10,Sableport,"0,4053723201"
CLIENTE411,Vancross,"0,4055648826"
CLIENTE543,Amoneth,"0,4056806361"
CLIENTE293,Namek,"0,4057790407"
CLIENTE393,Yenfall,"0,4058289467"
CLIENTE105,Noctis,"0,405841832"
CLIENTE562,Frosthelm,"0,4058705176"
CLIENTE148,Amoneth,"0,4058734371"
CLIENTE317,Amoneth,"0,4059027718"
CLIENTE102,Ironfall,"0,4059334591"
CLIENTE14,Mountglass,"0,406015666"
CLIENTE706,Sectorium,"0,406777132"
CLIENTE639,Ykoura,"0,4070546788"
CLIENTE283,Namek,"0,4070940398"
CLIENTE353,Casperia,"0,4073270069"
CLIENTE350,Tchurion,"0,4073648083"
CLIENTE132,Stormbar,"0,4077142667"
CLIENTE409,Kharon,"0,407735475"
CLIENTE599,Aeusserst,"0,4081318076"
CLIENTE389,Lothlorien,"0,4082465645"
CLIENTE471,Nyagara,"0,4083057278"
CLIENTE453,Aeusserst,"0,4083444051"
CLIENTE58,Dragmere,"0,4084456092"
CLIENTE401,Spira,"0,4085236253"
CLIENTE69,Lochbar,"0,4085570096"
CLIENTE51,Mondstadt,"0,4086757357"
CLIENTE482,Lothlorien,"0,4086771866"
CLIENTE413,Mountglass,"0,4088345907"
CLIENTE347,Savois,"0,4088533729"
CLIENTE17,Pausen,"0,409231618"
CLIENTE573,Surakai,"0,4092640399"
CLIENTE78,Salvaris,"0,4093184549"
CLIENTE607,Jindara,"0,4094089119"
CLIENTE273,Pillarreach,"0,4096739562"
CLIENTE23,Deepwater,"0,4097740728"
CLIENTE586,Solstheim,"0,4099376084"
CLIENTE492,Eredin,"0,4100376338"
CLIENTE14,Nighthaven,"0,4100820874"
CLIENTE340,Grimvale,"0,4103805796"
CLIENTE489,Tahlenwald,"0,410611785"
CLIENTE604,Tartarus,"0,4107189089"
CLIENTE704,Manshade,"0,4107732746"
CLIENTE331,Calcara,"0,4112066085"
CLIENTE134,Yjigar,"0,4112113985"
CLIENTE84,Savois,"0,4112269771"
CLIENTE230,Paldea,"0,4112637551"
CLIENTE516,Drinmoor,"0,4114204902"
CLIENTE68,Spira,"0,4114221353"
CLIENTE91,Alabasta,"0,411492346"
CLIENTE343,Dirtmouth,"0,4115565007"
CLIENTE62,Termina,"0,4116179996"
CLIENTE52,Winhill,"0,4117822275"
CLIENTE304,Noctis,"0,4118593162"
CLIENTE425,Tomarath,"0,4119186837"
CLIENTE519,Nyagara,"0,4121049471"
CLIENTE611,Elzion,"0,412105776"
CLIENTE349,Kakariko,"0,4121543949"
CLIENTE227,Rocabar,"0,4122161847"
CLIENTE132,Spira,"0,412384785"
CLIENTE644,Philgaia,"0,4124543195"
CLIENTE174,Eredin,"0,4124810656"
CLIENTE109,Promethea,"0,4126024837"
CLIENTE379,Marineford,"0,4126187271"
CLIENTE248,Skyreach,"0,4126592693"
CLIENTE418,Pausen,"0,4127577575"
CLIENTE658,Pausen,"0,4127620751"
CLIENTE542,Sidora,"0,4128988441"
CLIENTE589,Jadehold,"0,4129237649"
CLIENTE40,Philgaia,"0,4130343688"
CLIENTE534,Posthaven,"0,4136383529"
CLIENTE76,Elysor,"0,413727526"
CLIENTE185,Gerudo,"0,4141701566"
CLIENTE302,Morrowind,"0,4143066015"
CLIENTE339,Humeria,"0,4143670283"
CLIENTE318,Sidora,"0,4144124384"
CLIENTE349,Greywatch,"0,4145643716"
CLIENTE670,Nyagara,"0,4146409343"
CLIENTE629,Yeygard,"0,4148246184"
CLIENTE613,Wuhaven,"0,415060127"
CLIENTE143,Gerudo,"0,4151589055"
CLIENTE384,Nosgoth,"0,4151949183"
CLIENTE609,Elzion,"0,4152181718"
CLIENTE680,Ichoris,"0,4152401621"
CLIENTE380,Kandor,"0,4153622355"
CLIENTE302,Mountglass,"0,4154859772"
CLIENTE302,Aeusserst,"0,4155948454"
CLIENTE206,Jadehold,"0,4157583693"
CLIENTE416,Surakai,"0,4159778208"
CLIENTE565,Ngorim,"0,4160226825"
CLIENTE465,Nibelheim,"0,4167381077"
CLIENTE233,Humeria,"0,4167645452"
CLIENTE350,Yatora,"0,4168896087"
CLIENTE268,Viscara,"0,4172021123"
CLIENTE476,Lochbar,"0,4173732053"
CLIENTE499,Ulthar,"0,4174900804"
CLIENTE161,Humeria,"0,4176549871"
CLIENTE201,Sableport,"0,4176935378"
CLIENTE568,Melvara,"0,4178498882"
CLIENTE339,Riorin,"0,4182335092"
CLIENTE559,Khengar,"0,4182571423"
CLIENTE695,Azkaban,"0,4183674941"
CLIENTE29,Laputa,"0,4185461697"
CLIENTE665,Northfall,"0,4185873648"
CLIENTE631,Winhill,"0,4186527888"
CLIENTE149,Imre,"0,4190275076"
CLIENTE344,Valisthea,"0,4190497309"
CLIENTE1,Tempestia,"0,4190787078"
CLIENTE140,Rocabar,"0,4191303922"
CLIENTE619,Sidora,"0,4192461804"
CLIENTE314,Uinhold,"0,4195049479"
CLIENTE51,Sidora,"0,4197321476"
CLIENTE668,Winhill,"0,4198252945"
CLIENTE369,Mythra,"0,4200986262"
CLIENTE557,Brightfall,"0,4203225123"
CLIENTE565,Tartarus,"0,420368253"
CLIENTE274,Brakmar,"0,4205436203"
CLIENTE371,Osaria,"0,4206331215"
CLIENTE617,Tartarus,"0,4206617756"
CLIENTE551,Huern,"0,4206795393"
CLIENTE370,Philgaia,"0,420679671"
CLIENTE353,Deeptrench,"0,4207470363"
CLIENTE557,Paldea,"0,4209714789"
CLIENTE576,Eredin,"0,4211973151"
CLIENTE536,Mountglass,"0,4214582551"
CLIENTE497,Swindale,"0,4216099825"
CLIENTE194,Laputa,"0,4216804702"
CLIENTE237,Shadowpeak,"0,4217967058"
CLIENTE678,Spira,"0,4218528509"
CLIENTE153,Sectorium,"0,4218803458"
CLIENTE276,Sableport,"0,42201868"
CLIENTE623,Calcara,"0,4222425242"
CLIENTE492,Viscara,"0,4222547273"
CLIENTE137,Stormbar,"0,4222665035"
CLIENTE446,Hollowmar,"0,422367517"
CLIENTE483,Melvara,"0,4225118347"
CLIENTE467,Midgar,"0,4225236256"
CLIENTE540,Koktahl,"0,4226847364"
CLIENTE87,Uinhold,"0,4229698502"
CLIENTE92,Helheim,"0,4229917766"
CLIENTE465,Vancross,"0,4230625042"
CLIENTE532,Fernwall,"0,4232412102"
CLIENTE490,Ranskar,"0,4232428497"
CLIENTE97,Yatora,"0,4233899183"
CLIENTE550,Calcara,"0,4235298245"
CLIENTE692,Nenaris,"0,4236338872"
CLIENTE405,Klunheim,"0,4238172323"
CLIENTE639,Calcara,"0,4239797575"
CLIENTE678,Deeptrench,"0,4239966032"
CLIENTE197,Ykoura,"0,4242856122"
CLIENTE500,Yenfall,"0,424512754"
CLIENTE411,Seireitei,"0,4246703879"
CLIENTE152,Glenhaven,"0,4246953657"
CLIENTE711,Manshade,"0,4247234718"
CLIENTE446,Mondstadt,"0,4248094828"
CLIENTE104,Qineth,"0,4248103819"
CLIENTE250,Resembool,"0,4248594418"
CLIENTE142,Hogwarts,"0,4250865561"
CLIENTE384,Nibelheim,"0,4257530933"
CLIENTE431,Kandor,"0,4257563503"
CLIENTE542,Promethea,"0,4258241837"
CLIENTE239,Elzion,"0,4259894405"
CLIENTE260,Khengar,"0,4260093491"
CLIENTE281,Stevanor,"0,4261107252"
CLIENTE541,Winhill,"0,4261527369"
CLIENTE345,Ishgard,"0,4266039237"
CLIENTE295,Marineford,"0,4268813392"
CLIENTE713,Melvara,"0,4270147135"
CLIENTE535,Yenfall,"0,4270753621"
CLIENTE610,Kharon,"0,4270906218"
CLIENTE211,Windscar,"0,4272974574"
CLIENTE30,Ranskar,"0,4274455861"
CLIENTE576,Tahlenwald,"0,4275167713"
CLIENTE131,Alabasta,"0,4275389581"
CLIENTE208,Nyagara,"0,4275965101"
CLIENTE53,Midgar,"0,4278305017"
CLIENTE263,Sethera,"0,4280193831"
CLIENTE526,Northfall,"0,428061519"
CLIENTE197,Tomarath,"0,4280710747"
CLIENTE37,Paldea,"0,4282432018"
CLIENTE487,Pangara,"0,4285014093"
CLIENTE359,Northfall,"0,4285068044"
CLIENTE517,Salvaris,"0,4285578322"
CLIENTE690,Zuldazar,"0,4286516648"
CLIENTE248,Laputa,"0,4287940621"
CLIENTE514,Osaria,"0,4289916451"
CLIENTE273,Elysor,"0,4292041611"
CLIENTE2,Laputa,"0,4292365454"
CLIENTE60,Huern,"0,4292391609"
CLIENTE365,Manifold,"0,4292563038"
CLIENTE450,Tartarus,"0,4293592131"
CLIENTE665,Surakai,"0,4295313431"
CLIENTE440,Humeria,"0,4296446515"
CLIENTE571,Piscara,"0,4299711456"
CLIENTE713,Drinmoor,"0,4300725911"
CLIENTE687,Gerudo,"0,4300973727"
CLIENTE233,Rocabar,"0,4303976388"
CLIENTE621,Deliora,"0,4304043138"
CLIENTE17,Lochbar,"0,4304993719"
CLIENTE268,Yjigar,"0,4305559674"
CLIENTE394,Ishgard,"0,430672105"
CLIENTE690,Uinhold,"0,4307268325"
CLIENTE542,Zanarkand,"0,4308015229"
CLIENTE290,Yjigar,"0,4309936319"
CLIENTE274,Brightfall,"0,4310744173"
CLIENTE600,Mountglass,"0,4316885948"
CLIENTE505,Muskara,"0,4317686666"
CLIENTE521,Shadowpeak,"0,4317937061"
CLIENTE481,Jindara,"0,4320637148"
CLIENTE118,Vancross,"0,4321103655"
CLIENTE579,Nyagara,"0,4321842554"
CLIENTE503,Salvaris,"0,4324207731"
CLIENTE96,Stevanor,"0,4324928601"
CLIENTE190,Raumor,"0,4325483425"
CLIENTE283,Elysor,"0,4325502136"
CLIENTE605,Nassauia,"0,432643143"
CLIENTE285,Ashkora,"0,4327526842"
CLIENTE305,Mountglass,"0,4329810979"
CLIENTE335,Noctis,"0,4330089312"
CLIENTE642,Yeygard,"0,4331082551"
CLIENTE90,Jindara,"0,4334394097"
CLIENTE354,Valisthea,"0,4335568526"
CLIENTE150,Cairhien,"0,4336243945"
CLIENTE410,Promethea,"0,4338564797"
CLIENTE143,Savois,"0,4342955608"
CLIENTE471,Bethlehem,"0,4343593481"
CLIENTE84,Cairhien,"0,4343902449"
CLIENTE419,Ishgard,"0,4345091486"
CLIENTE288,Haldryn,"0,4345395978"
CLIENTE60,Tuxara,"0,4346349405"
CLIENTE109,Marineford,"0,4346488505"
CLIENTE385,Inoria,"0,4347619823"
CLIENTE359,Piscara,"0,4347928768"
CLIENTE455,Quasmar,"0,4349159174"
CLIENTE292,Sectorium,"0,4352836086"
CLIENTE49,Uinhold,"0,4354678933"
CLIENTE61,Askr,"0,4354967777"
CLIENTE161,Walden,"0,4355493548"
CLIENTE510,Muskara,"0,4356552278"
CLIENTE540,Viscara,"0,4357058834"
CLIENTE242,Shadowpeak,"0,4357757501"
CLIENTE32,Jadehold,"0,4358695625"
CLIENTE257,Winhill,"0,4358749683"
CLIENTE240,Winhill,"0,4359561553"
CLIENTE501,Wuhaven,"0,4359916165"
CLIENTE560,Lochbar,"0,4361476526"
CLIENTE148,Tuxara,"0,4362440416"
CLIENTE19,Ichoris,"0,4366724038"
CLIENTE400,Mountglass,"0,4366932543"
CLIENTE445,Obsidian,"0,4368968773"
CLIENTE335,Klunheim,"0,4370791655"
CLIENTE60,Bethlehem,"0,4372360242"
CLIENTE599,Iyomar,"0,437261386"
CLIENTE134,Pandora,"0,4373591149"
CLIENTE516,Limoria,"0,4373827209"
CLIENTE475,Lochbar,"0,4375188384"
CLIENTE598,Skyreach,"0,4375778993"
CLIENTE569,Brakmar,"0,4377520849"
CLIENTE338,Frosthelm,"0,4377540776"
CLIENTE581,Memphos,"0,4377929279"
CLIENTE153,Grimvale,"0,4378171008"
CLIENTE354,Memphos,"0,4378999044"
CLIENTE101,Stonegate,"0,4380153082"
CLIENTE83,Duskwall,"0,4380873341"
CLIENTE29,Deeptrench,"0,4381237036"
CLIENTE80,Deliora,"0,4381430691"
CLIENTE672,Ichoris,"0,4384921672"
CLIENTE389,Kharon,"0,4387865045"
CLIENTE182,Ossandor,"0,4388594164"
CLIENTE136,Gerudo,"0,4389073018"
CLIENTE597,Tomarath,"0,438951945"
CLIENTE612,Surakai,"0,4389751458"
CLIENTE288,Casperia,"0,4390658368"
CLIENTE544,Nassauia,"0,4390698978"
CLIENTE449,Tempestia,"0,4392358258"
CLIENTE445,Memphos,"0,43946013"
CLIENTE227,Hyrule,"0,4394735115"
CLIENTE134,Prontera,"0,4395888055"
CLIENTE214,Vancross,"0,4398487422"
CLIENTE595,Seireitei,"0,43989322"
CLIENTE10,Gerudo,"0,4399922488"
CLIENTE263,Azural,"0,4402347967"
CLIENTE263,Galdrin,"0,4403006762"
CLIENTE706,Nibelheim,"0,4403914702"
CLIENTE559,Highspire,"0,4404422806"
CLIENTE383,Deeptrench,"0,4404614417"
CLIENTE686,Osaria,"0,4404653343"
CLIENTE244,Dornfall,"0,4405132144"
CLIENTE183,Aeusserst,"0,4405199339"
CLIENTE124,Jadehold,"0,4406721582"
CLIENTE207,Chenara,"0,4406790242"
CLIENTE328,Savois,"0,4407352133"
CLIENTE377,Ossandor,"0,4407598435"
CLIENTE515,Nighthaven,"0,4411193809"
CLIENTE694,Pillarreach,"0,4411422332"
CLIENTE416,Limoria,"0,4411439209"
CLIENTE408,Memphos,"0,4413026886"
CLIENTE146,Glenhaven,"0,4414395738"
CLIENTE286,Osaria,"0,4414437402"
CLIENTE249,Tuxara,"0,441661478"
CLIENTE155,Uinhold,"0,4418736684"
CLIENTE410,Lochbar,"0,4419988673"
CLIENTE694,Northfall,"0,4421983351"
CLIENTE698,Altissia,"0,4422019117"
CLIENTE301,Stormhold,"0,4422477112"
CLIENTE295,Sidora,"0,4423223667"
CLIENTE672,Mythra,"0,4428791814"
CLIENTE193,Hazoria,"0,4429042588"
CLIENTE314,Viscara,"0,4429992348"
CLIENTE531,Humeria,"0,4430404624"
CLIENTE47,Casperia,"0,4431484841"
CLIENTE323,Bethlehem,"0,4431760472"
CLIENTE436,Calcara,"0,443312284"
CLIENTE211,Sectorium,"0,4433892843"
CLIENTE510,Jindara,"0,4434884554"
CLIENTE469,Zanarkand,"0,4436897418"
CLIENTE261,Prontera,"0,4436973651"
CLIENTE198,Quasmar,"0,4438868008"
CLIENTE242,Nosgoth,"0,4439938541"
CLIENTE89,Imre,"0,4443301996"
CLIENTE568,Salvaris,"0,4443557822"
CLIENTE252,Posthaven,"0,4444924"
CLIENTE385,Sidora,"0,4445658513"
CLIENTE276,Aeusserst,"0,4447337364"
CLIENTE398,Azkaban,"0,4448612309"
CLIENTE485,Tempestia,"0,4450300118"
CLIENTE679,Mondstadt,"0,4450937796"
CLIENTE61,Calcara,"0,4451463067"
CLIENTE317,Zuldazar,"0,4451873513"
CLIENTE186,Yenfall,"0,4452223111"
CLIENTE147,Marineford,"0,4452432712"
CLIENTE499,Memphos,"0,4452476555"
CLIENTE255,Bethlehem,"0,4452866467"
CLIENTE445,Midgar,"0,4456402975"
CLIENTE189,Tchurion,"0,4456489193"
CLIENTE31,Mondstadt,"0,4458685902"
CLIENTE209,Ashkora,"0,4459402349"
CLIENTE341,Huern,"0,4460499503"
CLIENTE83,Konoha,"0,446334632"
CLIENTE359,Stevanor,"0,446597541"
CLIENTE217,Savois,"0,4470757091"
CLIENTE262,Yatora,"0,447094814"
CLIENTE626,Stormhold,"0,4471201126"
CLIENTE5,Inoria,"0,4474745572"
CLIENTE136,Rlyeh,"0,447487876"
CLIENTE636,Lyngard,"0,4475329872"
CLIENTE196,Bethlehem,"0,4479748339"
CLIENTE624,Gerudo,"0,4479802485"
CLIENTE507,Promethea,"0,4480615572"
CLIENTE518,Kobaris,"0,4481610145"
CLIENTE92,Koktahl,"0,448427088"
CLIENTE431,Ulthar,"0,4487390758"
CLIENTE63,Valyria,"0,4490042695"
CLIENTE600,Casperia,"0,4491800899"
CLIENTE1,Klunheim,"0,4492731582"
CLIENTE561,Spira,"0,4494075968"
CLIENTE580,Nibelheim,"0,4494090114"
CLIENTE556,Seireitei,"0,4496778351"
CLIENTE365,Rivenspire,"0,4498264274"
CLIENTE491,Ashkora,"0,4500611758"
CLIENTE518,Memphos,"0,4501663663"
CLIENTE371,Limoria,"0,4501968438"
CLIENTE571,Valisthea,"0,4502850051"
CLIENTE118,Solstheim,"0,4503223136"
CLIENTE446,Tomarath,"0,4505236977"
CLIENTE146,Solstheim,"0,4505327472"
CLIENTE691,Uinhold,"0,4506070304"
CLIENTE68,Northfall,"0,4506531811"
CLIENTE180,Swindale,"0,4506558071"
CLIENTE132,Swindale,"0,4506689186"
CLIENTE429,Ichoris,"0,4507636287"
CLIENTE490,Amoneth,"0,4507914943"
CLIENTE270,Skyreach,"0,4507983578"
CLIENTE413,Osaria,"0,4508532755"
CLIENTE275,Nighthaven,"0,4508761299"
CLIENTE666,Lochbar,"0,4509675774"
CLIENTE451,Duskwall,"0,4513416401"
CLIENTE28,Khengar,"0,4514563493"
CLIENTE266,Salvaris,"0,4515683898"
CLIENTE429,Drinmoor,"0,4515772321"
CLIENTE389,Elysor,"0,4516371772"
CLIENTE654,Zuldazar,"0,4517467422"
CLIENTE692,Yjigar,"0,4518787575"
CLIENTE710,Askr,"0,4520210858"
CLIENTE430,Seireitei,"0,452204301"
CLIENTE286,Sableport,"0,4522421313"
CLIENTE346,Deeptrench,"0,4523076901"
CLIENTE545,Deliora,"0,4523097984"
CLIENTE613,TwinPillars,"0,4524013043"
CLIENTE304,Tartarus,"0,4524846468"
CLIENTE245,Helheim,"0,4525403578"
CLIENTE413,Elzion,"0,4525828178"
CLIENTE361,Cairhien,"0,4528351891"
CLIENTE238,Stormhold,"0,4529016073"
CLIENTE525,Tuxara,"0,452901608"
CLIENTE35,Ykoura,"0,453128896"
CLIENTE698,Lochbar,"0,4532056354"
CLIENTE528,Lyngard,"0,4532080491"
CLIENTE648,Nibelheim,"0,4533243357"
CLIENTE312,Kakariko,"0,453477757"
CLIENTE579,Huern,"0,4534808854"
CLIENTE648,Nenaris,"0,4534860228"
CLIENTE439,Zanarkand,"0,4535026574"
CLIENTE427,Konoha,"0,4535938661"
CLIENTE350,Nighthaven,"0,4536611928"
CLIENTE554,Seireitei,"0,4536995533"
CLIENTE660,Iyomar,"0,4539168245"
CLIENTE172,Kharon,"0,4540297445"
CLIENTE207,Eredin,"0,4541847322"
CLIENTE77,Memphos,"0,4542273317"
CLIENTE59,Drinmoor,"0,4542770016"
CLIENTE373,Zanarkand,"0,454294129"
CLIENTE26,Yeygard,"0,4543174774"
CLIENTE677,Yjigar,"0,4547072859"
CLIENTE666,Laputa,"0,4547829329"
CLIENTE151,Ivalice,"0,4548002872"
CLIENTE70,Paldea,"0,4548648415"
CLIENTE328,Glenhaven,"0,4548673304"
CLIENTE386,Ashkora,"0,4549999319"
CLIENTE494,Nurmengard,"0,4551021945"
CLIENTE167,Ngorim,"0,4551886116"
CLIENTE356,Tutira,"0,4552959193"
CLIENTE484,Skyreach,"0,4555716658"
CLIENTE600,Nassauia,"0,4557032012"
CLIENTE376,Cartheia,"0,4558653339"
CLIENTE176,Posthaven,"0,4559087254"
CLIENTE449,Muskara,"0,4560129524"
CLIENTE507,Osaria,"0,4561788146"
CLIENTE545,Xinthar,"0,4564237549"
CLIENTE364,Piscara,"0,4564806032"
CLIENTE664,Elysor,"0,4566220446"
CLIENTE42,Tahlenwald,"0,4568617623"
CLIENTE635,Yeygard,"0,4569194921"
CLIENTE121,Yokara,"0,4569711494"
CLIENTE196,Johto,"0,4570589645"
CLIENTE367,Zaphura,"0,4573132267"
CLIENTE275,Grimvale,"0,4573443376"
CLIENTE239,Hogwarts,"0,4574510568"
CLIENTE119,Solstheim,"0,4574567532"
CLIENTE517,Duskwall,"0,4575028118"
CLIENTE557,Azkaban,"0,457672638"
CLIENTE533,Wuhaven,"0,4578508341"
CLIENTE437,Pangara,"0,4578883982"
CLIENTE134,Dragmere,"0,4579060537"
CLIENTE94,Ulthar,"0,4580204821"
CLIENTE595,Cairhien,"0,4580958002"
CLIENTE482,Yjigar,"0,4581835468"
CLIENTE545,Viscara,"0,4583592926"
CLIENTE515,Inoria,"0,4585384411"
CLIENTE172,Nassauia,"0,4586861114"
CLIENTE456,Liones,"0,4588747991"
CLIENTE527,Iskeld,"0,4589105568"
CLIENTE640,Huern,"0,4590974741"
CLIENTE451,Prontera,"0,4591168095"
CLIENTE657,Vancross,"0,4592014296"
CLIENTE599,Nurmengard,"0,4592875244"
CLIENTE635,Thalassar,"0,4593237624"
CLIENTE513,Ironfall,"0,459399226"
CLIENTE443,Targalon,"0,4597127405"
CLIENTE553,Solstheim,"0,459716938"
CLIENTE574,Nibelheim,"0,4599420196"
CLIENTE342,Koktahl,"0,4601104363"
CLIENTE109,Kakariko,"0,460394401"
CLIENTE307,Philgaia,"0,4604153269"
CLIENTE304,Nibelheim,"0,4605421554"
CLIENTE698,Valyria,"0,4606618028"
CLIENTE237,Nighthaven,"0,460787252"
CLIENTE73,Rivenspire,"0,4609073086"
CLIENTE672,Kandor,"0,4610163835"
CLIENTE428,Spira,"0,4611267782"
CLIENTE64,Fernwall,"0,4611354587"
CLIENTE640,Nighthaven,"0,4611627585"
CLIENTE124,Vancross,"0,4612777974"
CLIENTE85,Frosthelm,"0,4613564562"
CLIENTE272,Brightfall,"0,4614336879"
CLIENTE375,Zanarkand,"0,4614570254"
CLIENTE16,Frosthelm,"0,4615393517"
CLIENTE389,Humeria,"0,4616307221"
CLIENTE294,Sectorium,"0,461862203"
CLIENTE236,Sethera,"0,4619250685"
CLIENTE332,Kragspire,"0,461973995"
CLIENTE427,Stevanor,"0,4621301662"
CLIENTE408,Piscara,"0,4622392068"
CLIENTE408,Surakai,"0,4622490751"
CLIENTE14,Tarbean,"0,4622854776"
CLIENTE562,Skellige,"0,4623166616"
CLIENTE697,Nassauia,"0,4625865364"
CLIENTE99,Walden,"0,4626600162"
CLIENTE259,Stonegate,"0,4627724625"
CLIENTE286,Hollowmar,"0,4627947512"
CLIENTE241,Targalon,"0,4628920693"
CLIENTE58,Manifold,"0,4629286954"
CLIENTE531,Imre,"0,4631579312"
CLIENTE494,Targalon,"0,4633392118"
CLIENTE434,Philgaia,"0,4637126153"
CLIENTE378,Morrowind,"0,4639206404"
CLIENTE77,Riorin,"0,4639505124"
CLIENTE653,Xinthar,"0,4640364297"
CLIENTE342,Mythra,"0,4640549711"
CLIENTE570,Stormbar,"0,4641203463"
CLIENTE585,Dragmere,"0,4641438518"
CLIENTE526,Liones,"0,464151633"
CLIENTE519,Azural,"0,4642181785"
CLIENTE324,Kakariko,"0,4642193599"
CLIENTE311,Deliora,"0,4642557015"
CLIENTE85,Limoria,"0,4643042701"
CLIENTE481,Johto,"0,4643378303"
CLIENTE477,Khengar,"0,4644381222"
CLIENTE449,Helheim,"0,4646197291"
CLIENTE284,Duskwall,"0,464722551"
CLIENTE22,Tempestia,"0,4647529474"
CLIENTE530,Osaria,"0,4648423768"
CLIENTE428,Chenara,"0,4649163369"
CLIENTE27,Swindale,"0,4650321032"
CLIENTE593,Greywatch,"0,4651065698"
CLIENTE318,Tuxara,"0,4651150894"
CLIENTE711,Kobaris,"0,4652371973"
CLIENTE583,Valyria,"0,465338288"
CLIENTE104,Brightfall,"0,4654804188"
CLIENTE634,Surakai,"0,4656512329"
CLIENTE208,Posthaven,"0,4657017081"
CLIENTE654,Yeygard,"0,4657266476"
CLIENTE529,Sectorium,"0,4657300955"
CLIENTE332,Tuxara,"0,4657383354"
CLIENTE13,Humeria,"0,465794238"
CLIENTE535,Lathen,"0,4658111695"
CLIENTE461,Seireitei,"0,4658926051"
CLIENTE415,Nighthaven,"0,4659350653"
CLIENTE529,Grimvale,"0,4659350771"
CLIENTE93,Altissia,"0,4660853645"
CLIENTE222,Marineford,"0,4661872226"
CLIENTE581,Laputa,"0,4662147838"
CLIENTE52,Ashkora,"0,4663046779"
CLIENTE694,Hollowmar,"0,4665082546"
CLIENTE503,Dirtmouth,"0,4665440635"
CLIENTE397,Kharon,"0,466589396"
CLIENTE475,Koktahl,"0,4666104904"
CLIENTE258,Yokara,"0,4666109026"
CLIENTE161,Brakmar,"0,466617021"
CLIENTE248,Tutira,"0,4666421602"
CLIENTE463,Shadowpeak,"0,4667920345"
CLIENTE185,Yokara,"0,4667979826"
CLIENTE474,Posthaven,"0,4670050488"
CLIENTE169,Highspire,"0,4673343201"
CLIENTE200,Jakura,"0,4673365621"
CLIENTE562,Kobaris,"0,4674866932"
CLIENTE126,Pausen,"0,4675708589"
CLIENTE220,Osaria,"0,4675777025"
CLIENTE332,Sectorium,"0,4676122185"
CLIENTE432,Nassauia,"0,4676175015"
CLIENTE397,Yatora,"0,4676648445"
CLIENTE67,Yokara,"0,4678078692"
CLIENTE291,Galdrin,"0,4679723863"
CLIENTE263,Muskara,"0,4681007044"
CLIENTE687,Swindale,"0,4681838201"
CLIENTE514,Dornfall,"0,4683446696"
CLIENTE513,Tartarus,"0,4683550808"
CLIENTE286,Viscara,"0,4683926419"
CLIENTE36,Glenhaven,"0,4685229217"
CLIENTE383,Sidora,"0,4685579418"
CLIENTE669,Frosthelm,"0,4688326186"
CLIENTE204,Marineford,"0,4688916121"
CLIENTE131,Xinthar,"0,4689105677"
CLIENTE318,Hollowmar,"0,4689343227"
CLIENTE358,Nenaris,"0,4690994836"
CLIENTE276,Prontera,"0,4691256957"
CLIENTE492,Kobaris,"0,4691573645"
CLIENTE360,Hogwarts,"0,4692115335"
CLIENTE515,Fernwall,"0,4693424413"
CLIENTE378,Dragmere,"0,469417696"
CLIENTE673,Salvaris,"0,4694346405"
CLIENTE218,Uinhold,"0,46952933"
CLIENTE504,Tchurion,"0,4695667155"
CLIENTE52,Memphos,"0,4696688454"
CLIENTE189,Ykoura,"0,4697259094"
CLIENTE514,Galdrin,"0,4699700356"
CLIENTE481,Termina,"0,4701583917"
CLIENTE214,Tchurion,"0,4702302489"
CLIENTE261,Rocabar,"0,4703832856"
CLIENTE660,Nighthaven,"0,4703941601"
CLIENTE199,Ishgard,"0,4704750511"
CLIENTE319,Lathen,"0,4704761765"
CLIENTE622,Rocabar,"0,4705504988"
CLIENTE569,Tahlenwald,"0,4705642752"
CLIENTE259,Vancross,"0,4707991894"
CLIENTE471,TwinPillars,"0,470809558"
CLIENTE556,Uinhold,"0,4709947215"
CLIENTE98,Dragmere,"0,4711617269"
CLIENTE703,Prontera,"0,4712732321"
CLIENTE87,Xinthar,"0,4713523236"
CLIENTE9,Sectorium,"0,4714679674"
CLIENTE238,Termina,"0,4714687705"
CLIENTE195,Manifold,"0,4715506278"
CLIENTE32,Gerudo,"0,4715764271"
CLIENTE147,Cartheia,"0,4715888216"
CLIENTE26,Ishgard,"0,4717554669"
CLIENTE312,Aeusserst,"0,4719872396"
CLIENTE330,Nosgoth,"0,4719879628"
CLIENTE104,Bethlehem,"0,4720411461"
CLIENTE128,Zaphura,"0,4722021829"
CLIENTE628,Laputa,"0,4722545812"
CLIENTE299,Resembool,"0,4722924955"
CLIENTE640,Namek,"0,4723456096"
CLIENTE250,Alabasta,"0,4723491893"
CLIENTE342,Paldea,"0,4723605224"
CLIENTE221,Ossandor,"0,4723926963"
CLIENTE308,Cairhien,"0,4724714527"
CLIENTE544,Midgar,"0,4724902136"
CLIENTE153,Philgaia,"0,4725094173"
CLIENTE533,Greywatch,"0,4725624791"
CLIENTE542,Tuxara,"0,4726560532"
CLIENTE538,Galdrin,"0,4726764121"
CLIENTE307,Paldea,"0,4727752061"
CLIENTE200,Cartheia,"0,4730064177"
CLIENTE175,Dragmere,"0,4732497548"
CLIENTE10,Askr,"0,473367598"
CLIENTE255,Stonegate,"0,4733731859"
CLIENTE123,Grimvale,"0,4734083443"
CLIENTE289,Lathen,"0,4735407875"
CLIENTE68,Ichoris,"0,4735889067"
CLIENTE256,Targalon,"0,473604148"
CLIENTE627,Namek,"0,4736145857"
CLIENTE346,Raumor,"0,4738840825"
CLIENTE483,Hazoria,"0,4739005279"
CLIENTE67,Azural,"0,4739459638"
CLIENTE468,Noctis,"0,4740385301"
CLIENTE295,Melvara,"0,4742007064"
CLIENTE695,Elzion,"0,4742131868"
CLIENTE298,Stormbar,"0,474217342"
CLIENTE688,Tutira,"0,4742632745"
CLIENTE499,Nenaris,"0,4745185667"
CLIENTE273,Gerudo,"0,4745934233"
CLIENTE177,Perseon,"0,4746502196"
CLIENTE46,Zanarkand,"0,4747199887"
CLIENTE439,Sableport,"0,4748739761"
CLIENTE677,Cairhien,"0,4749662025"
CLIENTE398,Limoria,"0,4750156591"
CLIENTE261,Huern,"0,4750557737"
CLIENTE17,TwinPillars,"0,4752518181"
CLIENTE565,Jindara,"0,4752806025"
CLIENTE616,Ironfall,"0,4752941692"
CLIENTE267,Nenaris,"0,4754471969"
CLIENTE266,Lothlorien,"0,4755270632"
CLIENTE599,Klunheim,"0,4755525917"
CLIENTE187,Ranskar,"0,4755609767"
CLIENTE472,Ishgard,"0,4757343324"
CLIENTE713,Quasmar,"0,4758160657"
CLIENTE91,Liones,"0,4758408123"
CLIENTE163,Promethea,"0,4758558782"
CLIENTE535,Kragspire,"0,4759503135"
CLIENTE199,Osaria,"0,4759593361"
CLIENTE708,Posthaven,"0,4762040211"
CLIENTE223,Jindara,"0,4762526863"
CLIENTE149,Jindara,"0,4762802717"
CLIENTE673,Ossandor,"0,476283528"
CLIENTE18,Pandora,"0,4762872927"
CLIENTE98,Zanarkand,"0,4763347512"
CLIENTE273,Laputa,"0,4764997754"
CLIENTE468,Ironfall,"0,4765034664"
CLIENTE670,Frosthelm,"0,4765518478"
CLIENTE65,Skellige,"0,4766031215"
CLIENTE698,Promethea,"0,476670713"
CLIENTE534,Nibelheim,"0,476865408"
CLIENTE165,Deliora,"0,4770809377"
CLIENTE396,Laputa,"0,4771067408"
CLIENTE3,Brakmar,"0,4771450773"
CLIENTE605,Duskwall,"0,4772672176"
CLIENTE352,Iyomar,"0,4773482511"
CLIENTE405,Viscara,"0,4773518494"
CLIENTE388,Kakariko,"0,477405963"
CLIENTE335,Ykoura,"0,4774133374"
CLIENTE449,Prontera,"0,4774741111"
CLIENTE568,Ykoura,"0,4775079917"
CLIENTE4,Stormbar,"0,4777680619"
CLIENTE518,Uinhold,"0,4777992717"
CLIENTE618,Sectorium,"0,4780338743"
CLIENTE616,Melvara,"0,4780529573"
CLIENTE556,Lochbar,"0,4781117036"
CLIENTE279,Melvara,"0,478191385"
CLIENTE533,Sableport,"0,4782243915"
CLIENTE488,Brakmar,"0,4782643101"
CLIENTE333,Liones,"0,4786509788"
CLIENTE267,Ashkora,"0,4787535099"
CLIENTE73,Noctis,"0,4789754649"
CLIENTE225,Perseon,"0,4789840251"
CLIENTE251,Deepwater,"0,4790723991"
CLIENTE687,Zaphura,"0,4791053343"
CLIENTE581,Perseon,"0,4791530376"
CLIENTE523,Osaria,"0,4791630949"
CLIENTE176,Khengar,"0,4792472036"
CLIENTE522,Obsidian,"0,4793022363"
CLIENTE340,Ossandor,"0,4796765804"
CLIENTE243,Swindale,"0,4797006987"
CLIENTE38,Lothlorien,"0,4797177803"
CLIENTE496,Rlyeh,"0,4797888505"
CLIENTE168,Jakura,"0,4798135614"
CLIENTE247,Skyreach,"0,4801099717"
CLIENTE619,Jindara,"0,4801666985"
CLIENTE89,Cartheia,"0,4801963476"
CLIENTE190,Posthaven,"0,4803070912"
CLIENTE581,Muskara,"0,4803109618"
CLIENTE132,Yeygard,"0,4803871602"
CLIENTE402,Yjigar,"0,4806402123"
CLIENTE19,Ivalice,"0,4808154584"
CLIENTE49,Kandor,"0,4808357033"
CLIENTE101,Valisthea,"0,4809601536"
CLIENTE344,Ironfall,"0,4810976403"
CLIENTE42,Piscara,"0,4814056842"
CLIENTE277,Dirtmouth,"0,4814136853"
CLIENTE646,Ishgard,"0,4815811303"
CLIENTE661,Deeptrench,"0,4816984339"
CLIENTE494,Azkaban,"0,4818459145"
CLIENTE666,Frosthelm,"0,4818651612"
CLIENTE325,Lochbar,"0,4819542442"
CLIENTE508,Frosthelm,"0,4820900401"
CLIENTE222,Termina,"0,4820982897"
CLIENTE452,Obsidian,"0,482114295"
CLIENTE106,Valisthea,"0,4821417127"
CLIENTE242,Kharon,"0,4822487293"
CLIENTE160,Tutira,"0,4823480106"
CLIENTE533,Lothlorien,"0,482471621"
CLIENTE588,Brightfall,"0,4824865406"
CLIENTE527,Askr,"0,4825408488"
CLIENTE487,Riorin,"0,4827088863"
CLIENTE588,Tomarath,"0,4827333905"
CLIENTE648,Philgaia,"0,4827747129"
CLIENTE604,Iyomar,"0,482851091"
CLIENTE94,Morrowind,"0,482873724"
CLIENTE687,Vancross,"0,4830937315"
CLIENTE103,Kandor,"0,4831893653"
CLIENTE570,Dragmere,"0,4833291601"
CLIENTE235,Jakura,"0,4833718405"
CLIENTE670,Deeptrench,"0,4834985152"
CLIENTE67,Klunheim,"0,4835665647"
CLIENTE260,Noctis,"0,4836462164"
CLIENTE606,Brightfall,"0,4837029637"
CLIENTE456,Manshade,"0,4837234841"
CLIENTE491,Dragmere,"0,4837997568"
CLIENTE387,Khengar,"0,4839394851"
CLIENTE267,Brakmar,"0,4839401224"
CLIENTE92,Eredin,"0,4840090496"
CLIENTE608,Zaphura,"0,4840154509"
CLIENTE112,Inoria,"0,4843585401"
CLIENTE691,Qineth,"0,484663678"
CLIENTE72,Riorin,"0,4847404466"
CLIENTE581,Nenaris,"0,4849068012"
CLIENTE625,Xinthar,"0,4850308214"
CLIENTE684,Imre,"0,4851902958"
CLIENTE417,Lothlorien,"0,4853052668"
CLIENTE152,Hogwarts,"0,4853854869"
CLIENTE567,Jakura,"0,4855105409"
CLIENTE309,Mountglass,"0,4856491868"
CLIENTE612,Nibelheim,"0,4856683583"
CLIENTE533,Hyrule,"0,4857908434"
CLIENTE600,Walden,"0,4858034212"
CLIENTE696,Khengar,"0,4858462213"
CLIENTE24,Ngorim,"0,4860081054"
CLIENTE417,Tuxara,"0,4861773621"
CLIENTE444,Vancross,"0,4862556464"
CLIENTE309,Tartarus,"0,4862593424"
CLIENTE702,Spira,"0,4863105606"
CLIENTE25,Brakmar,"0,4864383681"
CLIENTE417,Melvara,"0,4869411562"
CLIENTE304,Brakmar,"0,4869903216"
CLIENTE39,Chenara,"0,4869929457"
CLIENTE381,Ngorim,"0,4870937344"
CLIENTE322,Zanarkand,"0,487108822"
CLIENTE21,Muskara,"0,4872604937"
CLIENTE403,Ulthar,"0,4872810553"
CLIENTE606,Tahlenwald,"0,4873350359"
CLIENTE158,Mondstadt,"0,4873695077"
CLIENTE192,Elysor,"0,4875118823"
CLIENTE117,Termina,"0,4877098519"
CLIENTE97,Sunreach,"0,4877607433"
CLIENTE76,Besaid,"0,4878578645"
CLIENTE563,Rocabar,"0,4878773121"
CLIENTE97,Promethea,"0,4881267925"
CLIENTE530,Skellige,"0,4881607865"
CLIENTE100,Solstheim,"0,4882427355"
CLIENTE249,Manshade,"0,4882531193"
CLIENTE647,Sectorium,"0,4882898127"
CLIENTE693,Windscar,"0,4883043262"
CLIENTE430,Klunheim,"0,4883266729"
CLIENTE50,Tempestia,"0,4883596806"
CLIENTE358,Tomarath,"0,4885039355"
CLIENTE509,Tutira,"0,4886429592"
CLIENTE483,Liones,"0,4886666964"
CLIENTE246,Inoria,"0,4888196943"
CLIENTE456,Deliora,"0,4888306325"
CLIENTE496,Elzion,"0,488860805"
CLIENTE253,Limoria,"0,4888774652"
CLIENTE429,Windscar,"0,4888931973"
CLIENTE635,Alabasta,"0,4889156831"
CLIENTE349,Yokara,"0,4889876925"
CLIENTE51,Tomarath,"0,4891204652"
CLIENTE136,Huern,"0,4891227483"
CLIENTE429,Ranskar,"0,4891884722"
CLIENTE663,Xinthar,"0,4891898891"
CLIENTE289,Targalon,"0,4893043799"
CLIENTE113,Valisthea,"0,4894816426"
CLIENTE361,Limoria,"0,4895177197"
CLIENTE128,Azural,"0,4895737456"
CLIENTE202,Tempestia,"0,489776799"
CLIENTE268,Midgar,"0,4897994252"
CLIENTE470,Hollowmar,"0,4898074194"
CLIENTE225,Pausen,"0,490006847"
CLIENTE487,Manshade,"0,4900084816"
CLIENTE610,Zuldazar,"0,4901152918"
CLIENTE174,Fernwall,"0,490166541"
CLIENTE555,Termina,"0,49034794"
CLIENTE128,Azkaban,"0,4904555361"
CLIENTE32,Philgaia,"0,4905464705"
CLIENTE200,Morrowind,"0,4906437053"
CLIENTE167,Osaria,"0,4908411249"
CLIENTE272,Alabasta,"0,4908469822"
CLIENTE173,Tutira,"0,4908688575"
CLIENTE468,TwinPillars,"0,4909520108"
CLIENTE604,Alabasta,"0,490964154"
CLIENTE463,Marineford,"0,4909821801"
CLIENTE18,Huern,"0,4910046757"
CLIENTE53,Mountglass,"0,4910075353"
CLIENTE104,Solhara,"0,4910888421"
CLIENTE273,Thalassar,"0,4912745197"
CLIENTE510,Brakmar,"0,4912966315"
CLIENTE195,Brightfall,"0,491345326"
CLIENTE23,Termina,"0,4913881534"
CLIENTE64,Lyngard,"0,4916398586"
CLIENTE136,Azural,"0,4919537779"
CLIENTE484,Zaphura,"0,4919768015"
CLIENTE455,Dragmere,"0,4921146919"
CLIENTE445,Piscara,"0,4921331535"
CLIENTE225,Nyagara,"0,4922217803"
CLIENTE160,Qineth,"0,4922507156"
CLIENTE404,Ossandor,"0,492254431"
CLIENTE585,Riorin,"0,4923368576"
CLIENTE676,Grimvale,"0,4923851266"
CLIENTE637,Solstheim,"0,4924242475"
CLIENTE697,Prontera,"0,4925722572"
CLIENTE574,Cartheia,"0,4926141546"
CLIENTE521,Dirtmouth,"0,4926849733"
CLIENTE593,Pangara,"0,4927064902"
CLIENTE96,Yeygard,"0,4927093684"
CLIENTE384,Kharon,"0,4928254899"
CLIENTE455,Jindara,"0,492833787"
CLIENTE267,Windscar,"0,4929242841"
CLIENTE194,Resembool,"0,4931564271"
CLIENTE471,Hazoria,"0,4932251823"
CLIENTE38,Iyomar,"0,4933212322"
CLIENTE712,Bethlehem,"0,4933937915"
CLIENTE300,Cairhien,"0,4942023127"
CLIENTE680,Glenhaven,"0,4944621965"
CLIENTE370,Frosthelm,"0,4944833589"
CLIENTE199,Pandora,"0,4945007623"
CLIENTE169,Kobaris,"0,4945322077"
CLIENTE537,Ishgard,"0,4946320056"
CLIENTE414,Swindale,"0,4946649457"
CLIENTE383,Dornfall,"0,4946940242"
CLIENTE407,Drinmoor,"0,4947097614"
CLIENTE143,Piscara,"0,4948556191"
CLIENTE14,Iskeld,"0,4949135825"
CLIENTE386,Prontera,"0,4949958888"
CLIENTE58,Nurmengard,"0,4951905006"
CLIENTE9,Ngorim,"0,495204721"
CLIENTE567,Grimvale,"0,4953231567"
CLIENTE449,Windscar,"0,4953716361"
CLIENTE165,Thalassar,"0,4953785854"
CLIENTE544,Grimvale,"0,4953892638"
CLIENTE104,Tutira,"0,4954210008"
CLIENTE699,Ichoris,"0,4954315429"
CLIENTE494,Lothlorien,"0,495504944"
CLIENTE180,Ishgard,"0,4956593437"
CLIENTE423,Kragspire,"0,495725169"
CLIENTE633,Iyomar,"0,495772153"
CLIENTE114,Jindara,"0,4961216142"
CLIENTE295,Pausen,"0,4963309411"
CLIENTE591,Perseon,"0,4963442299"
CLIENTE529,Melvara,"0,4964942639"
CLIENTE161,Manshade,"0,4965425843"
CLIENTE610,Cartheia,"0,4967125362"
CLIENTE130,Surakai,"0,4967413529"
CLIENTE226,Ishgard,"0,4968705722"
CLIENTE661,Stormhold,"0,4972088064"
CLIENTE329,Spira,"0,4972458247"
CLIENTE110,Stormbar,"0,4972506849"
CLIENTE453,Johto,"0,4972545346"
CLIENTE702,Huern,"0,4973132982"
CLIENTE4,Promethea,"0,4973410284"
CLIENTE50,Klunheim,"0,4974141216"
CLIENTE596,Nosgoth,"0,4974289244"
CLIENTE610,Obsidian,"0,4974665265"
CLIENTE186,Quasmar,"0,497479886"
CLIENTE660,Tahlenwald,"0,4974917505"
CLIENTE118,Kandor,"0,497604201"
CLIENTE688,Tuxara,"0,497644585"
CLIENTE645,Tarbean,"0,4976845842"
CLIENTE82,Chenara,"0,4976943681"
CLIENTE554,Ichoris,"0,4979234979"
CLIENTE388,Huern,"0,4979305659"
CLIENTE534,Seireitei,"0,4979893418"
CLIENTE87,Yenfall,"0,4980121943"
CLIENTE348,Qineth,"0,4980408195"
CLIENTE367,Salvaris,"0,4980800357"
CLIENTE608,Piscara,"0,4980938403"
CLIENTE399,TwinPillars,"0,4981053678"
CLIENTE189,Yokara,"0,4981870202"
CLIENTE449,Skellige,"0,4982777325"
CLIENTE519,Manifold,"0,498286382"
CLIENTE369,Limoria,"0,4983320932"
CLIENTE701,Hogwarts,"0,498335354"
CLIENTE343,Viscara,"0,4984272516"
CLIENTE643,Hazoria,"0,4985157347"
CLIENTE455,Paldea,"0,4985470213"
CLIENTE118,Obsidian,"0,4986574405"
CLIENTE295,Kakariko,"0,4987660612"
CLIENTE399,Ossandor,"0,4987836184"
CLIENTE603,Liones,"0,49896322"
CLIENTE470,Alabasta,"0,4991985348"
CLIENTE606,Thalassar,"0,4993373118"
CLIENTE96,Sunreach,"0,4994320698"
CLIENTE494,Memphos,"0,4995123417"
CLIENTE213,Tempestia,"0,499559205"
CLIENTE609,Galdrin,"0,4996073259"
CLIENTE118,Glenhaven,"0,4996219434"
CLIENTE148,Shadowpeak,"0,4996392216"
CLIENTE123,Stormhold,"0,4996518474"
CLIENTE519,Ichoris,"0,4996625531"
CLIENTE178,Resembool,"0,4997789452"
CLIENTE397,Drinmoor,"0,4999133769"
CLIENTE298,Winhill,"0,4999611071"
CLIENTE290,Yatora,"0,5001358968"
CLIENTE157,Galdrin,"0,5002069591"
CLIENTE72,Elzion,"0,5002084103"
CLIENTE459,Shadowpeak,"0,5002190244"
CLIENTE513,Grimvale,"0,5002673227"
CLIENTE297,Dirtmouth,"0,5002975485"
CLIENTE523,Nibelheim,"0,5003080988"
CLIENTE443,Elzion,"0,5003260796"
CLIENTE144,Riorin,"0,5004747198"
CLIENTE215,Dirtmouth,"0,5005037306"
CLIENTE62,Hyrule,"0,5006200757"
CLIENTE396,Lyngard,"0,5007820773"
CLIENTE697,Raumor,"0,5008488368"
CLIENTE115,Eredin,"0,5009071492"
CLIENTE141,Fernwall,"0,5009084762"
CLIENTE518,Pandora,"0,5010048162"
CLIENTE452,Drinmoor,"0,501043971"
CLIENTE378,Pandora,"0,5010914128"
CLIENTE484,Riorin,"0,5011032109"
CLIENTE289,Limoria,"0,5011843391"
CLIENTE21,Ichoris,"0,5012118012"
CLIENTE352,Ngorim,"0,5012236827"
CLIENTE482,Memphos,"0,5012599267"
CLIENTE213,Calcara,"0,5013147222"
CLIENTE34,Melvara,"0,5013187284"
CLIENTE174,Tomarath,"0,5013503373"
CLIENTE465,Ykoura,"0,5015649921"
CLIENTE505,Yokara,"0,5015848736"
CLIENTE600,Tutira,"0,5017014881"
CLIENTE649,Midgar,"0,5020707648"
CLIENTE8,Zuldazar,"0,5021212723"
CLIENTE307,Casperia,"0,5024613475"
CLIENTE361,Osaria,"0,5024727625"
CLIENTE639,Ulthar,"0,5024871568"
CLIENTE240,Pandora,"0,5025203695"
CLIENTE314,Northfall,"0,5025515849"
CLIENTE271,Swindale,"0,5027649849"
CLIENTE580,Elysor,"0,5028192438"
CLIENTE598,Wuhaven,"0,5028267844"
CLIENTE411,Windscar,"0,5028466576"
CLIENTE237,Azural,"0,502918314"
CLIENTE513,Riorin,"0,5029815709"
CLIENTE599,Fernwall,"0,503013459"
CLIENTE557,Dornfall,"0,5032850497"
CLIENTE247,Northfall,"0,5034009482"
CLIENTE344,Ykoura,"0,5034484048"
CLIENTE414,Manshade,"0,5034644567"
CLIENTE389,Obsidian,"0,5035221935"
CLIENTE163,Fernwall,"0,5035478085"
CLIENTE580,Midgar,"0,5035480157"
CLIENTE472,Rocabar,"0,5036163641"
CLIENTE680,Tutira,"0,5036244527"
CLIENTE597,Johto,"0,5036753771"
CLIENTE41,Melvara,"0,5037423666"
CLIENTE348,Yeygard,"0,5037875319"
CLIENTE324,Mountglass,"0,5038767539"
CLIENTE25,Tempestia,"0,503882999"
CLIENTE252,Iskeld,"0,5038855836"
CLIENTE634,Morrowind,"0,5039199848"
CLIENTE177,Nighthaven,"0,5040439969"
CLIENTE525,Imre,"0,50410557"
CLIENTE597,Kandor,"0,5042015514"
CLIENTE278,Kharon,"0,5044013082"
CLIENTE24,Nosgoth,"0,5044352895"
CLIENTE537,Rivenspire,"0,5045057141"
CLIENTE103,Glenhaven,"0,5045254082"
CLIENTE300,Tartarus,"0,5045793263"
CLIENTE128,Kharon,"0,504650373"
CLIENTE129,Imre,"0,5046577375"
CLIENTE552,Xinthar,"0,5047320904"
CLIENTE105,Grimvale,"0,5047413865"
CLIENTE75,Vancross,"0,5048112593"
CLIENTE82,Kakariko,"0,5048282174"
CLIENTE402,Mondstadt,"0,5048445186"
CLIENTE665,Perseon,"0,5048519029"
CLIENTE330,Manshade,"0,5048807653"
CLIENTE622,Lyngard,"0,5049623931"
CLIENTE424,Kragspire,"0,5053210969"
CLIENTE593,Huern,"0,5053306035"
CLIENTE414,Hyrule,"0,5054091749"
CLIENTE383,Riorin,"0,5054219632"
CLIENTE620,Yeygard,"0,5056326677"
CLIENTE449,Cairhien,"0,5056691081"
CLIENTE502,Yatora,"0,5056839999"
CLIENTE133,Targalon,"0,5057263247"
CLIENTE622,Bethlehem,"0,505790294"
CLIENTE568,Nyagara,"0,5057927154"
CLIENTE45,Thalassar,"0,5058438706"
CLIENTE470,Stormbar,"0,5059323585"
CLIENTE299,Pangara,"0,5061667343"
CLIENTE299,Yatora,"0,5062358101"
CLIENTE33,Limoria,"0,5062591908"
CLIENTE376,Pangara,"0,5064490083"
CLIENTE338,Termina,"0,5064682313"
CLIENTE177,Highspire,"0,5065091579"
CLIENTE35,Marineford,"0,5065158013"
CLIENTE30,Rocabar,"0,5065604098"
CLIENTE333,Stormhold,"0,5065691704"
CLIENTE101,Casperia,"0,5066160876"
CLIENTE154,Tartarus,"0,5066289393"
CLIENTE529,Salvaris,"0,5066877139"
CLIENTE496,Zaphura,"0,5067498587"
CLIENTE440,Iyomar,"0,5068022995"
CLIENTE372,Besaid,"0,506916917"
CLIENTE435,Jindara,"0,5069257227"
CLIENTE77,Nurmengard,"0,5070585844"
CLIENTE52,Elzion,"0,5070821456"
CLIENTE656,Nurmengard,"0,5070929382"
CLIENTE153,Hyrule,"0,5071281627"
CLIENTE172,Liones,"0,507138653"
CLIENTE594,Tutira,"0,5071428229"
CLIENTE318,Nassauia,"0,5071611835"
CLIENTE255,Sectorium,"0,5075108048"
CLIENTE30,Zuldazar,"0,5075530251"
CLIENTE542,Manshade,"0,5076481892"
CLIENTE260,Yenfall,"0,5077263027"
CLIENTE568,Gerudo,"0,5077880765"
CLIENTE58,Imre,"0,5077954049"
CLIENTE697,Ishgard,"0,5078411686"
CLIENTE575,Lothlorien,"0,5079182379"
CLIENTE291,Riorin,"0,5079546269"
CLIENTE519,Swindale,"0,5079695501"
CLIENTE105,Termina,"0,508034643"
CLIENTE430,Kragspire,"0,5080480804"
CLIENTE532,Lathen,"0,5081154184"
CLIENTE711,Philgaia,"0,5082231605"
CLIENTE367,Yjigar,"0,508329534"
CLIENTE94,Targalon,"0,5083468043"
CLIENTE83,Morrowind,"0,5083872962"
CLIENTE75,Shadowpeak,"0,5087001161"
CLIENTE293,Viscara,"0,5087049068"
CLIENTE455,Iyomar,"0,5087284306"
CLIENTE321,Tempestia,"0,5087788285"
CLIENTE456,Helheim,"0,5088624318"
CLIENTE272,Amoneth,"0,5088934874"
CLIENTE18,Humeria,"0,5089580708"
CLIENTE680,Cairhien,"0,5089725975"
CLIENTE180,Cartheia,"0,5092462198"
CLIENTE266,Manshade,"0,5094989529"
CLIENTE90,Hyrule,"0,5095254787"
CLIENTE51,Spira,"0,5096287604"
CLIENTE264,Lothlorien,"0,5096687451"
CLIENTE33,Lothlorien,"0,5097009085"
CLIENTE280,Tartarus,"0,509808666"
CLIENTE510,Stonegate,"0,5098462166"
CLIENTE497,Wuhaven,"0,5100093486"
CLIENTE85,Uinhold,"0,5100730934"
CLIENTE377,Fernwall,"0,5101248589"
CLIENTE104,Azural,"0,5103285977"
CLIENTE48,Stormbar,"0,5105364365"
CLIENTE169,Zaphura,"0,5105930433"
CLIENTE712,Rivenspire,"0,5106516113"
CLIENTE5,Nibelheim,"0,5107809382"
CLIENTE271,Drinmoor,"0,5108056248"
CLIENTE231,Johto,"0,5109141125"
CLIENTE562,Melvara,"0,511077764"
CLIENTE492,Savois,"0,5111260316"
CLIENTE711,Inoria,"0,5112611745"
CLIENTE450,Aeusserst,"0,5113174982"
CLIENTE189,Termina,"0,5114792328"
CLIENTE296,Yokara,"0,511648435"
CLIENTE442,Tahlenwald,"0,5117007754"
CLIENTE294,Vancross,"0,5117485988"
CLIENTE13,Sidora,"0,5118126959"
CLIENTE168,Elzion,"0,511874911"
CLIENTE65,Namek,"0,5119439881"
CLIENTE691,Tempestia,"0,5121297718"
CLIENTE104,Yenfall,"0,5121387249"
CLIENTE530,Shadowpeak,"0,5122404223"
CLIENTE553,Qineth,"0,5123030946"
CLIENTE328,Tutira,"0,5124099237"
CLIENTE283,Pandora,"0,5124151363"
CLIENTE323,Savois,"0,5124830576"
CLIENTE390,Rlyeh,"0,5126325645"
CLIENTE625,Limoria,"0,5126582534"
CLIENTE277,Bethlehem,"0,5127528803"
CLIENTE346,Duskwall,"0,5130205438"
CLIENTE154,Altissia,"0,5131507567"
CLIENTE252,Valyria,"0,5131834595"
CLIENTE169,Lothlorien,"0,5131921"
CLIENTE67,Brakmar,"0,5131968955"
CLIENTE203,Yatora,"0,5132279208"
CLIENTE247,Perseon,"0,5133139232"
CLIENTE538,Eredin,"0,5134952744"
CLIENTE658,Johto,"0,5135453021"
CLIENTE649,Koktahl,"0,5139116456"
CLIENTE668,Rocabar,"0,5139806468"
CLIENTE504,Chenara,"0,5140133532"
CLIENTE666,Osaria,"0,5141039921"
CLIENTE311,Jindara,"0,5142967115"
CLIENTE283,Manifold,"0,5143233715"
CLIENTE232,Dirtmouth,"0,5143891464"
CLIENTE126,Kakariko,"0,5144297731"
CLIENTE638,Limoria,"0,5145244363"
CLIENTE237,Konoha,"0,5147319058"
CLIENTE109,Fernwall,"0,5147720617"
CLIENTE309,Pandora,"0,5148122898"
CLIENTE87,Bethlehem,"0,5148210545"
CLIENTE31,Elysor,"0,5151253115"
CLIENTE12,Nenaris,"0,5151329511"
CLIENTE501,Resembool,"0,5153013938"
CLIENTE699,Tchurion,"0,5153376497"
CLIENTE631,Koktahl,"0,515485063"
CLIENTE198,Brightfall,"0,5155699383"
CLIENTE542,Nurmengard,"0,5156439356"
CLIENTE483,Targalon,"0,5159021064"
CLIENTE329,Termina,"0,5159577626"
CLIENTE237,Kakariko,"0,5160305784"
CLIENTE512,Kobaris,"0,5160355748"
CLIENTE339,Pillarreach,"0,5160623875"
CLIENTE479,Ranskar,"0,5160634895"
CLIENTE507,Calcara,"0,5162738296"
CLIENTE271,Zaphura,"0,516319752"
CLIENTE634,Inoria,"0,5164846574"
CLIENTE314,Kobaris,"0,5165133396"
CLIENTE20,Jindara,"0,5166977651"
CLIENTE135,Yjigar,"0,5168616312"
CLIENTE478,Perseon,"0,5168661809"
CLIENTE131,Dornfall,"0,5168783849"
CLIENTE401,Mondstadt,"0,5169084386"
CLIENTE435,Konoha,"0,5169382695"
CLIENTE546,Nighthaven,"0,5169650786"
CLIENTE111,Yeygard,"0,5170356622"
CLIENTE704,Stormhold,"0,5170794039"
CLIENTE612,Greywatch,"0,5173519282"
CLIENTE409,Yokara,"0,5174611228"
CLIENTE122,Glenhaven,"0,5174629113"
CLIENTE548,Grimvale,"0,5176195312"
CLIENTE677,Nenaris,"0,5176873567"
CLIENTE427,Ranskar,"0,5178761378"
CLIENTE384,Nighthaven,"0,5181046619"
CLIENTE436,Muskara,"0,518283562"
CLIENTE278,TwinPillars,"0,5183407907"
CLIENTE164,Grimvale,"0,5183468039"
CLIENTE301,Yokara,"0,5184058713"
CLIENTE150,Noctis,"0,5184587515"
CLIENTE52,Helheim,"0,518559241"
CLIENTE363,Laputa,"0,5185900953"
CLIENTE420,Skellige,"0,518606112"
CLIENTE96,Mythra,"0,5186588178"
CLIENTE532,Thalassar,"0,5186783357"
CLIENTE6,Pandora,"0,5187587248"
CLIENTE265,Drinmoor,"0,5187912006"
CLIENTE72,Elysor,"0,5188457856"
CLIENTE155,Pangara,"0,5191062138"
CLIENTE495,Manshade,"0,5191796551"
CLIENTE589,Klunheim,"0,5193599998"
CLIENTE334,Nassauia,"0,519814044"
CLIENTE581,Deliora,"0,5198172242"
CLIENTE151,Liones,"0,5198308231"
CLIENTE517,Rlyeh,"0,5199525979"
CLIENTE526,Tempestia,"0,5199782314"
CLIENTE401,Nassauia,"0,5200388527"
CLIENTE185,Philgaia,"0,5201183335"
CLIENTE398,Manifold,"0,5202775725"
CLIENTE337,Tuxara,"0,5202973915"
CLIENTE551,Mondstadt,"0,5203306949"
CLIENTE607,Sidora,"0,5203926084"
CLIENTE151,Huern,"0,5203966344"
CLIENTE280,Rocabar,"0,520423685"
CLIENTE59,Tomarath,"0,520641534"
CLIENTE353,Pandora,"0,5206417412"
CLIENTE665,Midgar,"0,5207778525"
CLIENTE473,Jakura,"0,5209036966"
CLIENTE417,Dornfall,"0,5209232706"
CLIENTE582,Tahlenwald,"0,5211920692"
CLIENTE465,Termina,"0,5212205144"
CLIENTE700,Swindale,"0,5212271963"
CLIENTE478,Skyreach,"0,5216462427"
CLIENTE510,Dirtmouth,"0,521963004"
CLIENTE481,Pangara,"0,5220187435"
CLIENTE621,Kobaris,"0,5220589382"
CLIENTE616,Tartarus,"0,5220691096"
CLIENTE537,Dornfall,"0,5222485657"
CLIENTE249,Yatora,"0,5225024627"
CLIENTE690,Tchurion,"0,5225288142"
CLIENTE398,Rlyeh,"0,5226177774"
CLIENTE713,Casperia,"0,5227416327"
CLIENTE377,Rocabar,"0,5227902673"
CLIENTE209,Morrowind,"0,5229503914"
CLIENTE444,Deeptrench,"0,5229823212"
CLIENTE144,Paldea,"0,5229981058"
CLIENTE239,Tomarath,"0,5230702473"
CLIENTE178,Yenfall,"0,5232964334"
CLIENTE23,Jindara,"0,5236213764"
CLIENTE187,Tchurion,"0,5237152256"
CLIENTE516,Pangara,"0,5239554043"
CLIENTE149,Ironfall,"0,524178097"
CLIENTE612,Alabasta,"0,5243229956"
CLIENTE618,Dornfall,"0,5243464922"
CLIENTE289,Hazoria,"0,5245550126"
CLIENTE264,Obsidian,"0,5246189169"
CLIENTE281,Perseon,"0,5247585791"
CLIENTE276,Humeria,"0,5247598555"
CLIENTE648,Limoria,"0,5247872493"
CLIENTE454,Spira,"0,5247928402"
CLIENTE492,Yeygard,"0,5248274154"
CLIENTE568,Swindale,"0,5248865866"
CLIENTE82,Stonegate,"0,5249617402"
CLIENTE28,Kobaris,"0,5249769543"
CLIENTE292,Manifold,"0,5250414049"
CLIENTE433,Hollowmar,"0,5252649847"
CLIENTE433,Prontera,"0,5253637722"
CLIENTE121,Drinmoor,"0,5253803143"
CLIENTE83,Tempestia,"0,5254455106"
CLIENTE21,Nibelheim,"0,5255615557"
CLIENTE267,Fernwall,"0,5256170138"
CLIENTE548,Zaphura,"0,5256677669"
CLIENTE158,Seireitei,"0,5257363159"
CLIENTE492,Ivalice,"0,5257910761"
CLIENTE663,Hollowmar,"0,5258186028"
CLIENTE10,Yokara,"0,5259877096"
CLIENTE665,Stonegate,"0,5260045009"
CLIENTE462,Duskwall,"0,5260363885"
CLIENTE290,Imre,"0,5260971879"
CLIENTE284,Targalon,"0,5261148845"
CLIENTE36,Ngorim,"0,5261408039"
CLIENTE311,Askr,"0,5263084137"
CLIENTE255,Mythra,"0,5263086594"
CLIENTE645,Morrowind,"0,5264662142"
CLIENTE59,Ulthar,"0,5265365052"
CLIENTE287,Pausen,"0,5266392584"
CLIENTE516,Mythra,"0,5266429428"
CLIENTE466,Skyreach,"0,5267065634"
CLIENTE426,Johto,"0,5267639054"
CLIENTE7,Muskara,"0,5268770162"
CLIENTE417,Besaid,"0,5269038094"
CLIENTE5,Mondstadt,"0,5271032911"
CLIENTE187,Elysor,"0,5271044959"
CLIENTE322,Thalassar,"0,5271854638"
CLIENTE677,Xinthar,"0,5272113194"
CLIENTE237,Glenhaven,"0,5272549177"
CLIENTE71,Glenhaven,"0,5273096481"
CLIENTE567,Drinmoor,"0,5274177987"
CLIENTE359,Helheim,"0,5274604752"
CLIENTE204,Yokara,"0,5275121106"
CLIENTE13,Salvaris,"0,527642047"
CLIENTE114,Tartarus,"0,5276678513"
CLIENTE108,Lochbar,"0,5277945378"
CLIENTE554,Azural,"0,5277984034"
CLIENTE614,Nyagara,"0,5279247251"
CLIENTE268,Piscara,"0,5280529522"
CLIENTE318,Haldryn,"0,5280798402"
CLIENTE440,Spira,"0,5281648231"
CLIENTE35,TwinPillars,"0,5281788258"
CLIENTE70,Lochbar,"0,5282900445"
CLIENTE302,TwinPillars,"0,5284897664"
CLIENTE268,Laputa,"0,5285240623"
CLIENTE501,Promethea,"0,5285395113"
CLIENTE154,Haldryn,"0,5286143358"
CLIENTE404,Thalassar,"0,5286256437"
CLIENTE223,Hogwarts,"0,5286313171"
CLIENTE508,Jindara,"0,5287484397"
CLIENTE491,Manifold,"0,5288102245"
CLIENTE414,Pausen,"0,5288283816"
CLIENTE269,Raumor,"0,5289478539"
CLIENTE571,Eredin,"0,5290132008"
CLIENTE71,Deliora,"0,5290894569"
CLIENTE147,Spira,"0,5292508965"
CLIENTE616,Dirtmouth,"0,5293238572"
CLIENTE337,Ishgard,"0,5293697548"
CLIENTE705,Casperia,"0,5293790056"
CLIENTE94,Altissia,"0,5294126708"
CLIENTE281,Paldea,"0,5296539029"
CLIENTE636,Kobaris,"0,529894361"
CLIENTE674,Uinhold,"0,5300294712"
CLIENTE116,Lyngard,"0,5300663449"
CLIENTE312,Lyngard,"0,5302173113"
CLIENTE82,Rivenspire,"0,5303994791"
CLIENTE554,Eredin,"0,5304225146"
CLIENTE669,Greywatch,"0,5305365267"
CLIENTE81,Yeygard,"0,530645041"
CLIENTE387,Cairhien,"0,5306747712"
CLIENTE546,Termina,"0,5307605641"
CLIENTE352,Zuldazar,"0,5307617752"
CLIENTE288,Raumor,"0,5308572209"
CLIENTE357,Mondstadt,"0,5310071293"
CLIENTE473,Cartheia,"0,5310584261"
CLIENTE263,Chenara,"0,5310951268"
CLIENTE621,Solhara,"0,5312227957"
CLIENTE95,Mondstadt,"0,5312793022"
CLIENTE45,Koktahl,"0,5314163711"
CLIENTE293,Qineth,"0,5314280415"
CLIENTE520,Ranskar,"0,5314705434"
CLIENTE467,Nyagara,"0,5314848251"
CLIENTE608,Tchurion,"0,5315531605"
CLIENTE158,Quasmar,"0,5315792605"
CLIENTE90,Sethera,"0,5317095391"
CLIENTE211,Mondstadt,"0,5317856652"
CLIENTE374,Viscara,"0,5318711553"
CLIENTE708,Kragspire,"0,5319280809"
CLIENTE454,Yeygard,"0,5319332938"
CLIENTE133,Pillarreach,"0,5319867593"
CLIENTE538,Brightfall,"0,5320184982"
CLIENTE75,Tartarus,"0,5320342336"
CLIENTE429,Jakura,"0,5320749196"
CLIENTE483,Kandor,"0,5320788136"
CLIENTE406,Lothlorien,"0,5321176924"
CLIENTE666,Promethea,"0,532315228"
CLIENTE165,Yeygard,"0,5325325795"
CLIENTE683,Hyrule,"0,5325687779"
CLIENTE363,Valisthea,"0,5326039968"
CLIENTE106,Windscar,"0,5329476909"
CLIENTE585,Tuxara,"0,533077352"
CLIENTE367,Lyngard,"0,5330900187"
CLIENTE89,Brightfall,"0,5331098713"
CLIENTE337,Hogwarts,"0,5331261949"
CLIENTE617,Hyrule,"0,5331632592"
CLIENTE638,Azural,"0,533165565"
CLIENTE82,Kharon,"0,5331742691"
CLIENTE330,Azural,"0,5331773527"
CLIENTE429,Kobaris,"0,5331821673"
CLIENTE213,Pandora,"0,5333246562"
CLIENTE441,Khengar,"0,533356253"
CLIENTE600,Promethea,"0,53340541"
CLIENTE176,Sunreach,"0,5335005335"
CLIENTE545,Sethera,"0,533581275"
CLIENTE234,Kharon,"0,5337861399"
CLIENTE502,Kragspire,"0,5338000245"
CLIENTE712,Ironfall,"0,5338355464"
CLIENTE372,Valisthea,"0,533931376"
CLIENTE554,Galdrin,"0,5339980382"
CLIENTE378,Pillarreach,"0,5340560861"
CLIENTE594,Laputa,"0,5341619481"
CLIENTE273,Valyria,"0,5342321143"
CLIENTE646,Nosgoth,"0,5343024396"
CLIENTE689,Thalassar,"0,5343672021"
CLIENTE595,Azural,"0,5345754358"
CLIENTE448,Sectorium,"0,5345805725"
CLIENTE75,Ivalice,"0,5346002724"
CLIENTE433,Azkaban,"0,5346986497"
CLIENTE354,Pangara,"0,5348275434"
CLIENTE74,Thalassar,"0,5348769609"
CLIENTE135,Tahlenwald,"0,5349772231"
CLIENTE481,Ashkora,"0,5350421605"
CLIENTE577,Liones,"0,5350449071"
CLIENTE699,Tomarath,"0,5350737354"
CLIENTE684,Marineford,"0,5352165885"
CLIENTE357,Yokara,"0,5352894523"
CLIENTE698,Cartheia,"0,5353302002"
CLIENTE360,Ngorim,"0,5353554061"
CLIENTE598,Hazoria,"0,5354504607"
CLIENTE226,Ranskar,"0,5355274573"
CLIENTE475,Shadowpeak,"0,5356226671"
CLIENTE620,Muskara,"0,5357071684"
CLIENTE388,Promethea,"0,5357184535"
CLIENTE392,Valisthea,"0,5357691208"
CLIENTE646,Melvara,"0,5357699916"
CLIENTE57,Jindara,"0,5357889644"
CLIENTE122,Promethea,"0,5358841462"
CLIENTE428,Cairhien,"0,5359486797"
CLIENTE569,Hollowmar,"0,5359637851"
CLIENTE687,Perseon,"0,5360404994"
CLIENTE325,Fernwall,"0,5360898614"
CLIENTE487,Sunreach,"0,5361314255"
CLIENTE74,Yatora,"0,536227995"
CLIENTE99,Mondstadt,"0,5363196718"
CLIENTE290,Rlyeh,"0,5363469699"
CLIENTE148,Greywatch,"0,5364929802"
CLIENTE223,Manifold,"0,536521659"
CLIENTE295,Posthaven,"0,5365784597"
CLIENTE545,Prontera,"0,5366466032"
CLIENTE489,Bethlehem,"0,5367195237"
CLIENTE64,Philgaia,"0,536821283"
CLIENTE24,Ashkora,"0,536841108"
CLIENTE576,Posthaven,"0,536874622"
CLIENTE498,Galdrin,"0,5371589457"
CLIENTE674,Savois,"0,5372560633"
CLIENTE22,Cartheia,"0,537322593"
CLIENTE576,Drinmoor,"0,5373826652"
CLIENTE226,Nyagara,"0,5373950572"
CLIENTE463,Stormbar,"0,5374678563"
CLIENTE184,Sableport,"0,5375974727"
CLIENTE18,Tuxara,"0,5377582365"
CLIENTE336,Marineford,"0,5382841711"
CLIENTE280,Sectorium,"0,5383764624"
CLIENTE466,Ykoura,"0,5385047741"
CLIENTE89,Helheim,"0,5385282407"
CLIENTE83,Yenfall,"0,5385341232"
CLIENTE615,Tchurion,"0,5385627058"
CLIENTE436,Melvara,"0,5385957456"
CLIENTE396,Rivenspire,"0,5386165363"
CLIENTE403,Muskara,"0,5387650215"
CLIENTE49,Obsidian,"0,538809597"
CLIENTE595,Termina,"0,5389173628"
CLIENTE475,Ashkora,"0,538920456"
CLIENTE357,Cartheia,"0,5390724787"
CLIENTE463,Azkaban,"0,539089304"
CLIENTE682,Nassauia,"0,5391325013"
CLIENTE154,Jindara,"0,5392385639"
CLIENTE233,Ykoura,"0,5394378241"
CLIENTE15,Osaria,"0,5394872176"
CLIENTE358,Lathen,"0,539968723"
CLIENTE318,Greywatch,"0,5400267375"
CLIENTE513,Wuhaven,"0,5400554415"
CLIENTE551,Vancross,"0,5403041948"
CLIENTE217,Dirtmouth,"0,5403426212"
CLIENTE104,Seireitei,"0,5403741013"
CLIENTE26,Melvara,"0,5403929486"
CLIENTE474,Nibelheim,"0,5404617263"
CLIENTE232,Hogwarts,"0,5405139853"
CLIENTE168,Ashkora,"0,5405307753"
CLIENTE94,Sidora,"0,5405702986"
CLIENTE310,Osaria,"0,5406771747"
CLIENTE294,Thalassar,"0,5406844801"
CLIENTE239,Sidora,"0,5407052495"
CLIENTE398,Resembool,"0,5407104381"
CLIENTE371,Kharon,"0,5408249594"
CLIENTE427,Bethlehem,"0,5408430428"
CLIENTE128,Ranskar,"0,5409615239"
CLIENTE146,Rivenspire,"0,5410946272"
CLIENTE352,Nighthaven,"0,5411578933"
CLIENTE99,Spira,"0,5412258605"
CLIENTE409,Ulthar,"0,5412407324"
CLIENTE330,Calcara,"0,541241824"
CLIENTE567,Valisthea,"0,5413487192"
CLIENTE355,Osaria,"0,5413881204"
CLIENTE696,Yatora,"0,5415355316"
CLIENTE33,Jindara,"0,541621622"
CLIENTE690,Ossandor,"0,5416313583"
CLIENTE234,Sectorium,"0,541656509"
CLIENTE659,Uinhold,"0,5416774804"
CLIENTE574,Casperia,"0,5419037703"
CLIENTE266,Skyreach,"0,5419289024"
CLIENTE654,Valisthea,"0,5420401292"
CLIENTE508,Targalon,"0,542050863"
CLIENTE610,Huern,"0,5421208391"
CLIENTE288,Yjigar,"0,5421864785"
CLIENTE504,Rivenspire,"0,542311799"
CLIENTE665,Namek,"0,5423938373"
CLIENTE37,Frosthelm,"0,5424152805"
CLIENTE422,Lochbar,"0,5424237919"
CLIENTE79,Lothlorien,"0,5424707258"
CLIENTE695,Obsidian,"0,5427655465"
CLIENTE172,Ironfall,"0,5427664299"
CLIENTE589,Sidora,"0,5428707435"
CLIENTE431,Kakariko,"0,542880091"
CLIENTE507,Kragspire,"0,5428845539"
CLIENTE390,Ashkora,"0,5430774087"
CLIENTE623,Cairhien,"0,5430833713"
CLIENTE660,Shadowpeak,"0,5431694834"
CLIENTE558,Kharon,"0,5432377064"
CLIENTE286,Winhill,"0,5432465607"
CLIENTE498,Dirtmouth,"0,5432695094"
CLIENTE182,Drinmoor,"0,5434857711"
CLIENTE15,Cartheia,"0,5435683588"
CLIENTE382,Rivenspire,"0,5435816431"
CLIENTE348,Lathen,"0,5436087362"
CLIENTE600,Osaria,"0,5436838445"
CLIENTE638,Jindara,"0,5437822669"
CLIENTE489,Raumor,"0,5439020001"
CLIENTE460,Seireitei,"0,5439310897"
CLIENTE418,Skyreach,"0,5440900269"
CLIENTE337,Lyngard,"0,5441987427"
CLIENTE211,Zanarkand,"0,5442391803"
CLIENTE22,Yeygard,"0,544297932"
CLIENTE204,Valyria,"0,5443341172"
CLIENTE299,Yeygard,"0,5443354714"
CLIENTE42,Ichoris,"0,5443536274"
CLIENTE662,Kandor,"0,5443999966"
CLIENTE45,Deliora,"0,5445753334"
CLIENTE233,Tahlenwald,"0,5446356882"
CLIENTE295,Ivalice,"0,5448286343"
CLIENTE429,Valyria,"0,5448480067"
CLIENTE381,Hollowmar,"0,5448617778"
CLIENTE49,Rocabar,"0,5448732243"
CLIENTE420,Rlyeh,"0,5450486081"
CLIENTE507,Ashkora,"0,5450947193"
CLIENTE165,Muskara,"0,5450968889"
CLIENTE502,Valyria,"0,5453099764"
CLIENTE540,Konoha,"0,5453173143"
CLIENTE104,Mondstadt,"0,5453412595"
CLIENTE691,Amoneth,"0,5453443511"
CLIENTE578,Nighthaven,"0,5454384111"
CLIENTE505,Dirtmouth,"0,545489477"
CLIENTE203,Nyagara,"0,5455600315"
CLIENTE67,Quasmar,"0,5456681975"
CLIENTE598,Valisthea,"0,5457276433"
CLIENTE659,Cairhien,"0,5460053732"
CLIENTE216,Iyomar,"0,5460392773"
CLIENTE434,Ranskar,"0,5461663588"
CLIENTE190,Rlyeh,"0,5463540218"
CLIENTE481,Cairhien,"0,5463758988"
CLIENTE691,Haldryn,"0,5465932215"
CLIENTE441,Valyria,"0,5466147866"
CLIENTE710,Pillarreach,"0,5467610392"
CLIENTE458,Rlyeh,"0,546871983"
CLIENTE709,Huern,"0,5468945671"
CLIENTE73,Greywatch,"0,5471192781"
CLIENTE367,Deliora,"0,5472666641"
CLIENTE676,Resembool,"0,5473313329"
CLIENTE713,Elysor,"0,5473823451"
CLIENTE341,Skellige,"0,5475520109"
CLIENTE332,Sethera,"0,5475646975"
CLIENTE346,Liones,"0,5475899676"
CLIENTE392,Tarbean,"0,5475992529"
CLIENTE240,Yenfall,"0,5477001972"
CLIENTE711,Azural,"0,5477380753"
CLIENTE273,Quasmar,"0,5477454845"
CLIENTE583,Savois,"0,547872792"
CLIENTE597,Paldea,"0,5480840572"
CLIENTE488,Koktahl,"0,5481385909"
CLIENTE71,Lathen,"0,5482140844"
CLIENTE216,Seireitei,"0,5482849913"
CLIENTE303,Imre,"0,5483331512"
CLIENTE171,Ykoura,"0,5484634177"
CLIENTE678,Riorin,"0,5485946464"
CLIENTE560,Besaid,"0,5486045019"
CLIENTE15,Eredin,"0,5487161009"
CLIENTE651,Shadowpeak,"0,5489107755"
CLIENTE91,Manifold,"0,5489696269"
CLIENTE540,Deliora,"0,549075049"
CLIENTE408,Marineford,"0,5491892083"
CLIENTE58,Jadehold,"0,5495002405"
CLIENTE328,Kakariko,"0,5495175747"
CLIENTE365,Mondstadt,"0,549579683"
CLIENTE442,Xinthar,"0,5497951231"
CLIENTE260,Tomarath,"0,5498345766"
CLIENTE298,Namek,"0,5499021569"
CLIENTE259,Dragmere,"0,5499479432"
CLIENTE421,Highspire,"0,5499731484"
CLIENTE337,Gerudo,"0,549986914"
CLIENTE616,Hazoria,"0,5500564586"
CLIENTE415,Namek,"0,5501554342"
CLIENTE482,Ashkora,"0,5502212075"
CLIENTE522,Shadowpeak,"0,5503018352"
CLIENTE4,Perseon,"0,5503590537"
CLIENTE363,Altissia,"0,5504254368"
CLIENTE48,Ulthar,"0,550501635"
CLIENTE645,Lathen,"0,5506087529"
CLIENTE556,Elysor,"0,5506689972"
CLIENTE661,Gerudo,"0,5506955634"
CLIENTE506,Xinthar,"0,5507332527"
CLIENTE619,Azural,"0,5508451846"
CLIENTE42,Namek,"0,5508555325"
CLIENTE409,Muskara,"0,5509776421"
CLIENTE405,Yeygard,"0,551062244"
CLIENTE640,Rocabar,"0,5513358998"
CLIENTE427,Duskwall,"0,5513731684"
CLIENTE165,Tchurion,"0,5514356412"
CLIENTE582,Iyomar,"0,5515991853"
CLIENTE207,Ranskar,"0,5516445898"
CLIENTE575,Rivenspire,"0,5516493566"
CLIENTE442,Nurmengard,"0,551677168"
CLIENTE425,Nyagara,"0,5518402934"
CLIENTE276,Koktahl,"0,5518510677"
CLIENTE11,Promethea,"0,5519852494"
CLIENTE465,Manshade,"0,5521504025"
CLIENTE16,Rlyeh,"0,5523275481"
CLIENTE370,Zuldazar,"0,552348783"
CLIENTE224,Targalon,"0,5523582041"
CLIENTE698,Nurmengard,"0,5525184826"
CLIENTE249,Melvara,"0,5525435496"
CLIENTE63,Fernwall,"0,5525870418"
CLIENTE681,Dirtmouth,"0,5529641871"
CLIENTE325,Besaid,"0,5529745245"
CLIENTE665,Targalon,"0,5530197353"
CLIENTE705,Sidora,"0,5531061043"
CLIENTE318,Solhara,"0,5531770845"
CLIENTE469,Walden,"0,5532219621"
CLIENTE508,Lyngard,"0,5532358073"
CLIENTE343,Yokara,"0,5532878613"
CLIENTE13,Nurmengard,"0,553296571"
CLIENTE525,Tutira,"0,5533750725"
CLIENTE8,Tomarath,"0,5534373601"
CLIENTE325,Promethea,"0,553534302"
CLIENTE577,Humeria,"0,5536356428"
CLIENTE449,Ossandor,"0,5537658102"
CLIENTE610,Tahlenwald,"0,5538845144"
CLIENTE408,Mythra,"0,5539056773"
CLIENTE678,Tartarus,"0,5539981031"
CLIENTE276,Termina,"0,5540819817"
CLIENTE157,Skellige,"0,5541432182"
CLIENTE207,Posthaven,"0,5542425629"
CLIENTE417,Skyreach,"0,5546085896"
CLIENTE146,Savois,"0,554842317"
CLIENTE188,Resembool,"0,5549037245"
CLIENTE128,Koktahl,"0,5549417895"
CLIENTE395,Besaid,"0,5549461763"
CLIENTE387,Grimvale,"0,5550178007"
CLIENTE574,Swindale,"0,5550741187"
CLIENTE277,Kandor,"0,5551454953"
CLIENTE262,Resembool,"0,5551609577"
CLIENTE480,Manifold,"0,5551804721"
CLIENTE29,Jadehold,"0,5552390422"
CLIENTE216,Swindale,"0,5553073642"
CLIENTE585,Chenara,"0,5553230668"
CLIENTE697,Yokara,"0,5554224793"
CLIENTE423,Tchurion,"0,555496856"
CLIENTE26,Mondstadt,"0,5555423557"
CLIENTE557,Humeria,"0,555588357"
CLIENTE711,Ivalice,"0,5556213812"
CLIENTE465,Kandor,"0,5557063212"
CLIENTE663,Koktahl,"0,5558371551"
CLIENTE349,Sectorium,"0,5559282679"
CLIENTE286,Drinmoor,"0,5559318957"
CLIENTE199,Bethlehem,"0,5561020373"
CLIENTE637,Laputa,"0,5561415125"
CLIENTE34,Marineford,"0,5563180617"
CLIENTE679,Elysor,"0,5563228571"
CLIENTE668,Savois,"0,5564588651"
CLIENTE291,Azural,"0,5566455707"
CLIENTE151,Sethera,"0,5569435186"
CLIENTE127,Solstheim,"0,5570394226"
CLIENTE550,Namek,"0,5571315326"
CLIENTE337,Greywatch,"0,5572097889"
CLIENTE576,Deeptrench,"0,557265395"
CLIENTE35,Obsidian,"0,5573342834"
CLIENTE245,Osaria,"0,5573930902"
CLIENTE281,Morrowind,"0,5576065424"
CLIENTE680,Yatora,"0,5576609417"
CLIENTE319,Elysor,"0,5578856086"
CLIENTE12,Quasmar,"0,5578975684"
CLIENTE215,Nenaris,"0,5578987718"
CLIENTE125,Yatora,"0,5579623608"
CLIENTE85,Yokara,"0,5579743163"
CLIENTE178,Ngorim,"0,5581816911"
CLIENTE465,Frosthelm,"0,5582117701"
CLIENTE134,Mondstadt,"0,5582421983"
CLIENTE687,Azkaban,"0,5582737184"
CLIENTE707,Eredin,"0,558476982"
CLIENTE19,Ykoura,"0,5585117993"
CLIENTE526,Mythra,"0,5585939749"
CLIENTE166,Pausen,"0,558701099"
CLIENTE643,Skellige,"0,5587664681"
CLIENTE296,Chenara,"0,5588374273"
CLIENTE364,Kharon,"0,5589403258"
CLIENTE663,Zanarkand,"0,5591877421"
CLIENTE235,Rlyeh,"0,5591967571"
CLIENTE108,Pangara,"0,5593236175"
CLIENTE601,Humeria,"0,5594622202"
CLIENTE355,Surakai,"0,5594758116"
CLIENTE168,Ngorim,"0,5595246743"
CLIENTE687,Obsidian,"0,55956824"
CLIENTE526,Highspire,"0,5595841021"
CLIENTE708,Fernwall,"0,5596301904"
CLIENTE630,Thalassar,"0,5596414144"
CLIENTE43,Uinhold,"0,5597013665"
CLIENTE370,Altissia,"0,5597185225"
CLIENTE198,Aeusserst,"0,5597750036"
CLIENTE552,Vancross,"0,5600732928"
CLIENTE99,Laputa,"0,5602763427"
CLIENTE576,Amoneth,"0,5602859817"
CLIENTE368,Tchurion,"0,5603526023"
CLIENTE137,Ironfall,"0,5604007696"
CLIENTE271,Kharon,"0,5604737578"
CLIENTE501,Gerudo,"0,5604953099"
CLIENTE304,Nassauia,"0,5605668547"
CLIENTE477,Jadehold,"0,5606095767"
CLIENTE110,Helheim,"0,560736557"
CLIENTE261,Namek,"0,5607927547"
CLIENTE622,Melvara,"0,5608770034"
CLIENTE282,Khengar,"0,5610290621"
CLIENTE352,Cairhien,"0,5610697275"
CLIENTE347,Kharon,"0,5610783683"
CLIENTE547,TwinPillars,"0,5613134784"
CLIENTE518,Rocabar,"0,561382295"
CLIENTE293,Posthaven,"0,5616052474"
CLIENTE319,Johto,"0,5616211476"
CLIENTE490,Nassauia,"0,5616352342"
CLIENTE182,Zaphura,"0,5619458241"
CLIENTE257,Yjigar,"0,5619489346"
CLIENTE575,Bethlehem,"0,5619701124"
CLIENTE637,Sethera,"0,5620722168"
CLIENTE175,Stevanor,"0,5620889204"
CLIENTE8,Eredin,"0,5622546752"
CLIENTE212,Glenhaven,"0,562284374"
CLIENTE658,Mondstadt,"0,5622886806"
CLIENTE310,Yatora,"0,5623196281"
CLIENTE626,Hazoria,"0,5623492883"
CLIENTE574,Piscara,"0,5623800142"
CLIENTE634,Riorin,"0,562384204"
CLIENTE261,Laputa,"0,5624320179"
CLIENTE463,Raumor,"0,5625760303"
CLIENTE485,Tchurion,"0,562615713"
CLIENTE176,Mondstadt,"0,5626896105"
CLIENTE561,Glenhaven,"0,562795561"
CLIENTE567,Promethea,"0,5628829143"
CLIENTE213,Stormhold,"0,5629827573"
CLIENTE651,Nighthaven,"0,5630925849"
CLIENTE235,Termina,"0,5632201531"
CLIENTE152,Ishgard,"0,5632713357"
CLIENTE134,Yokara,"0,5634110664"
CLIENTE265,Calcara,"0,5634777319"
CLIENTE546,Nassauia,"0,5635829166"
CLIENTE549,Klunheim,"0,5636103174"
CLIENTE334,Promethea,"0,5636435408"
CLIENTE212,Pausen,"0,5637946249"
CLIENTE262,Qineth,"0,5638325738"
CLIENTE95,Chenara,"0,5639565628"
CLIENTE343,TwinPillars,"0,5639594415"
CLIENTE368,Hazoria,"0,5639711055"
CLIENTE597,Chenara,"0,5639841353"
CLIENTE491,Spira,"0,5640049386"
CLIENTE507,Brightfall,"0,5640521473"
CLIENTE479,Deepwater,"0,564251271"
CLIENTE55,Uinhold,"0,5642967822"
CLIENTE46,Stormbar,"0,5643016604"
CLIENTE427,Salvaris,"0,5644157456"
CLIENTE417,Solstheim,"0,5644933052"
CLIENTE102,Azural,"0,5645385445"
CLIENTE435,Duskwall,"0,564607348"
CLIENTE686,Highspire,"0,5646691746"
CLIENTE342,Nyagara,"0,5646941713"
CLIENTE178,Drinmoor,"0,5647258998"
CLIENTE684,Nurmengard,"0,564754596"
CLIENTE377,Amoneth,"0,5648234867"
CLIENTE34,Iskeld,"0,5648314451"
CLIENTE99,Yokara,"0,5648682872"
CLIENTE654,Lothlorien,"0,5649830021"
CLIENTE482,Perseon,"0,5650577201"
CLIENTE138,Konoha,"0,5651809972"
CLIENTE151,Kobaris,"0,5651814358"
CLIENTE152,Tempestia,"0,5652739455"
CLIENTE369,Humeria,"0,5652980681"
CLIENTE573,Koktahl,"0,5653556938"
CLIENTE260,Hogwarts,"0,5654188307"
CLIENTE227,Duskwall,"0,5654535028"
CLIENTE20,Dragmere,"0,5655972362"
CLIENTE468,Tutira,"0,5656691738"
CLIENTE595,Solhara,"0,565703532"
CLIENTE541,Lathen,"0,5658902211"
CLIENTE47,Duskwall,"0,5660493873"
CLIENTE572,Shadowpeak,"0,566125444"
CLIENTE348,Laputa,"0,5661320898"
CLIENTE529,Nibelheim,"0,5662567346"
CLIENTE451,Askr,"0,566258449"
CLIENTE684,Yokara,"0,5662890265"
CLIENTE190,Bethlehem,"0,5665513432"
CLIENTE46,Tempestia,"0,5665951951"
CLIENTE31,Imre,"0,566645593"
CLIENTE407,Walden,"0,5666778215"
CLIENTE13,Spira,"0,5668946758"
CLIENTE206,Lochbar,"0,5670819027"
CLIENTE248,Rlyeh,"0,5670848102"
CLIENTE237,Zuldazar,"0,5671426036"
CLIENTE158,Nurmengard,"0,5671796173"
CLIENTE575,Sectorium,"0,5675143821"
CLIENTE187,Manifold,"0,567518064"
CLIENTE309,Valisthea,"0,5676329944"
CLIENTE208,Qineth,"0,5678214202"
CLIENTE591,Ulthar,"0,5678846686"
CLIENTE516,Melvara,"0,5679223167"
CLIENTE226,Dragmere,"0,567955361"
CLIENTE333,Manshade,"0,5679866687"
CLIENTE400,Ivalice,"0,5681441566"
CLIENTE646,Helheim,"0,5682444113"
CLIENTE468,Rlyeh,"0,5682703032"
CLIENTE634,Liones,"0,5683345747"
CLIENTE372,Posthaven,"0,5683702773"
CLIENTE403,Stonegate,"0,5684627641"
CLIENTE655,Kobaris,"0,5686466687"
CLIENTE286,Tutira,"0,5686594662"
CLIENTE667,Huern,"0,5686971196"
CLIENTE652,Nyagara,"0,5687431571"
CLIENTE61,Besaid,"0,568791458"
CLIENTE217,Aeusserst,"0,5690839194"
CLIENTE400,Resembool,"0,5690851027"
CLIENTE607,Dornfall,"0,5691423019"
CLIENTE393,Sidora,"0,5691507207"
CLIENTE637,Riorin,"0,5692129958"
CLIENTE332,Tahlenwald,"0,5693858975"
CLIENTE6,Dornfall,"0,5694072714"
CLIENTE194,Dirtmouth,"0,5695767187"
CLIENTE585,Walden,"0,5696227096"
CLIENTE278,Salvaris,"0,5696801702"
CLIENTE673,Seireitei,"0,5697053115"
CLIENTE572,TwinPillars,"0,5697463518"
CLIENTE551,Winhill,"0,569756685"
CLIENTE24,Mountglass,"0,5698339992"
CLIENTE349,Nighthaven,"0,5698854478"
CLIENTE660,Deeptrench,"0,5700382692"
CLIENTE219,Haldryn,"0,5701263303"
CLIENTE348,Resembool,"0,5701621722"
CLIENTE52,Northfall,"0,5702360865"
CLIENTE358,Resembool,"0,570357666"
CLIENTE588,Lothlorien,"0,5703704897"
CLIENTE67,Frosthelm,"0,5703729474"
CLIENTE464,Drinmoor,"0,5703803627"
CLIENTE508,Piscara,"0,5704831256"
CLIENTE515,Iskeld,"0,5705131561"
CLIENTE691,Helheim,"0,5705191311"
CLIENTE415,Salvaris,"0,5705526018"
CLIENTE437,Deepwater,"0,5706054572"
CLIENTE308,TwinPillars,"0,5707024146"
CLIENTE183,Glenhaven,"0,5707035711"
CLIENTE432,Fernwall,"0,5707267058"
CLIENTE299,Kobaris,"0,570751652"
CLIENTE507,Limoria,"0,5708533651"
CLIENTE11,Quasmar,"0,5708853475"
CLIENTE340,Stonegate,"0,5710317244"
CLIENTE15,Klunheim,"0,5710455455"
CLIENTE282,Namek,"0,5710507593"
CLIENTE477,Deepwater,"0,5710576403"
CLIENTE80,Muskara,"0,5710613952"
CLIENTE122,Azural,"0,5711358899"
CLIENTE229,Humeria,"0,5713710966"
CLIENTE186,Kragspire,"0,5714226345"
CLIENTE273,Surakai,"0,5715387242"
CLIENTE231,Inoria,"0,5715586505"
CLIENTE369,Nyagara,"0,5716100703"
CLIENTE76,Savois,"0,5716544865"
CLIENTE492,Altissia,"0,5717003058"
CLIENTE152,Eredin,"0,5717622886"
CLIENTE394,Lyngard,"0,5719389647"
CLIENTE699,Sunreach,"0,572106972"
CLIENTE694,Lyngard,"0,572118258"
CLIENTE677,Sectorium,"0,5722563014"
CLIENTE118,Uinhold,"0,5726184224"
CLIENTE52,Ichoris,"0,5726276419"
CLIENTE335,Nyagara,"0,5726361121"
CLIENTE640,Helheim,"0,5726370119"
CLIENTE78,Vancross,"0,5727632272"
CLIENTE677,Lathen,"0,572784453"
CLIENTE79,Brakmar,"0,5728132478"
CLIENTE43,Walden,"0,5729392375"
CLIENTE307,Ulthar,"0,572963661"
CLIENTE353,Solstheim,"0,5730807664"
CLIENTE24,Hyrule,"0,5732389294"
CLIENTE541,Tuxara,"0,5732664671"
CLIENTE656,Marineford,"0,5736652052"
CLIENTE309,Shadowpeak,"0,573681149"
CLIENTE240,Tempestia,"0,5738106786"
CLIENTE288,Kakariko,"0,5739087343"
CLIENTE362,Limoria,"0,5739153966"
CLIENTE348,Jakura,"0,5739266803"
CLIENTE584,Skellige,"0,5739298302"
CLIENTE207,Azural,"0,5739333315"
CLIENTE606,Viscara,"0,5739951602"
CLIENTE146,Haldryn,"0,5740169533"
CLIENTE513,Glenhaven,"0,5740434661"
CLIENTE489,Liones,"0,5741223596"
CLIENTE118,Qineth,"0,5742157858"
CLIENTE167,Walden,"0,5742924193"
CLIENTE162,Skyreach,"0,5744131524"
CLIENTE59,Grimvale,"0,5745173568"
CLIENTE238,Seireitei,"0,5747216511"
CLIENTE213,Prontera,"0,5747708801"
CLIENTE380,Pandora,"0,5750902315"
CLIENTE599,Humeria,"0,575193658"
CLIENTE508,Ngorim,"0,575310088"
CLIENTE573,Brakmar,"0,5754093964"
CLIENTE258,Piscara,"0,5754498529"
CLIENTE58,Azural,"0,5756033566"
CLIENTE27,Sunreach,"0,5758729202"
CLIENTE409,Pillarreach,"0,5758774452"
CLIENTE362,Yatora,"0,5758899451"
CLIENTE126,Yokara,"0,5759976758"
CLIENTE278,Jakura,"0,576153545"
CLIENTE290,Ulthar,"0,5761757703"
CLIENTE590,Deepwater,"0,5762638669"
CLIENTE479,Tchurion,"0,5762670703"
CLIENTE152,Lothlorien,"0,5763150444"
CLIENTE631,Manifold,"0,5763481107"
CLIENTE109,Nighthaven,"0,5765546053"
CLIENTE175,Azural,"0,5766143712"
CLIENTE478,Kharon,"0,576651454"
CLIENTE563,Hazoria,"0,5766676271"
CLIENTE686,Limoria,"0,5766941917"
CLIENTE464,Haldryn,"0,5767292129"
CLIENTE696,Namek,"0,57684969"
CLIENTE443,Solstheim,"0,5769110976"
CLIENTE505,Salvaris,"0,5769762778"
CLIENTE653,Lyngard,"0,5769868311"
CLIENTE191,Highspire,"0,5771432693"
CLIENTE556,Osaria,"0,5774441234"
CLIENTE20,Liones,"0,5774985487"
CLIENTE697,Tuxara,"0,5775700837"
CLIENTE458,Pandora,"0,5777251665"
CLIENTE410,Kandor,"0,5777380935"
CLIENTE96,Mountglass,"0,577918095"
CLIENTE363,Solstheim,"0,5779569337"
CLIENTE582,Konoha,"0,5779580569"
CLIENTE464,Fernwall,"0,5779735078"
CLIENTE459,Pangara,"0,578037328"
CLIENTE273,Aeusserst,"0,5780432173"
CLIENTE422,Marineford,"0,5782690166"
CLIENTE711,Gerudo,"0,5783219828"
CLIENTE628,Deepwater,"0,5783456961"
CLIENTE180,Raumor,"0,5783567967"
CLIENTE99,Chenara,"0,5784233571"
CLIENTE435,Uinhold,"0,5784746894"
CLIENTE229,Kharon,"0,5785882326"
CLIENTE191,Dornfall,"0,5788564415"
CLIENTE31,Khengar,"0,5788972362"
CLIENTE259,Ashkora,"0,5790000111"
CLIENTE53,Tomarath,"0,5790471941"
CLIENTE220,Greywatch,"0,579264033"
CLIENTE550,Chenara,"0,5793280081"
CLIENTE124,Klunheim,"0,5793456668"
CLIENTE475,TwinPillars,"0,5795263984"
CLIENTE204,Tempestia,"0,5795573251"
CLIENTE169,Iskeld,"0,5796657042"
CLIENTE115,Winhill,"0,5797052653"
CLIENTE129,Deeptrench,"0,5797282799"
CLIENTE34,Deliora,"0,5797601965"
CLIENTE279,Laputa,"0,579824378"
CLIENTE40,Ashkora,"0,579876315"
CLIENTE314,Midgar,"0,5799311843"
CLIENTE248,Piscara,"0,5799753835"
CLIENTE265,Piscara,"0,5799921003"
CLIENTE691,Midgar,"0,5800105968"
CLIENTE589,Grimvale,"0,5800477981"
CLIENTE309,Deeptrench,"0,5801409314"
CLIENTE454,Chenara,"0,5802398425"
CLIENTE10,Zaphura,"0,5803094719"
CLIENTE452,Walden,"0,5804411906"
CLIENTE506,Yeygard,"0,5804673941"
CLIENTE702,Ulthar,"0,5804918312"
CLIENTE696,Skellige,"0,5805049577"
CLIENTE126,Jakura,"0,5805062473"
CLIENTE225,Lothlorien,"0,5805763232"
CLIENTE476,Stormbar,"0,5807063636"
CLIENTE576,Deliora,"0,5809459422"
CLIENTE105,Zuldazar,"0,5809715458"
CLIENTE30,Kakariko,"0,5810717316"
CLIENTE356,Salvaris,"0,5811739664"
CLIENTE314,Limoria,"0,5812473958"
CLIENTE208,Gerudo,"0,5813744981"
CLIENTE567,Skyreach,"0,5814151178"
CLIENTE271,Namek,"0,5814592617"
CLIENTE639,Nosgoth,"0,5816563492"
CLIENTE667,Winhill,"0,581709425"
CLIENTE129,Tutira,"0,5817661132"
CLIENTE143,Deeptrench,"0,5817889772"
CLIENTE434,Johto,"0,581818229"
CLIENTE156,Ironfall,"0,5819605545"
CLIENTE309,Spira,"0,581970467"
CLIENTE655,Stevanor,"0,5820639502"
CLIENTE47,Gerudo,"0,5820802573"
CLIENTE460,Nighthaven,"0,5821873872"
CLIENTE448,Uinhold,"0,5823678037"
CLIENTE130,Azural,"0,5823780993"
CLIENTE267,Nurmengard,"0,582567168"
CLIENTE301,Seireitei,"0,582599001"
CLIENTE217,Termina,"0,5826606917"
CLIENTE222,Ashkora,"0,5826851095"
CLIENTE224,Limoria,"0,5828917546"
CLIENTE235,Solstheim,"0,5830078719"
CLIENTE36,Riorin,"0,583034767"
CLIENTE209,Viscara,"0,583064061"
CLIENTE77,Konoha,"0,5831809765"
CLIENTE552,Casperia,"0,5832097005"
CLIENTE135,Tempestia,"0,5832153797"
CLIENTE17,Resembool,"0,5832747172"
CLIENTE385,Spira,"0,5833233649"
CLIENTE694,Savois,"0,5834779351"
CLIENTE372,Nyagara,"0,583628692"
CLIENTE204,Dornfall,"0,5837645264"
CLIENTE162,Promethea,"0,5839195345"
CLIENTE312,Stevanor,"0,5839732365"
CLIENTE446,Pausen,"0,5841033583"
CLIENTE297,Sidora,"0,584357309"
CLIENTE177,Jakura,"0,5844162584"
CLIENTE421,Lathen,"0,5844601129"
CLIENTE464,Yenfall,"0,584481845"
CLIENTE355,Jakura,"0,5846386538"
CLIENTE615,Yatora,"0,584664531"
CLIENTE603,Perseon,"0,5846834079"
CLIENTE273,Yokara,"0,5847048818"
CLIENTE304,Tomarath,"0,5847299714"
CLIENTE356,Drinmoor,"0,5849857824"
CLIENTE439,Rocabar,"0,5851072201"
CLIENTE459,Kharon,"0,5852260733"
CLIENTE233,Kharon,"0,5852346341"
CLIENTE142,Ashkora,"0,5852391192"
CLIENTE337,Besaid,"0,5853297858"
CLIENTE559,Ivalice,"0,5854019468"
CLIENTE259,Glenhaven,"0,5854175006"
CLIENTE30,Johto,"0,5855686151"
CLIENTE445,Vancross,"0,5855842004"
CLIENTE56,Solstheim,"0,5855986248"
CLIENTE104,Besaid,"0,5856174961"
CLIENTE465,Sunreach,"0,5858196101"
CLIENTE592,Marineford,"0,5860759584"
CLIENTE712,Lathen,"0,5861519451"
CLIENTE332,Spira,"0,586156335"
CLIENTE676,Viscara,"0,5861872555"
CLIENTE186,Chenara,"0,5862763551"
CLIENTE205,Cairhien,"0,5862766236"
CLIENTE125,Kakariko,"0,5863386602"
CLIENTE283,Tempestia,"0,58634198"
CLIENTE606,Obsidian,"0,5864296674"
CLIENTE90,Kakariko,"0,5864308923"
CLIENTE475,Valyria,"0,5864894877"
CLIENTE30,Promethea,"0,5864940632"
CLIENTE685,Iyomar,"0,5865789287"
CLIENTE59,Stonegate,"0,5867232749"
CLIENTE654,Huern,"0,586829477"
CLIENTE163,Spira,"0,5868306816"
CLIENTE535,Ulthar,"0,5869659737"
CLIENTE230,Memphos,"0,5869877367"
CLIENTE607,Azkaban,"0,5870421721"
CLIENTE236,Sectorium,"0,5872180338"
CLIENTE102,Pillarreach,"0,5872542628"
CLIENTE643,Deliora,"0,5872813361"
CLIENTE28,Uinhold,"0,5875331095"
CLIENTE131,Kobaris,"0,5875668955"
CLIENTE678,Sethera,"0,5875928352"
CLIENTE656,Kragspire,"0,587745504"
CLIENTE78,Wuhaven,"0,5878026725"
CLIENTE326,Dornfall,"0,5878473985"
CLIENTE238,Rivenspire,"0,5878799069"
CLIENTE208,Dragmere,"0,5879102686"
CLIENTE204,Limoria,"0,5880242584"
CLIENTE212,TwinPillars,"0,5880396922"
CLIENTE531,Cairhien,"0,5880520383"
CLIENTE352,Amoneth,"0,5881479355"
CLIENTE358,Qineth,"0,5881691111"
CLIENTE528,Nibelheim,"0,5881994132"
CLIENTE91,Duskwall,"0,5882351126"
CLIENTE207,Imre,"0,5883179082"
CLIENTE208,Solhara,"0,5884611962"
CLIENTE477,Stonegate,"0,5886893501"
CLIENTE616,Drinmoor,"0,5887323026"
CLIENTE613,Cairhien,"0,5887896907"
CLIENTE441,Nassauia,"0,5888779509"
CLIENTE505,Askr,"0,5889994549"
CLIENTE35,Yjigar,"0,589070203"
CLIENTE713,Jakura,"0,5890997415"
CLIENTE121,Sableport,"0,58912953"
CLIENTE372,Altissia,"0,5891382935"
CLIENTE524,Elysor,"0,5891639253"
CLIENTE370,Tarbean,"0,5891870183"
CLIENTE94,Ivalice,"0,5893602215"
CLIENTE155,Greywatch,"0,5894472819"
CLIENTE638,Lyngard,"0,5894949455"
CLIENTE494,Tuxara,"0,5895562015"
CLIENTE142,Marineford,"0,5895632974"
CLIENTE118,Sectorium,"0,5896764109"
CLIENTE85,Valisthea,"0,5897634354"
CLIENTE510,Hollowmar,"0,5897872216"
CLIENTE39,Posthaven,"0,5899686297"
CLIENTE582,Qineth,"0,5900199419"
CLIENTE69,Nosgoth,"0,5900460939"
CLIENTE181,Brakmar,"0,5900902958"
CLIENTE186,Sectorium,"0,5901493295"
CLIENTE151,Namek,"0,5901595905"
CLIENTE592,Viscara,"0,590232726"
CLIENTE645,Sectorium,"0,5902700831"
CLIENTE535,Helheim,"0,5902940215"
CLIENTE523,Gerudo,"0,5904314585"
CLIENTE559,Kakariko,"0,5906155547"
CLIENTE477,Quasmar,"0,590708497"
CLIENTE247,Nyagara,"0,5907253931"
CLIENTE184,Northfall,"0,590768708"
CLIENTE26,Nosgoth,"0,5908185288"
CLIENTE126,Cairhien,"0,5909184274"
CLIENTE227,Ishgard,"0,5909909337"
CLIENTE340,Besaid,"0,5910048304"
CLIENTE578,Tchurion,"0,5910132788"
CLIENTE365,Hollowmar,"0,5911440008"
CLIENTE470,Tarbean,"0,5913657526"
CLIENTE198,Posthaven,"0,5916648642"
CLIENTE104,Azkaban,"0,5917481087"
CLIENTE210,Northfall,"0,5918746964"
CLIENTE7,Askr,"0,5919857841"
CLIENTE364,Hazoria,"0,5919875011"
CLIENTE608,Altissia,"0,592007334"
CLIENTE122,Limoria,"0,5922023624"
CLIENTE508,Tartarus,"0,5922121404"
CLIENTE713,Klunheim,"0,5922462993"
CLIENTE671,Fernwall,"0,5923069621"
CLIENTE63,Ichoris,"0,5924425328"
CLIENTE483,Lathen,"0,5925972353"
CLIENTE24,Brightfall,"0,592609217"
CLIENTE302,Qineth,"0,5926286863"
CLIENTE229,Kandor,"0,5926428591"
CLIENTE67,Bethlehem,"0,5926890694"
CLIENTE378,Iskeld,"0,5929101579"
CLIENTE674,Sunreach,"0,592922346"
CLIENTE671,Tarbean,"0,5930085824"
CLIENTE416,Galdrin,"0,5931707943"
CLIENTE330,Lochbar,"0,5933142258"
CLIENTE173,Deliora,"0,5933960296"
CLIENTE22,Mythra,"0,5935457713"
CLIENTE409,Mondstadt,"0,5935798522"
CLIENTE558,Johto,"0,5936450177"
CLIENTE308,Iyomar,"0,593649753"
CLIENTE705,Ossandor,"0,5936498282"
CLIENTE359,Limoria,"0,5936699211"
CLIENTE401,Haldryn,"0,5938029754"
CLIENTE686,Tahlenwald,"0,5938030526"
CLIENTE125,Mythra,"0,5938377197"
CLIENTE710,Limoria,"0,593846748"
CLIENTE109,Tartarus,"0,5938642904"
CLIENTE693,Posthaven,"0,5940082107"
CLIENTE130,Nurmengard,"0,594012643"
CLIENTE519,Askr,"0,5942370648"
CLIENTE483,Drinmoor,"0,5942926783"
CLIENTE296,Spira,"0,594469977"
CLIENTE41,Muskara,"0,5945008325"
CLIENTE139,Humeria,"0,5945167424"
CLIENTE203,Duskwall,"0,5945549393"
CLIENTE151,Bethlehem,"0,5945659"
CLIENTE495,Besaid,"0,5946532343"
CLIENTE85,Stevanor,"0,5946854432"
CLIENTE133,Obsidian,"0,594714687"
CLIENTE261,Brightfall,"0,5948627187"
CLIENTE200,Perseon,"0,5949154612"
CLIENTE318,Mythra,"0,5950501732"
CLIENTE526,Nenaris,"0,5950513446"
CLIENTE383,Philgaia,"0,5951089331"
CLIENTE308,Inoria,"0,5952439635"
CLIENTE563,Obsidian,"0,5952488447"
CLIENTE227,Kragspire,"0,5952715134"
CLIENTE376,Rlyeh,"0,5953159795"
CLIENTE243,Kragspire,"0,5954705602"
CLIENTE609,Hogwarts,"0,595610677"
CLIENTE283,Nenaris,"0,5956202219"
CLIENTE671,Promethea,"0,5957023573"
CLIENTE619,Cairhien,"0,5957458902"
CLIENTE333,TwinPillars,"0,5958000764"
CLIENTE264,Zuldazar,"0,596045589"
CLIENTE257,Nassauia,"0,5960594004"
CLIENTE308,Brakmar,"0,5961054525"
CLIENTE243,Paldea,"0,5961589003"
CLIENTE119,Pandora,"0,5961605186"
CLIENTE683,Melvara,"0,5962765635"
CLIENTE440,Cairhien,"0,596351338"
CLIENTE380,Quasmar,"0,596430517"
CLIENTE431,Northfall,"0,5964708718"
CLIENTE574,Johto,"0,5965952318"
CLIENTE379,Jindara,"0,5966775048"
CLIENTE706,Liones,"0,5968026824"
CLIENTE17,Tahlenwald,"0,5968981289"
CLIENTE288,Tutira,"0,5969490951"
CLIENTE435,Solstheim,"0,5969589481"
CLIENTE26,Fernwall,"0,5969891976"
CLIENTE322,Pillarreach,"0,5970513048"
CLIENTE154,Nenaris,"0,5971133286"
CLIENTE244,Klunheim,"0,5971205559"
CLIENTE259,Ivalice,"0,5971992484"
CLIENTE291,Amoneth,"0,5972109645"
CLIENTE492,Surakai,"0,5972572831"
CLIENTE602,Wuhaven,"0,597295007"
CLIENTE416,Lothlorien,"0,5973051244"
CLIENTE645,Namek,"0,5973798287"
CLIENTE455,Riorin,"0,5974144011"
CLIENTE414,Savois,"0,5974808915"
CLIENTE84,Ykoura,"0,5976032898"
CLIENTE128,Stormbar,"0,5977110715"
CLIENTE46,Ranskar,"0,5977540926"
CLIENTE368,Thalassar,"0,5977837562"
CLIENTE548,Haldryn,"0,5978920967"
CLIENTE406,Lathen,"0,5978969133"
CLIENTE690,Greywatch,"0,5979241797"
CLIENTE390,Viscara,"0,5980441256"
CLIENTE673,Aeusserst,"0,5981635414"
CLIENTE59,Resembool,"0,5982362597"
CLIENTE321,Nenaris,"0,5982380293"
CLIENTE249,Promethea,"0,5985362593"
CLIENTE534,Khengar,"0,5986140323"
CLIENTE588,Nassauia,"0,5986442388"
CLIENTE632,Zuldazar,"0,5987867976"
CLIENTE431,Ykoura,"0,5988717754"
CLIENTE464,Seireitei,"0,598898472"
CLIENTE454,Altissia,"0,5989519972"
CLIENTE116,Salvaris,"0,5989859753"
CLIENTE325,Altissia,"0,5990212134"
CLIENTE579,Targalon,"0,5990509466"
CLIENTE281,Valyria,"0,5991574732"
CLIENTE228,Melvara,"0,5992054742"
CLIENTE520,Kakariko,"0,5992683762"
CLIENTE189,Perseon,"0,5994643659"
CLIENTE331,Johto,"0,5995382615"
CLIENTE569,Prontera,"0,599565395"
CLIENTE122,Hazoria,"0,5995704914"
CLIENTE517,Drinmoor,"0,5995840638"
CLIENTE660,Duskwall,"0,5996454411"
CLIENTE636,Limoria,"0,5996828601"
CLIENTE221,Pausen,"0,5997709207"
CLIENTE273,Pangara,"0,5998000548"
CLIENTE17,Rlyeh,"0,5998041986"
CLIENTE182,Melvara,"0,5999820085"
CLIENTE318,Humeria,"0,5999824684"
CLIENTE13,Tempestia,"0,6000068776"
CLIENTE629,Posthaven,"0,6000762145"
CLIENTE350,Brightfall,"0,6001549041"
CLIENTE334,Bethlehem,"0,6002592093"
CLIENTE130,Brightfall,"0,600274319"
CLIENTE165,Azural,"0,6003806133"
CLIENTE239,Stevanor,"0,6003976864"
CLIENTE585,Duskwall,"0,6004304542"
CLIENTE266,Imre,"0,6006176526"
CLIENTE193,Stevanor,"0,6006269873"
CLIENTE329,Haldryn,"0,6008134377"
CLIENTE348,Ichoris,"0,6008805416"
CLIENTE534,Manshade,"0,6009681501"
CLIENTE37,Windscar,"0,6009867005"
CLIENTE501,Skellige,"0,6011751179"
CLIENTE166,Sidora,"0,6012431663"
CLIENTE281,Stonegate,"0,6012825011"
CLIENTE501,Ossandor,"0,6013755432"
CLIENTE55,Nyagara,"0,6013806083"
CLIENTE623,Sectorium,"0,6017266507"
CLIENTE121,Nyagara,"0,601739865"
CLIENTE171,Sectorium,"0,6017549418"
CLIENTE272,Highspire,"0,6017743972"
CLIENTE608,Pausen,"0,6019170917"
CLIENTE231,Lathen,"0,601979934"
CLIENTE85,Dornfall,"0,6020011193"
CLIENTE498,Calcara,"0,6020740407"
CLIENTE676,Stormhold,"0,6021350926"
CLIENTE608,Swindale,"0,6022045453"
CLIENTE525,Drinmoor,"0,6023156105"
CLIENTE516,Riorin,"0,6023893213"
CLIENTE408,Pillarreach,"0,6023977618"
CLIENTE592,Tarbean,"0,6024381385"
CLIENTE677,Pandora,"0,602454092"
CLIENTE57,Lathen,"0,6024710467"
CLIENTE553,Limoria,"0,6024733684"
CLIENTE308,Eredin,"0,6024957947"
CLIENTE439,Raumor,"0,6026188681"
CLIENTE375,Mythra,"0,6026445526"
CLIENTE617,Azural,"0,6028276832"
CLIENTE309,Surakai,"0,6028898532"
CLIENTE667,Brightfall,"0,6029063971"
CLIENTE683,Ranskar,"0,6029241234"
CLIENTE273,Kakariko,"0,6029398645"
CLIENTE634,Ngorim,"0,6029613838"
CLIENTE501,Salvaris,"0,6030093241"
CLIENTE693,Tartarus,"0,603031549"
CLIENTE621,Zuldazar,"0,6030370823"
CLIENTE184,TwinPillars,"0,6030742972"
CLIENTE61,Lathen,"0,6030809947"
CLIENTE96,Hollowmar,"0,6031476867"
CLIENTE162,Perseon,"0,6033793957"
CLIENTE162,Nosgoth,"0,6034177876"
CLIENTE619,Obsidian,"0,6034438464"
CLIENTE123,Morrowind,"0,6034484114"
CLIENTE175,Lochbar,"0,6036544601"
CLIENTE579,Haldryn,"0,6036811659"
CLIENTE18,Yenfall,"0,6037951926"
CLIENTE702,Thalassar,"0,6039530003"
CLIENTE461,Uinhold,"0,603959083"
CLIENTE322,Brakmar,"0,6039639311"
CLIENTE89,Manifold,"0,6040836101"
CLIENTE67,Calcara,"0,6041117321"
CLIENTE124,Yenfall,"0,6041528211"
CLIENTE662,Limoria,"0,6041984951"
CLIENTE252,Manifold,"0,6042813445"
CLIENTE5,Ironfall,"0,6042907888"
CLIENTE175,Khengar,"0,6043731805"
CLIENTE524,Dornfall,"0,6044766665"
CLIENTE130,Tutira,"0,6046160126"
CLIENTE546,Haldryn,"0,6048115123"
CLIENTE597,Tuxara,"0,6048903058"
CLIENTE535,Tutira,"0,6050338131"
CLIENTE394,Obsidian,"0,6051580127"
CLIENTE696,Sableport,"0,6051863784"
CLIENTE473,Solhara,"0,6052029457"
CLIENTE313,Stonegate,"0,6053059503"
CLIENTE510,Valyria,"0,6053279252"
CLIENTE282,Hyrule,"0,6053516414"
CLIENTE671,Yjigar,"0,6053931664"
CLIENTE451,Windscar,"0,6056501937"
CLIENTE521,Klunheim,"0,6057662719"
CLIENTE377,Namek,"0,6059615385"
CLIENTE439,Kharon,"0,6061097211"
CLIENTE314,Tartarus,"0,6061500012"
CLIENTE30,Galdrin,"0,6062561"
CLIENTE206,Melvara,"0,6062579427"
CLIENTE411,Koktahl,"0,6063241751"
CLIENTE80,Jakura,"0,6063478493"
CLIENTE410,Alabasta,"0,606364739"
CLIENTE175,Lyngard,"0,6064211822"
CLIENTE579,Promethea,"0,6064431227"
CLIENTE648,Askr,"0,6065503984"
CLIENTE262,Shadowpeak,"0,606576694"
CLIENTE425,Pandora,"0,6065782977"
CLIENTE652,Dirtmouth,"0,6066936978"
CLIENTE139,Swindale,"0,6067685825"
CLIENTE19,Osaria,"0,6067796187"
CLIENTE515,Viscara,"0,6067876846"
CLIENTE404,Ulthar,"0,6067972655"
CLIENTE230,Nosgoth,"0,6068099657"
CLIENTE71,Obsidian,"0,6068244521"
CLIENTE361,Mondstadt,"0,6068421637"
CLIENTE662,Riorin,"0,6070552328"
CLIENTE378,Calcara,"0,607073652"
CLIENTE54,Elysor,"0,6074174246"
CLIENTE183,Resembool,"0,607429196"
CLIENTE297,Pangara,"0,6074630998"
CLIENTE233,Laputa,"0,607487227"
CLIENTE538,Melvara,"0,6075310778"
CLIENTE600,Skyreach,"0,6075439758"
CLIENTE592,Valisthea,"0,6075529667"
CLIENTE488,Calcara,"0,6076123518"
CLIENTE48,Obsidian,"0,6079049472"
CLIENTE177,Termina,"0,6079505444"
CLIENTE48,Ngorim,"0,6081144933"
CLIENTE234,Sableport,"0,6081227794"
CLIENTE210,Yeygard,"0,6081825045"
CLIENTE560,Pangara,"0,6083408652"
CLIENTE200,Koktahl,"0,608387641"
CLIENTE329,Grimvale,"0,6083957558"
CLIENTE332,Jindara,"0,6084393501"
CLIENTE689,Nighthaven,"0,6085479126"
CLIENTE419,Jakura,"0,6085745354"
CLIENTE660,Sidora,"0,6085853074"
CLIENTE63,Yatora,"0,6086163771"
CLIENTE499,Nyagara,"0,6086772931"
CLIENTE188,Valyria,"0,6087257615"
CLIENTE152,Tarbean,"0,6088861304"
CLIENTE62,Melvara,"0,6088917606"
CLIENTE426,Hazoria,"0,6089360363"
CLIENTE61,Ashkora,"0,6089597729"
CLIENTE157,Khengar,"0,6089666869"
CLIENTE497,Ichoris,"0,6089893496"
CLIENTE504,Piscara,"0,6091152931"
CLIENTE495,Lothlorien,"0,6092853556"
CLIENTE513,Elzion,"0,6093106071"
CLIENTE5,Kandor,"0,6093172542"
CLIENTE396,Spira,"0,6093991001"
CLIENTE429,Thalassar,"0,6094410884"
CLIENTE246,Ivalice,"0,6097494062"
CLIENTE509,Kobaris,"0,6098907038"
CLIENTE58,Bethlehem,"0,6099358847"
CLIENTE644,Solhara,"0,6100511316"
CLIENTE252,Prontera,"0,6101934273"
CLIENTE409,Targalon,"0,6102554595"
CLIENTE344,Xinthar,"0,610316269"
CLIENTE500,Jakura,"0,6103535226"
CLIENTE84,Iskeld,"0,6104901681"
CLIENTE520,Johto,"0,6106774427"
CLIENTE37,Surakai,"0,6108344996"
CLIENTE38,Skyreach,"0,6108511555"
CLIENTE222,Raumor,"0,6109595896"
CLIENTE489,Johto,"0,6110128068"
CLIENTE644,Obsidian,"0,6110471495"
CLIENTE229,Solstheim,"0,6110744414"
CLIENTE17,Brakmar,"0,6111241144"
CLIENTE223,Promethea,"0,6111567209"
CLIENTE133,Rocabar,"0,6112317788"
CLIENTE529,Uinhold,"0,6112391987"
CLIENTE423,Zanarkand,"0,6113180069"
CLIENTE508,Helheim,"0,6113290179"
CLIENTE530,Hollowmar,"0,6113537086"
CLIENTE393,Uinhold,"0,611368724"
CLIENTE44,Liones,"0,6114671859"
CLIENTE442,Savois,"0,6114704545"
CLIENTE323,Piscara,"0,6115420374"
CLIENTE206,Swindale,"0,6116259709"
CLIENTE194,Ironfall,"0,6116270689"
CLIENTE390,Salvaris,"0,6117072506"
CLIENTE364,Grimvale,"0,6117384823"
CLIENTE100,Brightfall,"0,6117409057"
CLIENTE539,Hollowmar,"0,6117978298"
CLIENTE6,Konoha,"0,6120516878"
CLIENTE467,Amoneth,"0,6121547632"
CLIENTE71,Cairhien,"0,6121629939"
CLIENTE272,Dragmere,"0,6122207839"
CLIENTE542,Muskara,"0,6122637529"
CLIENTE428,Kakariko,"0,6123584513"
CLIENTE415,Stevanor,"0,6123613007"
CLIENTE392,Skyreach,"0,6124068743"
CLIENTE632,Yatora,"0,6124397121"
CLIENTE525,Duskwall,"0,6126228646"
CLIENTE257,Ashkora,"0,6126663429"
CLIENTE692,Ossandor,"0,612691493"
CLIENTE147,Ranskar,"0,6127291329"
CLIENTE352,Nosgoth,"0,6127386237"
CLIENTE337,Rocabar,"0,6127475948"
CLIENTE299,Alabasta,"0,6127602629"
CLIENTE597,Namek,"0,6128128649"
CLIENTE419,Glenhaven,"0,6129216201"
CLIENTE625,Greywatch,"0,6129279656"
CLIENTE618,Helheim,"0,6129432585"
CLIENTE22,Deeptrench,"0,6130150201"
CLIENTE363,Calcara,"0,6130157216"
CLIENTE143,Raumor,"0,6130314536"
CLIENTE164,Brightfall,"0,6130393166"
CLIENTE133,Kakariko,"0,6133397977"
CLIENTE251,Valyria,"0,6134474892"
CLIENTE530,Raumor,"0,6134854544"
CLIENTE427,Ossandor,"0,6134893089"
CLIENTE276,Shadowpeak,"0,6135154878"
CLIENTE216,Azkaban,"0,6135616815"
CLIENTE601,Namek,"0,6135648602"
CLIENTE493,Stonegate,"0,6136883169"
CLIENTE272,Konoha,"0,6137426018"
CLIENTE395,Vancross,"0,6138352874"
CLIENTE576,Bethlehem,"0,6139937196"
CLIENTE445,Iyomar,"0,6140285389"
CLIENTE634,Sableport,"0,6140722177"
CLIENTE54,Bethlehem,"0,614077284"
CLIENTE329,Nyagara,"0,6140850526"
CLIENTE140,Huern,"0,6141301759"
CLIENTE343,Pausen,"0,6141893468"
CLIENTE621,Rivenspire,"0,6141896863"
CLIENTE278,Stevanor,"0,6142309822"
CLIENTE578,Manifold,"0,614293545"
CLIENTE120,Alabasta,"0,6143912947"
CLIENTE310,Termina,"0,614495241"
CLIENTE269,Limoria,"0,6145273322"
CLIENTE62,Manshade,"0,6146320982"
CLIENTE238,Northfall,"0,6147339853"
CLIENTE495,Koktahl,"0,6147695178"
CLIENTE282,Perseon,"0,614809632"
CLIENTE659,Ichoris,"0,6148273298"
CLIENTE674,Askr,"0,6148354435"
CLIENTE151,Koktahl,"0,6149991202"
CLIENTE454,Rocabar,"0,615038994"
CLIENTE145,Philgaia,"0,6150930858"
CLIENTE522,Dirtmouth,"0,6152962775"
CLIENTE175,Resembool,"0,6153326406"
CLIENTE608,Muskara,"0,6153670875"
CLIENTE171,Paldea,"0,6153740315"
CLIENTE673,Viscara,"0,6154556456"
CLIENTE307,Prontera,"0,6154712813"
CLIENTE88,Philgaia,"0,6155003062"
CLIENTE158,Imre,"0,615504496"
CLIENTE397,Tempestia,"0,6156532991"
CLIENTE585,Kandor,"0,6157627799"
CLIENTE651,Posthaven,"0,6157714406"
CLIENTE407,Askr,"0,6159606207"
CLIENTE526,Glenhaven,"0,6159947748"
CLIENTE140,Yjigar,"0,6160030687"
CLIENTE367,Kobaris,"0,6161015211"
CLIENTE177,Namek,"0,6161651444"
CLIENTE533,Pillarreach,"0,6161827916"
CLIENTE483,Mountglass,"0,6162044203"
CLIENTE494,Konoha,"0,6162519556"
CLIENTE236,Askr,"0,6163012414"
CLIENTE313,Rivenspire,"0,6163425105"
CLIENTE589,Jindara,"0,6163513037"
CLIENTE451,Khengar,"0,6164172826"
CLIENTE274,Pangara,"0,6165005392"
CLIENTE443,Valyria,"0,6166602005"
CLIENTE563,Liones,"0,6167188978"
CLIENTE66,Ulthar,"0,6167324775"
CLIENTE489,Iskeld,"0,6167839672"
CLIENTE442,Windscar,"0,6168225057"
CLIENTE636,Yjigar,"0,6171070556"
CLIENTE616,Pausen,"0,6171169137"
CLIENTE404,Cairhien,"0,6171573522"
CLIENTE320,Lothlorien,"0,6171616725"
CLIENTE294,Valisthea,"0,6171701792"
CLIENTE162,Raumor,"0,6172188546"
CLIENTE99,Tempestia,"0,6172234954"
CLIENTE114,Pillarreach,"0,6172316166"
CLIENTE552,Brightfall,"0,617338431"
CLIENTE100,Nenaris,"0,6173781831"
CLIENTE269,Lyngard,"0,6173939009"
CLIENTE459,Jindara,"0,61743845"
CLIENTE50,Glenhaven,"0,6176230691"
CLIENTE302,Tarbean,"0,6177093998"
CLIENTE644,Limoria,"0,6177926464"
CLIENTE640,Iskeld,"0,6179797797"
CLIENTE633,Azural,"0,6179935077"
CLIENTE74,Nibelheim,"0,6180121902"
CLIENTE427,Aeusserst,"0,618075511"
CLIENTE422,Sectorium,"0,618102499"
CLIENTE362,Uinhold,"0,618269539"
CLIENTE664,Manshade,"0,618302322"
CLIENTE375,Iskeld,"0,6183792479"
CLIENTE18,Tempestia,"0,6183817385"
CLIENTE4,Altissia,"0,6185136826"
CLIENTE36,Ivalice,"0,6185482668"
CLIENTE209,Dirtmouth,"0,6186194114"
CLIENTE310,Haldryn,"0,6186805306"
CLIENTE68,Koktahl,"0,6187582948"
CLIENTE682,Askr,"0,6187651204"
CLIENTE57,Winhill,"0,618915735"
CLIENTE650,Cartheia,"0,6190087575"
CLIENTE37,Sethera,"0,6190824256"
CLIENTE47,Drinmoor,"0,6193131539"
CLIENTE676,Fernwall,"0,6193293007"
CLIENTE651,Lyngard,"0,619363196"
CLIENTE10,Salvaris,"0,6193780602"
CLIENTE458,Laputa,"0,6194108631"
CLIENTE531,Yokara,"0,6194150678"
CLIENTE587,Rlyeh,"0,6194170623"
CLIENTE641,Kragspire,"0,6194470067"
CLIENTE26,Tutira,"0,6194481126"
CLIENTE443,TwinPillars,"0,6194547402"
CLIENTE596,Termina,"0,6194610826"
CLIENTE467,Dirtmouth,"0,619520016"
CLIENTE506,Humeria,"0,6195332262"
CLIENTE91,Stonegate,"0,6196213643"
CLIENTE217,Khengar,"0,6197417688"
CLIENTE22,Surakai,"0,6197876382"
CLIENTE130,Yatora,"0,6197960035"
CLIENTE110,Cartheia,"0,6198484357"
CLIENTE487,Nighthaven,"0,6199396317"
CLIENTE297,Seireitei,"0,6199823271"
CLIENTE287,Ossandor,"0,6200597051"
CLIENTE389,Tutira,"0,6201983095"
CLIENTE251,Lyngard,"0,6202758305"
CLIENTE95,Melvara,"0,6203730881"
CLIENTE161,Skellige,"0,6203874446"
CLIENTE20,Lyngard,"0,6205532537"
CLIENTE76,Winhill,"0,6207497392"
CLIENTE565,Dragmere,"0,6207902655"
CLIENTE103,Zaphura,"0,6210373786"
CLIENTE269,Stormhold,"0,6210591993"
CLIENTE625,Khengar,"0,6211039344"
CLIENTE392,Koktahl,"0,6211859713"
CLIENTE301,Stevanor,"0,6213410077"
CLIENTE426,Zuldazar,"0,6214568479"
CLIENTE367,Lochbar,"0,6215186714"
CLIENTE465,Nenaris,"0,6215976155"
CLIENTE16,Vancross,"0,6216265059"
CLIENTE470,Calcara,"0,6216622561"
CLIENTE574,Manifold,"0,6216795257"
CLIENTE454,Dirtmouth,"0,6216903218"
CLIENTE142,Helheim,"0,6217181562"
CLIENTE655,Ichoris,"0,6217212143"
CLIENTE601,Skellige,"0,621759391"
CLIENTE610,Windscar,"0,6218437171"
CLIENTE14,Imre,"0,6218490276"
CLIENTE470,Pausen,"0,6218804436"
CLIENTE319,Rivenspire,"0,6218958351"
CLIENTE593,Sableport,"0,6219965014"
CLIENTE419,Haldryn,"0,6220373392"
CLIENTE393,Bethlehem,"0,6220527164"
CLIENTE322,Brightfall,"0,6221016846"
CLIENTE82,Yjigar,"0,6221219722"
CLIENTE564,Lyngard,"0,6222903667"
CLIENTE80,Rlyeh,"0,6223190238"
CLIENTE673,Zuldazar,"0,6223351377"
CLIENTE84,Besaid,"0,6223551317"
CLIENTE557,Rivenspire,"0,6224380858"
CLIENTE417,Khengar,"0,6224386806"
CLIENTE86,Resembool,"0,6224463952"
CLIENTE304,Ykoura,"0,6225603895"
CLIENTE656,Grimvale,"0,6225911361"
CLIENTE240,Zaphura,"0,6226266452"
CLIENTE234,Winhill,"0,6227223191"
CLIENTE316,Deepwater,"0,6227302496"
CLIENTE580,Hyrule,"0,6227661714"
CLIENTE362,Kragspire,"0,6228046638"
CLIENTE467,Pangara,"0,6228260524"
CLIENTE559,Azural,"0,6228603098"
CLIENTE591,Ngorim,"0,622910529"
CLIENTE643,Seireitei,"0,6230409441"
CLIENTE518,Zanarkand,"0,6230682372"
CLIENTE292,Pillarreach,"0,6231237896"
CLIENTE464,Sunreach,"0,6231498863"
CLIENTE118,Tutira,"0,6231732493"
CLIENTE336,Stormbar,"0,6232175883"
CLIENTE67,Khengar,"0,6232324668"
CLIENTE427,Valyria,"0,6232708102"
CLIENTE573,Zuldazar,"0,6232794175"
CLIENTE681,Lathen,"0,6233240614"
CLIENTE63,Lyngard,"0,6234281045"
CLIENTE325,Solhara,"0,6235098367"
CLIENTE378,Brakmar,"0,6235767209"
CLIENTE82,Salvaris,"0,6236418802"
CLIENTE320,Yjigar,"0,6236983955"
CLIENTE615,Rlyeh,"0,6237716055"
CLIENTE500,Ossandor,"0,6238391886"
CLIENTE688,Midgar,"0,6238880993"
CLIENTE313,Melvara,"0,6238967153"
CLIENTE704,Chenara,"0,6239417474"
CLIENTE211,Posthaven,"0,6239685124"
CLIENTE49,Solhara,"0,6240071742"
CLIENTE221,Dornfall,"0,624107555"
CLIENTE437,Yjigar,"0,6241233187"
CLIENTE463,Ranskar,"0,6241313139"
CLIENTE143,Calcara,"0,6241419648"
CLIENTE655,Huern,"0,62419475"
CLIENTE438,Deepwater,"0,6241961677"
CLIENTE444,Winhill,"0,6242106158"
CLIENTE113,Windscar,"0,6243300613"
CLIENTE578,Sectorium,"0,6243316726"
CLIENTE270,Sethera,"0,6243990192"
CLIENTE283,Azkaban,"0,6245611086"
CLIENTE198,Nassauia,"0,6245697242"
CLIENTE416,Sectorium,"0,6248121273"
CLIENTE506,Khengar,"0,6248530007"
CLIENTE81,Rocabar,"0,6248814589"
CLIENTE434,Tutira,"0,6249582579"
CLIENTE527,TwinPillars,"0,6249899915"
CLIENTE235,Pillarreach,"0,6250285258"
CLIENTE499,Noctis,"0,6250686643"
CLIENTE338,Dornfall,"0,625251054"
CLIENTE609,Aeusserst,"0,625325867"
CLIENTE216,Savois,"0,6253974828"
CLIENTE359,Solstheim,"0,625401098"
CLIENTE87,Midgar,"0,6254031275"
CLIENTE22,Pangara,"0,6254190478"
CLIENTE372,Surakai,"0,6254342789"
CLIENTE623,Kobaris,"0,6255576551"
CLIENTE5,Hazoria,"0,6255776319"
CLIENTE391,Sectorium,"0,6255847097"
CLIENTE31,Salvaris,"0,6256471695"
CLIENTE44,Manifold,"0,6256482709"
CLIENTE661,Tartarus,"0,6257262459"
CLIENTE10,Elysor,"0,6257704142"
CLIENTE89,Sableport,"0,6258202085"
CLIENTE143,Bethlehem,"0,6258695817"
CLIENTE232,Ichoris,"0,6259603748"
CLIENTE359,Tempestia,"0,6260471416"
CLIENTE191,Tahlenwald,"0,6261480567"
CLIENTE617,Stevanor,"0,6261649832"
CLIENTE128,Seireitei,"0,6262541368"
CLIENTE9,Besaid,"0,626375567"
CLIENTE243,Kharon,"0,6264882413"
CLIENTE76,Casperia,"0,6265021337"
CLIENTE507,Resembool,"0,6265084988"
CLIENTE298,Stevanor,"0,6265303953"
CLIENTE497,Askr,"0,6265609509"
CLIENTE669,Midgar,"0,6266556591"
CLIENTE588,Chenara,"0,6267918518"
CLIENTE55,Besaid,"0,6268927843"
CLIENTE515,Midgar,"0,626904688"
CLIENTE409,Posthaven,"0,6269786076"
CLIENTE375,Tomarath,"0,6271205316"
CLIENTE14,Sidora,"0,627196014"
CLIENTE99,Nassauia,"0,6273846202"
CLIENTE389,Jakura,"0,6273988476"
CLIENTE350,Jindara,"0,6274096916"
CLIENTE488,Namek,"0,627588886"
CLIENTE129,Iskeld,"0,6278038009"
CLIENTE18,Rlyeh,"0,6278565005"
CLIENTE169,Rivenspire,"0,6278578747"
CLIENTE177,Pangara,"0,6279793647"
CLIENTE681,Obsidian,"0,6280275089"
CLIENTE708,Mythra,"0,6280421999"
CLIENTE418,Iyomar,"0,628155126"
CLIENTE282,Solstheim,"0,6281892182"
CLIENTE177,Casperia,"0,6282188953"
CLIENTE612,Deliora,"0,6282876614"
CLIENTE108,Spira,"0,6283107177"
CLIENTE111,Laputa,"0,6283284216"
CLIENTE265,Iyomar,"0,6287156253"
CLIENTE704,Ishgard,"0,6287510223"
CLIENTE286,Alabasta,"0,6288917002"
CLIENTE209,Rlyeh,"0,6290181805"
CLIENTE346,Wuhaven,"0,6290421754"
CLIENTE713,Duskwall,"0,6290873595"
CLIENTE100,Walden,"0,6291317353"
CLIENTE115,Valisthea,"0,6291815686"
CLIENTE257,Deliora,"0,6292877997"
CLIENTE169,Pillarreach,"0,6293167297"
CLIENTE557,Kragspire,"0,6293457281"
CLIENTE173,Manshade,"0,6294511779"
CLIENTE544,Noctis,"0,6294553063"
CLIENTE376,Kharon,"0,629532323"
CLIENTE117,Promethea,"0,6295559254"
CLIENTE207,Kandor,"0,6295899029"
CLIENTE230,Konoha,"0,6296798336"
CLIENTE263,Dragmere,"0,6297456645"
CLIENTE461,Vancross,"0,6297658961"
CLIENTE555,Frosthelm,"0,6298688933"
CLIENTE239,Qineth,"0,6298918398"
CLIENTE485,Seireitei,"0,6299134101"
CLIENTE200,Muskara,"0,629914315"
CLIENTE226,Resembool,"0,6299309012"
CLIENTE163,Galdrin,"0,6299623142"
CLIENTE376,Stormhold,"0,6300388273"
CLIENTE346,Jadehold,"0,6300471073"
CLIENTE394,Rocabar,"0,6301304385"
CLIENTE680,Limoria,"0,6301380931"
CLIENTE309,TwinPillars,"0,6302790518"
CLIENTE631,Nosgoth,"0,6305239788"
CLIENTE561,Mountglass,"0,6305954053"
CLIENTE418,Bethlehem,"0,6305974374"
CLIENTE466,Namek,"0,6306108481"
CLIENTE222,Drinmoor,"0,6306944876"
CLIENTE297,Liones,"0,6308658014"
CLIENTE607,Stormhold,"0,6308659347"
CLIENTE627,Ishgard,"0,6310702331"
CLIENTE574,Sethera,"0,6311919328"
CLIENTE657,Ulthar,"0,6312099909"
CLIENTE194,Haldryn,"0,631345717"
CLIENTE505,Deepwater,"0,6313608879"
CLIENTE513,Stonegate,"0,6314452227"
CLIENTE46,Galdrin,"0,6314698401"
CLIENTE4,Seireitei,"0,63156113"
CLIENTE413,Riorin,"0,6315805815"
CLIENTE234,Fernwall,"0,6316385158"
CLIENTE217,Solhara,"0,6316777799"
CLIENTE286,Lathen,"0,6318302581"
CLIENTE669,Cartheia,"0,6318632433"
CLIENTE244,Promethea,"0,6318722982"
CLIENTE82,Cairhien,"0,6318929222"
CLIENTE543,Kharon,"0,6320148885"
CLIENTE394,Memphos,"0,6321663596"
CLIENTE309,Nosgoth,"0,6322181705"
CLIENTE520,Savois,"0,6322993247"
CLIENTE347,Deeptrench,"0,6323486928"
CLIENTE464,Stevanor,"0,6323502926"
CLIENTE95,Zuldazar,"0,6324575974"
CLIENTE681,Casperia,"0,6325946272"
CLIENTE424,Yjigar,"0,6326107752"
CLIENTE53,Iyomar,"0,632710247"
CLIENTE372,Philgaia,"0,6327639992"
CLIENTE268,Ranskar,"0,6330419476"
CLIENTE362,Riorin,"0,6330593219"
CLIENTE220,Prontera,"0,6331156501"
CLIENTE59,Inoria,"0,6332688722"
CLIENTE86,Sidora,"0,6334006233"
CLIENTE192,Spira,"0,6335265715"
CLIENTE77,Osaria,"0,6335652791"
CLIENTE40,Rocabar,"0,6335876782"
CLIENTE64,Salvaris,"0,6337723726"
CLIENTE428,Huern,"0,6338339899"
CLIENTE697,Piscara,"0,6338989722"
CLIENTE211,Spira,"0,6339746104"
CLIENTE292,Iyomar,"0,6341643262"
CLIENTE204,Osaria,"0,6341749723"
CLIENTE472,Valyria,"0,6342159592"
CLIENTE525,Azkaban,"0,6342990424"
CLIENTE446,Ulthar,"0,6343435268"
CLIENTE352,Tempestia,"0,6344390385"
CLIENTE95,Yjigar,"0,6345741505"
CLIENTE590,Limoria,"0,6345945829"
CLIENTE448,Kobaris,"0,6346079615"
CLIENTE151,Tomarath,"0,6347631263"
CLIENTE231,Nyagara,"0,6349525752"
CLIENTE472,Hyrule,"0,6350146881"
CLIENTE448,Kharon,"0,6350266301"
CLIENTE177,Paldea,"0,6351502495"
CLIENTE697,Tutira,"0,635228316"
CLIENTE117,Casperia,"0,6352463078"
CLIENTE76,Xinthar,"0,6352630723"
CLIENTE211,Pillarreach,"0,6352689053"
CLIENTE272,Mythra,"0,6353330978"
CLIENTE123,Xinthar,"0,6354145946"
CLIENTE479,Skyreach,"0,6355228292"
CLIENTE491,Kobaris,"0,6355722784"
CLIENTE233,Ichoris,"0,6355814805"
CLIENTE100,Skyreach,"0,6356558506"
CLIENTE680,Thalassar,"0,6358635594"
CLIENTE438,Manifold,"0,6359069574"
CLIENTE411,Yeygard,"0,6361793428"
CLIENTE157,Manifold,"0,6362263087"
CLIENTE186,Philgaia,"0,6363923796"
CLIENTE555,Mountglass,"0,6364023001"
CLIENTE525,Rivenspire,"0,6364322894"
CLIENTE362,Nighthaven,"0,6364569321"
CLIENTE93,Liones,"0,6366432479"
CLIENTE423,Manshade,"0,6366626932"
CLIENTE544,Namek,"0,6367036288"
CLIENTE47,Nosgoth,"0,6367052883"
CLIENTE575,Kharon,"0,6367134816"
CLIENTE156,Gerudo,"0,6367333957"
CLIENTE491,Qineth,"0,6367666911"
CLIENTE521,Hazoria,"0,6369001269"
CLIENTE522,Lathen,"0,6369059678"
CLIENTE200,Tomarath,"0,6369228502"
CLIENTE460,Kandor,"0,6369838343"
CLIENTE295,Stonegate,"0,6370194961"
CLIENTE578,Ulthar,"0,6370228219"
CLIENTE287,Pangara,"0,6370521943"
CLIENTE484,Lochbar,"0,6370905649"
CLIENTE418,Jadehold,"0,6371413555"
CLIENTE203,Humeria,"0,6372766295"
CLIENTE102,Ranskar,"0,6373627222"
CLIENTE11,Nibelheim,"0,6374007064"
CLIENTE21,Piscara,"0,6374964839"
CLIENTE224,Kandor,"0,6375275164"
CLIENTE677,Stormhold,"0,6375732312"
CLIENTE64,Zuldazar,"0,6376228374"
CLIENTE648,Piscara,"0,6376747659"
CLIENTE75,Helheim,"0,6378221177"
CLIENTE44,Windscar,"0,6378413744"
CLIENTE707,Skellige,"0,6378456183"
CLIENTE260,Liones,"0,6378480516"
CLIENTE31,TwinPillars,"0,6378623387"
CLIENTE401,Nosgoth,"0,6379004181"
CLIENTE58,Deeptrench,"0,6379745156"
CLIENTE416,Valisthea,"0,638088327"
CLIENTE462,Termina,"0,6381193109"
CLIENTE266,Highspire,"0,6381702615"
CLIENTE344,Iyomar,"0,6383152316"
CLIENTE378,Philgaia,"0,6383244066"
CLIENTE312,Valyria,"0,6384648632"
CLIENTE644,Lathen,"0,638482954"
CLIENTE36,Imre,"0,6385084822"
CLIENTE557,Nibelheim,"0,6385770737"
CLIENTE668,Shadowpeak,"0,6386249363"
CLIENTE22,Inoria,"0,6387355496"
CLIENTE585,Limoria,"0,6387583247"
CLIENTE707,Nassauia,"0,6389645992"
CLIENTE43,Stevanor,"0,6389777308"
CLIENTE48,Shadowpeak,"0,6390422459"
CLIENTE407,Mountglass,"0,6390478579"
CLIENTE244,Thalassar,"0,6393277946"
CLIENTE630,Ironfall,"0,6393671206"
CLIENTE560,Fernwall,"0,6393793367"
CLIENTE347,Ossandor,"0,6397245835"
CLIENTE539,Philgaia,"0,6397367399"
CLIENTE441,Hyrule,"0,6397632048"
CLIENTE77,Altissia,"0,6399414114"
CLIENTE125,Inoria,"0,6401214684"
CLIENTE551,Imre,"0,6401847341"
CLIENTE476,Helheim,"0,6401945377"
CLIENTE643,Qineth,"0,6402331377"
CLIENTE351,Sethera,"0,6404569857"
CLIENTE572,Thalassar,"0,6405908622"
CLIENTE310,TwinPillars,"0,6406048334"
CLIENTE287,Dragmere,"0,640605268"
CLIENTE537,Osaria,"0,6406134723"
CLIENTE346,Gerudo,"0,6406217338"
CLIENTE25,Azkaban,"0,640666193"
CLIENTE280,Hollowmar,"0,6407221499"
CLIENTE103,Yatora,"0,640826898"
CLIENTE648,Nyagara,"0,6408843115"
CLIENTE75,Koktahl,"0,6408997287"
CLIENTE387,Stormhold,"0,6410146176"
CLIENTE151,Surakai,"0,641070861"
CLIENTE691,Ykoura,"0,6412334702"
CLIENTE375,Askr,"0,6413044254"
CLIENTE322,Savois,"0,6413331583"
CLIENTE587,Morrowind,"0,6413568399"
CLIENTE312,Pillarreach,"0,6413681688"
CLIENTE575,Duskwall,"0,6413727901"
CLIENTE143,Tempestia,"0,641376595"
CLIENTE654,Kandor,"0,6414419965"
CLIENTE413,Skellige,"0,6416397549"
CLIENTE355,Ulthar,"0,6418519876"
CLIENTE109,Zanarkand,"0,6418921067"
CLIENTE481,Elysor,"0,6419283378"
CLIENTE208,Lochbar,"0,6419449791"
CLIENTE533,Namek,"0,642225489"
CLIENTE169,Glenhaven,"0,6422924474"
CLIENTE183,Muskara,"0,6425144674"
CLIENTE5,Imre,"0,6425552218"
CLIENTE239,Wuhaven,"0,642681124"
CLIENTE609,Paldea,"0,6427035374"
CLIENTE514,Koktahl,"0,6427517362"
CLIENTE535,Frosthelm,"0,6427603612"
CLIENTE390,Yenfall,"0,6429253095"
CLIENTE431,Thalassar,"0,6429284621"
CLIENTE640,Tuxara,"0,6430597082"
CLIENTE463,Ivalice,"0,6432420364"
CLIENTE635,Noctis,"0,6432475112"
CLIENTE473,Seireitei,"0,6435820087"
CLIENTE391,Obsidian,"0,6437146907"
CLIENTE379,Pillarreach,"0,6437721003"
CLIENTE354,Noctis,"0,6438502692"
CLIENTE89,Ulthar,"0,6439358049"
CLIENTE110,Grimvale,"0,6439441875"
CLIENTE243,Deepwater,"0,6439453605"
CLIENTE116,Manifold,"0,6439660468"
CLIENTE57,Ashkora,"0,6440669315"
CLIENTE139,Zanarkand,"0,6442450906"
CLIENTE573,Stonegate,"0,6443082018"
CLIENTE238,Tartarus,"0,6443402424"
CLIENTE288,Ranskar,"0,6443913977"
CLIENTE235,Winhill,"0,6445242359"
CLIENTE37,Calcara,"0,6445245074"
CLIENTE485,Solhara,"0,6445741471"
CLIENTE22,Lyngard,"0,6447038316"
CLIENTE254,Sunreach,"0,6448604013"
CLIENTE505,Huern,"0,6450566346"
CLIENTE368,Qineth,"0,6450702039"
CLIENTE211,Shadowpeak,"0,6452317586"
CLIENTE242,Mondstadt,"0,6452533182"
CLIENTE59,Duskwall,"0,6452644694"
CLIENTE185,Perseon,"0,6453630415"
CLIENTE201,Johto,"0,6454611097"
CLIENTE568,Prontera,"0,6454820814"
CLIENTE634,Tchurion,"0,6456775934"
CLIENTE168,Lyngard,"0,645688423"
CLIENTE31,Cartheia,"0,6457164694"
CLIENTE203,Yeygard,"0,6458428054"
CLIENTE137,Yjigar,"0,6459395495"
CLIENTE309,Cartheia,"0,6459440606"
CLIENTE441,Nighthaven,"0,6459871235"
CLIENTE639,Targalon,"0,6460115243"
CLIENTE506,Ulthar,"0,6460242361"
CLIENTE392,Nyagara,"0,646113866"
CLIENTE603,Manshade,"0,6461300325"
CLIENTE182,Nenaris,"0,6461811864"
CLIENTE225,Inoria,"0,6463760783"
CLIENTE29,Huern,"0,6464954637"
CLIENTE18,Targalon,"0,6466764737"
CLIENTE227,Casperia,"0,6466923005"
CLIENTE543,Quasmar,"0,6467270119"
CLIENTE522,Yatora,"0,6467880013"
CLIENTE244,Ivalice,"0,6468964495"
CLIENTE578,Haldryn,"0,6469785619"
CLIENTE325,Ishgard,"0,6470272465"
CLIENTE305,Pausen,"0,647279005"
CLIENTE479,Sethera,"0,647345044"
CLIENTE333,Jadehold,"0,6473823428"
CLIENTE80,Mondstadt,"0,647408481"
CLIENTE124,Nyagara,"0,6475648291"
CLIENTE554,Vancross,"0,6475917431"
CLIENTE249,Pangara,"0,6478561609"
CLIENTE368,Sunreach,"0,6478761575"
CLIENTE65,Tarbean,"0,6480299888"
CLIENTE87,Hazoria,"0,6480388758"
CLIENTE644,Kragspire,"0,6480717619"
CLIENTE15,Grimvale,"0,6480915536"
CLIENTE332,Zanarkand,"0,6482109441"
CLIENTE494,Besaid,"0,6482581806"
CLIENTE456,Iskeld,"0,6482853689"
CLIENTE387,Mountglass,"0,6482905519"
CLIENTE182,Ivalice,"0,6482911107"
CLIENTE598,Elysor,"0,64834239"
CLIENTE257,Sableport,"0,6483550734"
CLIENTE686,Termina,"0,6483864003"
CLIENTE283,Termina,"0,6484420012"
CLIENTE269,TwinPillars,"0,6485746975"
CLIENTE274,Deliora,"0,6486456345"
CLIENTE610,Alabasta,"0,6486462154"
CLIENTE558,Nosgoth,"0,6487175111"
CLIENTE367,Huern,"0,6487704107"
CLIENTE144,Stormhold,"0,648823966"
CLIENTE102,Limoria,"0,6489009333"
CLIENTE601,Stevanor,"0,6489406757"
CLIENTE47,Brakmar,"0,6489585495"
CLIENTE437,Kobaris,"0,6492518289"
CLIENTE539,Marineford,"0,6493290895"
CLIENTE517,Hyrule,"0,6493396953"
CLIENTE77,Morrowind,"0,6494168931"
CLIENTE573,Seireitei,"0,6494741999"
CLIENTE489,Tartarus,"0,6495374762"
CLIENTE95,Promethea,"0,6496332391"
CLIENTE690,Mondstadt,"0,6497309711"
CLIENTE137,Walden,"0,6498842163"
CLIENTE576,Ossandor,"0,6499324614"
CLIENTE315,Manifold,"0,6499883823"
CLIENTE345,Tutira,"0,6502269071"
CLIENTE193,Promethea,"0,6502548132"
CLIENTE670,Elysor,"0,6502603528"
CLIENTE455,Limoria,"0,650374731"
CLIENTE615,Kobaris,"0,6504172781"
CLIENTE116,Iskeld,"0,6505016212"
CLIENTE174,Prontera,"0,6505140967"
CLIENTE498,Azural,"0,6505240857"
CLIENTE177,Gerudo,"0,6505298156"
CLIENTE162,Viscara,"0,6505413729"
CLIENTE90,Uinhold,"0,6506496755"
CLIENTE496,Dragmere,"0,6510101531"
CLIENTE601,Resembool,"0,6510302593"
CLIENTE379,Prontera,"0,6511621115"
CLIENTE414,Osaria,"0,651605857"
CLIENTE593,Tomarath,"0,6516804913"
CLIENTE391,Posthaven,"0,6517182156"
CLIENTE149,Gerudo,"0,6520092944"
CLIENTE231,Greywatch,"0,6521156248"
CLIENTE498,Humeria,"0,6523691373"
CLIENTE155,Dragmere,"0,652408877"
CLIENTE35,Vancross,"0,6524595478"
CLIENTE359,Ichoris,"0,6524681654"
CLIENTE321,Galdrin,"0,6524701139"
CLIENTE664,Kragspire,"0,6524888051"
CLIENTE171,Rivenspire,"0,652499401"
CLIENTE465,Viscara,"0,6525655821"
CLIENTE15,Nyagara,"0,6526842641"
CLIENTE571,Resembool,"0,6527152326"
CLIENTE309,Altissia,"0,6527417022"
CLIENTE180,Aeusserst,"0,6528013221"
CLIENTE517,Sidora,"0,6530228374"
CLIENTE675,Lochbar,"0,6530320377"
CLIENTE685,Kragspire,"0,653224384"
CLIENTE423,Nighthaven,"0,6533270659"
CLIENTE332,Ulthar,"0,6533448211"
CLIENTE482,Casperia,"0,6534396753"
CLIENTE14,TwinPillars,"0,6534514888"
CLIENTE222,Tarbean,"0,6536027623"
CLIENTE285,Yokara,"0,6538797407"
CLIENTE101,Zanarkand,"0,6539769015"
CLIENTE569,Sectorium,"0,6539840996"
CLIENTE554,Stormhold,"0,6541818513"
CLIENTE554,Ironfall,"0,6542118377"
CLIENTE72,Imre,"0,6542845256"
CLIENTE648,Surakai,"0,654403162"
CLIENTE64,Elysor,"0,6544865831"
CLIENTE68,Jindara,"0,6545189394"
CLIENTE92,Kobaris,"0,6545650447"
CLIENTE197,Brakmar,"0,6545790964"
CLIENTE368,Nenaris,"0,6546077035"
CLIENTE134,Calcara,"0,6546125909"
CLIENTE394,Quasmar,"0,6546211793"
CLIENTE172,Kandor,"0,6546317712"
CLIENTE318,Sunreach,"0,6548070977"
CLIENTE329,Nighthaven,"0,6548810405"
CLIENTE506,Windscar,"0,6548942775"
CLIENTE176,Amoneth,"0,6549418936"
CLIENTE554,Grimvale,"0,6549476613"
CLIENTE644,Liones,"0,6549931887"
CLIENTE509,Promethea,"0,6550666617"
CLIENTE593,Sidora,"0,6551089506"
CLIENTE288,Stevanor,"0,6552675841"
CLIENTE124,Deepwater,"0,655372358"
CLIENTE640,Haldryn,"0,6553738974"
CLIENTE27,Northfall,"0,6554795805"
CLIENTE266,Laputa,"0,6556193443"
CLIENTE662,Surakai,"0,6556946347"
CLIENTE214,Helheim,"0,6556961291"
CLIENTE115,Zanarkand,"0,6557657869"
CLIENTE55,Ulthar,"0,655786447"
CLIENTE259,Nurmengard,"0,6558122218"
CLIENTE586,Highspire,"0,6558683608"
CLIENTE197,Greywatch,"0,6559069544"
CLIENTE312,Rocabar,"0,6559240297"
CLIENTE185,Jakura,"0,6559554232"
CLIENTE146,Grimvale,"0,6560383265"
CLIENTE84,Kobaris,"0,6560860883"
CLIENTE132,Grimvale,"0,6562228859"
CLIENTE585,Greywatch,"0,656265248"
CLIENTE68,Laputa,"0,6563026331"
CLIENTE391,Muskara,"0,6563526248"
CLIENTE516,Klunheim,"0,656448235"
CLIENTE524,Ykoura,"0,6565490098"
CLIENTE312,Yokara,"0,6565726625"
CLIENTE380,Imre,"0,6566183552"
CLIENTE298,Dornfall,"0,6566194032"
CLIENTE253,Yatora,"0,6567748223"
CLIENTE116,Nosgoth,"0,6567784386"
CLIENTE188,Kandor,"0,6568252478"
CLIENTE392,Solstheim,"0,6568812161"
CLIENTE499,Skyreach,"0,6569746347"
CLIENTE204,Spira,"0,657054149"
CLIENTE131,Dragmere,"0,6570766183"
CLIENTE541,Alabasta,"0,6571719129"
CLIENTE131,Pausen,"0,6571889597"
CLIENTE487,Nenaris,"0,6572087452"
CLIENTE384,Yjigar,"0,6572284137"
CLIENTE344,Obsidian,"0,6572470542"
CLIENTE179,Yenfall,"0,657345771"
CLIENTE11,Perseon,"0,6574531527"
CLIENTE681,Tahlenwald,"0,6574790873"
CLIENTE637,Thalassar,"0,6575085624"
CLIENTE572,Rocabar,"0,6575867982"
CLIENTE169,Yenfall,"0,6576534366"
CLIENTE300,Casperia,"0,6577811824"
CLIENTE656,Ulthar,"0,6578319064"
CLIENTE574,Liones,"0,6578910051"
CLIENTE241,Tarbean,"0,6579824107"
CLIENTE143,Ulthar,"0,6580444192"
CLIENTE468,Muskara,"0,6580825716"
CLIENTE713,Ashkora,"0,6581026191"
CLIENTE196,Tutira,"0,6581408011"
CLIENTE18,Lochbar,"0,6581765703"
CLIENTE257,Johto,"0,6581881169"
CLIENTE471,Aeusserst,"0,6582265945"
CLIENTE176,Helheim,"0,6582435081"
CLIENTE535,Stormhold,"0,6582500526"
CLIENTE607,Mountglass,"0,6582956652"
CLIENTE228,Midgar,"0,6583931851"
CLIENTE305,Lothlorien,"0,6584867249"
CLIENTE177,Deliora,"0,658603628"
CLIENTE617,Seireitei,"0,6588065769"
CLIENTE369,Ivalice,"0,6589237117"
CLIENTE617,Deeptrench,"0,6590859135"
CLIENTE613,Nighthaven,"0,6591214603"
CLIENTE27,Askr,"0,6592325088"
CLIENTE429,Riorin,"0,6592855179"
CLIENTE577,Haldryn,"0,6593137626"
CLIENTE428,Riorin,"0,6593499034"
CLIENTE495,Nibelheim,"0,6593834148"
CLIENTE241,Bethlehem,"0,659387859"
CLIENTE534,Viscara,"0,6594809055"
CLIENTE708,Askr,"0,6598575638"
CLIENTE66,Tomarath,"0,6599619991"
CLIENTE457,Deepwater,"0,6600844043"
CLIENTE173,Kragspire,"0,6600867235"
CLIENTE661,Iyomar,"0,6600956309"
CLIENTE96,Ulthar,"0,660292853"
CLIENTE566,Xinthar,"0,6603614398"
CLIENTE431,Shadowpeak,"0,6604203325"
CLIENTE7,Tchurion,"0,6605175154"
CLIENTE268,Wuhaven,"0,6605536603"
CLIENTE662,Jakura,"0,6605787155"
CLIENTE463,Dornfall,"0,6605804844"
CLIENTE471,Pausen,"0,6606501846"
CLIENTE128,Melvara,"0,6606555574"
CLIENTE16,Morrowind,"0,6606826716"
CLIENTE636,Brakmar,"0,6608730197"
CLIENTE314,Casperia,"0,6609281901"
CLIENTE155,Cairhien,"0,6610834136"
CLIENTE245,Deepwater,"0,6611284647"
CLIENTE46,Raumor,"0,6611562738"
CLIENTE417,Elzion,"0,6611985565"
CLIENTE544,Fernwall,"0,6613350836"
CLIENTE433,Kakariko,"0,6614009899"
CLIENTE252,Savois,"0,6614632263"
CLIENTE284,Grimvale,"0,6615756342"
CLIENTE669,Casperia,"0,6616603241"
CLIENTE166,Ulthar,"0,6616805412"
CLIENTE156,Ulthar,"0,6617014172"
CLIENTE285,Glenhaven,"0,6617358125"
CLIENTE257,Hogwarts,"0,6620605852"
CLIENTE323,Riorin,"0,662128909"
CLIENTE644,Altissia,"0,6621910064"
CLIENTE229,Piscara,"0,662197635"
CLIENTE708,Sectorium,"0,6623456653"
CLIENTE149,Sectorium,"0,6623474552"
CLIENTE432,Resembool,"0,6624852336"
CLIENTE33,Tuxara,"0,6625104744"
CLIENTE188,Stonegate,"0,6625429324"
CLIENTE454,Xinthar,"0,6626452744"
CLIENTE30,Konoha,"0,6626562483"
CLIENTE71,Swindale,"0,6626979026"
CLIENTE349,Stormhold,"0,6627143265"
CLIENTE9,Tahlenwald,"0,6627322528"
CLIENTE561,Aeusserst,"0,6627585088"
CLIENTE196,Tarbean,"0,6627610108"
CLIENTE475,Alabasta,"0,6627791169"
CLIENTE518,Posthaven,"0,6628485191"
CLIENTE435,Koktahl,"0,6628916763"
CLIENTE139,Ivalice,"0,6629226017"
CLIENTE367,Shadowpeak,"0,6629365687"
CLIENTE411,Ranskar,"0,6630608891"
CLIENTE395,Viscara,"0,6631134444"
CLIENTE433,Vancross,"0,6631690776"
CLIENTE159,TwinPillars,"0,6631943953"
CLIENTE5,Kakariko,"0,6633169426"
CLIENTE369,Riorin,"0,6635662397"
CLIENTE73,Zanarkand,"0,6638547854"
CLIENTE157,Rlyeh,"0,6639730743"
CLIENTE464,Ishgard,"0,6642570281"
CLIENTE37,Zuldazar,"0,6642669581"
CLIENTE319,Skellige,"0,664341643"
CLIENTE52,Marineford,"0,6644119654"
CLIENTE322,Imre,"0,6645255824"
CLIENTE265,Sethera,"0,6647688037"
CLIENTE177,Brightfall,"0,664809"
CLIENTE134,Paldea,"0,6649361258"
CLIENTE274,Ishgard,"0,6649740302"
CLIENTE434,Jakura,"0,6650375624"
CLIENTE153,Nyagara,"0,6651413902"
CLIENTE40,Laputa,"0,6652167256"
CLIENTE531,Stevanor,"0,6653000546"
CLIENTE144,Aeusserst,"0,6653174688"
CLIENTE582,Yjigar,"0,6654104724"
CLIENTE441,Seireitei,"0,6654932946"
CLIENTE360,Brakmar,"0,665515035"
CLIENTE672,Azural,"0,6655238682"
CLIENTE289,Melvara,"0,6656059832"
CLIENTE580,Ivalice,"0,6656676614"
CLIENTE694,Koktahl,"0,6656719916"
CLIENTE65,Kragspire,"0,6657439861"
CLIENTE195,Pangara,"0,6657498157"
CLIENTE22,Termina,"0,665761012"
CLIENTE428,Bethlehem,"0,6658484245"
CLIENTE556,Spira,"0,6658779831"
CLIENTE581,Inoria,"0,6659723689"
CLIENTE413,Mythra,"0,6660447188"
CLIENTE150,Stevanor,"0,6660796558"
CLIENTE676,Ossandor,"0,6661263666"
CLIENTE320,Dragmere,"0,6662416422"
CLIENTE636,Klunheim,"0,6662789148"
CLIENTE124,Lothlorien,"0,6663280755"
CLIENTE670,Cartheia,"0,6663485976"
CLIENTE148,Nibelheim,"0,6663826343"
CLIENTE577,Pandora,"0,6663985713"
CLIENTE112,Hogwarts,"0,666447463"
CLIENTE640,Kobaris,"0,6666040593"
CLIENTE351,Nosgoth,"0,6667119172"
CLIENTE551,Marineford,"0,6667550711"
CLIENTE523,Pausen,"0,6667918939"
CLIENTE16,Tartarus,"0,6668273743"
CLIENTE657,Tempestia,"0,6669029047"
CLIENTE646,Spira,"0,6669092187"
CLIENTE86,Askr,"0,6670626985"
CLIENTE131,Muskara,"0,6672003062"
CLIENTE535,Imre,"0,6673628697"
CLIENTE525,Ivalice,"0,6675038745"
CLIENTE364,Viscara,"0,6675557057"
CLIENTE711,Savois,"0,6675650323"
CLIENTE224,Elysor,"0,6676152963"
CLIENTE632,Resembool,"0,6676187739"
CLIENTE529,Hyrule,"0,6677180737"
CLIENTE660,Walden,"0,6677591065"
CLIENTE484,Quasmar,"0,6678536847"
CLIENTE691,Pandora,"0,6679346468"
CLIENTE639,Aeusserst,"0,6681501301"
CLIENTE361,Salvaris,"0,6682797083"
CLIENTE426,Solhara,"0,6683054088"
CLIENTE701,Morrowind,"0,6684337806"
CLIENTE109,Morrowind,"0,6684560198"
CLIENTE217,Stormbar,"0,6684976509"
CLIENTE156,Tchurion,"0,6685433568"
CLIENTE202,Azural,"0,6686083153"
CLIENTE309,Kobaris,"0,6686465435"
CLIENTE157,Windscar,"0,6688677084"
CLIENTE592,Askr,"0,6689352745"
CLIENTE203,Sunreach,"0,6689560851"
CLIENTE135,TwinPillars,"0,6689622508"
CLIENTE216,Tarbean,"0,668991266"
CLIENTE306,Posthaven,"0,6690780918"
CLIENTE226,Sunreach,"0,6690827218"
CLIENTE549,Drinmoor,"0,6690852768"
CLIENTE557,Rlyeh,"0,6691395242"
CLIENTE670,Skellige,"0,6692220996"
CLIENTE665,Marineford,"0,6692342758"
CLIENTE92,Skyreach,"0,6692510071"
CLIENTE683,Konoha,"0,6693471336"
CLIENTE269,Zanarkand,"0,6693501472"
CLIENTE599,Rlyeh,"0,6694107948"
CLIENTE163,Amoneth,"0,6696306409"
CLIENTE254,Greywatch,"0,6696354577"
CLIENTE450,Seireitei,"0,6699881888"
CLIENTE10,Imre,"0,6700023513"
CLIENTE445,Konoha,"0,6700770045"
CLIENTE70,Xinthar,"0,6700783736"
CLIENTE282,Kandor,"0,6700798504"
CLIENTE378,Tarbean,"0,6700904583"
CLIENTE159,Kakariko,"0,6704525866"
CLIENTE682,Hyrule,"0,6704749754"
CLIENTE153,Paldea,"0,6705346314"
CLIENTE356,Alabasta,"0,6705787927"
CLIENTE362,Piscara,"0,6705913227"
CLIENTE116,Ichoris,"0,6707394176"
CLIENTE517,Ranskar,"0,6707504152"
CLIENTE446,Brakmar,"0,6708011898"
CLIENTE56,Askr,"0,6708432097"
CLIENTE595,Limoria,"0,670848839"
CLIENTE268,Ivalice,"0,6708568054"
CLIENTE132,Drinmoor,"0,670934892"
CLIENTE426,Azural,"0,6710506154"
CLIENTE305,Stonegate,"0,6710526914"
CLIENTE230,Manifold,"0,6713309519"
CLIENTE175,Yokara,"0,6713907009"
CLIENTE377,Xinthar,"0,6713987354"
CLIENTE38,Imre,"0,6714916505"
CLIENTE469,Klunheim,"0,6715524669"
CLIENTE102,Salvaris,"0,6715750403"
CLIENTE478,Konoha,"0,6715869117"
CLIENTE162,Seireitei,"0,6716247505"
CLIENTE122,Lochbar,"0,6717148943"
CLIENTE567,Memphos,"0,6717765581"
CLIENTE512,Ykoura,"0,6718122943"
CLIENTE341,Ossandor,"0,671991314"
CLIENTE577,Wuhaven,"0,6723141188"
CLIENTE648,Ironfall,"0,6723914945"
CLIENTE561,Lyngard,"0,6724739058"
CLIENTE579,Ironfall,"0,6724745099"
CLIENTE253,Hazoria,"0,6725111729"
CLIENTE694,Calcara,"0,6726580023"
CLIENTE396,Muskara,"0,6727148107"
CLIENTE531,Deepwater,"0,6728351322"
CLIENTE47,Ashkora,"0,6728814202"
CLIENTE556,Tahlenwald,"0,6728889389"
CLIENTE129,Stormbar,"0,672911695"
CLIENTE36,Deepwater,"0,6730622254"
CLIENTE417,Yeygard,"0,6731527958"
CLIENTE183,Dragmere,"0,6731719392"
CLIENTE583,Dornfall,"0,6731887996"
CLIENTE324,Uinhold,"0,6731979765"
CLIENTE679,Jadehold,"0,6732822966"
CLIENTE156,Rlyeh,"0,6733010754"
CLIENTE450,Ironfall,"0,6733246301"
CLIENTE338,Askr,"0,673358803"
CLIENTE707,Iskeld,"0,6733677839"
CLIENTE454,Tarbean,"0,6735548743"
CLIENTE454,Melvara,"0,6736360519"
CLIENTE165,Obsidian,"0,6736453141"
CLIENTE670,Elzion,"0,6736752095"
CLIENTE337,Dornfall,"0,6738828133"
CLIENTE467,Shadowpeak,"0,6738869827"
CLIENTE625,Spira,"0,6741845948"
CLIENTE185,Nibelheim,"0,6741984803"
CLIENTE132,Klunheim,"0,6742744245"
CLIENTE91,Thalassar,"0,6743414988"
CLIENTE357,Tahlenwald,"0,6743625268"
CLIENTE663,Riorin,"0,6744943179"
CLIENTE284,Koktahl,"0,6744967171"
CLIENTE636,Duskwall,"0,6745192019"
CLIENTE569,Manifold,"0,6746375257"
CLIENTE624,Elysor,"0,6748406825"
CLIENTE630,Lyngard,"0,6748418735"
CLIENTE655,Deliora,"0,6748754946"
CLIENTE155,Glenhaven,"0,6749706414"
CLIENTE265,Posthaven,"0,6750011411"
CLIENTE73,Manshade,"0,6750425367"
CLIENTE587,Huern,"0,6750771062"
CLIENTE538,Promethea,"0,675134358"
CLIENTE699,Aeusserst,"0,6751475386"
CLIENTE55,Highspire,"0,675159264"
CLIENTE252,Altissia,"0,6751782561"
CLIENTE454,Ranskar,"0,6753551743"
CLIENTE74,Rlyeh,"0,6754564302"
CLIENTE479,Xinthar,"0,6755258901"
CLIENTE209,Glenhaven,"0,6756229425"
CLIENTE18,Glenhaven,"0,6756539956"
CLIENTE578,Deliora,"0,6756919415"
CLIENTE19,Ashkora,"0,675734825"
CLIENTE186,Nurmengard,"0,6757531281"
CLIENTE640,Ossandor,"0,675811796"
CLIENTE263,Besaid,"0,6758961268"
CLIENTE350,Uinhold,"0,6761658273"
CLIENTE469,Liones,"0,67622495"
CLIENTE99,Yeygard,"0,676274559"
CLIENTE354,Skellige,"0,6762916486"
CLIENTE241,Deliora,"0,6763218356"
CLIENTE677,Besaid,"0,676325536"
CLIENTE597,Elzion,"0,6763321787"
CLIENTE579,Rocabar,"0,6763364033"
CLIENTE55,Bethlehem,"0,6765300121"
CLIENTE368,Winhill,"0,6765927362"
CLIENTE402,Walden,"0,6767859439"
CLIENTE523,Seireitei,"0,6769185185"
CLIENTE614,Haldryn,"0,676944526"
CLIENTE65,Dirtmouth,"0,6770779416"
CLIENTE667,Deliora,"0,6771266758"
CLIENTE561,Tahlenwald,"0,6772784696"
CLIENTE7,Nosgoth,"0,6772944827"
CLIENTE510,Elysor,"0,6773156611"
CLIENTE293,Pangara,"0,6774217364"
CLIENTE503,Ironfall,"0,6775276047"
CLIENTE498,Posthaven,"0,6775998304"
CLIENTE310,Surakai,"0,6776617513"
CLIENTE351,Hollowmar,"0,6777135611"
CLIENTE76,Yatora,"0,6777217328"
CLIENTE32,Klunheim,"0,6778098876"
CLIENTE266,Windscar,"0,6778409557"
CLIENTE20,Cairhien,"0,6779141227"
CLIENTE700,Quasmar,"0,6779908316"
CLIENTE407,Seireitei,"0,6781084808"
CLIENTE43,Stormhold,"0,6781561442"
CLIENTE573,Zaphura,"0,6781988083"
CLIENTE383,Grimvale,"0,6782003905"
CLIENTE97,Targalon,"0,6783572742"
CLIENTE34,Tempestia,"0,6783858748"
CLIENTE2,Rlyeh,"0,6784783603"
CLIENTE538,Noctis,"0,678498852"
CLIENTE240,Seireitei,"0,6785960774"
CLIENTE150,Liones,"0,6786196741"
CLIENTE343,Hollowmar,"0,6786978349"
CLIENTE530,Skyreach,"0,678807471"
CLIENTE450,Namek,"0,6788136762"
CLIENTE286,Cairhien,"0,6788151569"
CLIENTE237,Prontera,"0,6789688846"
CLIENTE523,Surakai,"0,678969697"
CLIENTE360,Mondstadt,"0,6789727341"
CLIENTE525,Sunreach,"0,6789830893"
CLIENTE232,Ishgard,"0,6789950976"
CLIENTE502,Ironfall,"0,6789954824"
CLIENTE497,Perseon,"0,679416991"
CLIENTE364,Winhill,"0,6794808057"
CLIENTE357,Tomarath,"0,6795071832"
CLIENTE637,Ivalice,"0,6796657378"
CLIENTE161,Konoha,"0,6798022207"
CLIENTE663,Zuldazar,"0,6798059639"
CLIENTE136,Piscara,"0,6799741162"
CLIENTE392,Vancross,"0,6799961985"
CLIENTE707,Manifold,"0,6800535843"
CLIENTE559,Helheim,"0,6801334976"
CLIENTE163,Rlyeh,"0,6801568589"
CLIENTE206,Tuxara,"0,6802485119"
CLIENTE220,Azural,"0,6803012986"
CLIENTE478,Yenfall,"0,6803135425"
CLIENTE115,Paldea,"0,6804591118"
CLIENTE289,Cartheia,"0,6805272628"
CLIENTE547,Deeptrench,"0,6806747758"
CLIENTE127,Namek,"0,6807373967"
CLIENTE560,Ironfall,"0,6808361635"
CLIENTE667,Kragspire,"0,6808487547"
CLIENTE109,Midgar,"0,6809244018"
CLIENTE457,Winhill,"0,6811432161"
CLIENTE505,Iskeld,"0,6811977504"
CLIENTE621,Iyomar,"0,6812599196"
CLIENTE663,Mythra,"0,6812903234"
CLIENTE366,Quasmar,"0,6813063137"
CLIENTE342,Winhill,"0,6813484058"
CLIENTE335,Fernwall,"0,6813539984"
CLIENTE132,Amoneth,"0,6814096977"
CLIENTE150,Northfall,"0,6814253714"
CLIENTE636,Ulthar,"0,6815821082"
CLIENTE360,Ivalice,"0,6818922176"
CLIENTE38,Ulthar,"0,6819093588"
CLIENTE460,Skellige,"0,6819846317"
CLIENTE531,Casperia,"0,6820040752"
CLIENTE171,Elzion,"0,6821714462"
CLIENTE520,Duskwall,"0,6821769608"
CLIENTE585,Konoha,"0,6822139585"
CLIENTE362,Ivalice,"0,6822249412"
CLIENTE440,Yenfall,"0,6822757318"
CLIENTE30,TwinPillars,"0,6822761612"
CLIENTE110,Hollowmar,"0,682550127"
CLIENTE308,Nighthaven,"0,6826277083"
CLIENTE600,Greywatch,"0,6826325726"
CLIENTE406,Tahlenwald,"0,682724005"
CLIENTE457,Imre,"0,682773438"
CLIENTE343,Namek,"0,6828587146"
CLIENTE435,Morrowind,"0,6829797613"
CLIENTE152,Frosthelm,"0,6830394868"
CLIENTE257,Nenaris,"0,6830695085"
CLIENTE269,Ykoura,"0,6830770784"
CLIENTE102,Gerudo,"0,6831281109"
CLIENTE489,Nighthaven,"0,6832524543"
CLIENTE359,Brakmar,"0,6833195936"
CLIENTE538,Drinmoor,"0,6835682065"
CLIENTE294,Azkaban,"0,6835794365"
CLIENTE216,Kragspire,"0,6836225735"
CLIENTE276,Viscara,"0,6837102219"
CLIENTE37,Namek,"0,6837123258"
CLIENTE245,Bethlehem,"0,6838201259"
CLIENTE482,Viscara,"0,6838318066"
CLIENTE454,Mountglass,"0,6839186794"
CLIENTE594,Lyngard,"0,6839333111"
CLIENTE41,Yjigar,"0,6841366366"
CLIENTE372,Stevanor,"0,6842114551"
CLIENTE200,Galdrin,"0,6843531957"
CLIENTE542,Hogwarts,"0,6845355638"
CLIENTE187,Brakmar,"0,6846369018"
CLIENTE115,Savois,"0,6847950344"
CLIENTE315,Sunreach,"0,6848141621"
CLIENTE21,Osaria,"0,6848458312"
CLIENTE23,Kandor,"0,6848510244"
CLIENTE76,Targalon,"0,6848620775"
CLIENTE191,Stormbar,"0,6850240005"
CLIENTE435,Ulthar,"0,6851162266"
CLIENTE392,Laputa,"0,6852637556"
CLIENTE638,Hazoria,"0,6852833788"
CLIENTE352,Dirtmouth,"0,6854549874"
CLIENTE631,Yatora,"0,6855356965"
CLIENTE167,Besaid,"0,6855674255"
CLIENTE237,Casperia,"0,6856693908"
CLIENTE517,Yokara,"0,6858063467"
CLIENTE115,Helheim,"0,6859686333"
CLIENTE277,Sethera,"0,6859712053"
CLIENTE92,Perseon,"0,6859882415"
CLIENTE152,Midgar,"0,6860861466"
CLIENTE230,Kharon,"0,6861004922"
CLIENTE295,Casperia,"0,6861755174"
CLIENTE618,Yokara,"0,6861917343"
CLIENTE687,Klunheim,"0,6862690648"
CLIENTE689,Muskara,"0,686295882"
CLIENTE112,Melvara,"0,6863896518"
CLIENTE26,Skellige,"0,6864435791"
CLIENTE105,Vancross,"0,6865078718"
CLIENTE8,Galdrin,"0,686514551"
CLIENTE445,Nassauia,"0,6865351208"
CLIENTE603,Tarbean,"0,6865434571"
CLIENTE213,Rlyeh,"0,6865624495"
CLIENTE361,Konoha,"0,6866532844"
CLIENTE320,Yenfall,"0,6867845048"
CLIENTE143,Cartheia,"0,686818897"
CLIENTE165,Elysor,"0,6868611834"
CLIENTE679,Ulthar,"0,6869661442"
CLIENTE549,Tahlenwald,"0,6871185602"
CLIENTE182,Philgaia,"0,6871566138"
CLIENTE533,Mondstadt,"0,6872759879"
CLIENTE357,Zaphura,"0,6873444025"
CLIENTE222,Jakura,"0,6873853344"
CLIENTE314,Khengar,"0,687414582"
CLIENTE299,Stormhold,"0,6874220782"
CLIENTE288,Liones,"0,6874221709"
CLIENTE505,Targalon,"0,6874327172"
CLIENTE97,Klunheim,"0,6875008939"
CLIENTE591,Ironfall,"0,687505395"
CLIENTE314,Galdrin,"0,687649814"
CLIENTE192,Qineth,"0,6877137466"
CLIENTE530,Kragspire,"0,6877391108"
CLIENTE439,Nassauia,"0,6877712252"
CLIENTE40,Deliora,"0,6878522644"
CLIENTE425,Nibelheim,"0,6880651074"
CLIENTE683,Stormhold,"0,6881177054"
CLIENTE511,Laputa,"0,6881922308"
CLIENTE645,Skyreach,"0,6884655648"
CLIENTE311,Tartarus,"0,6885696758"
CLIENTE626,Tuxara,"0,6886250235"
CLIENTE134,Noctis,"0,6886472202"
CLIENTE5,Iskeld,"0,6887113137"
CLIENTE310,Prontera,"0,6888401263"
CLIENTE643,Imre,"0,6888840473"
CLIENTE647,TwinPillars,"0,6889051909"
CLIENTE302,Tuxara,"0,6889076613"
CLIENTE403,Zanarkand,"0,6890130281"
CLIENTE375,Spira,"0,6890687003"
CLIENTE76,Jadehold,"0,6890851209"
CLIENTE128,Uinhold,"0,6892321212"
CLIENTE347,Deepwater,"0,6892489168"
CLIENTE371,Raumor,"0,6892847766"
CLIENTE335,Kharon,"0,6894481438"
CLIENTE6,Tuxara,"0,6895394223"
CLIENTE210,Midgar,"0,6895642691"
CLIENTE169,Skyreach,"0,6896490542"
CLIENTE538,Aeusserst,"0,6896565039"
CLIENTE131,Swindale,"0,6897773848"
CLIENTE105,Promethea,"0,6897834263"
CLIENTE151,Vancross,"0,6898747667"
CLIENTE79,Rlyeh,"0,6898900533"
CLIENTE82,Imre,"0,6899204092"
CLIENTE362,Melvara,"0,6899339591"
CLIENTE683,Lyngard,"0,6899895769"
CLIENTE92,Manshade,"0,6899944274"
CLIENTE293,Sidora,"0,6900857967"
CLIENTE369,Klunheim,"0,6901062241"
CLIENTE185,Winhill,"0,6901343954"
CLIENTE98,Tartarus,"0,6901953681"
CLIENTE613,Qineth,"0,690332834"
CLIENTE284,Tomarath,"0,6903787983"
CLIENTE47,Mondstadt,"0,6904106421"
CLIENTE523,Manifold,"0,6904489506"
CLIENTE404,Xinthar,"0,6904608451"
CLIENTE288,Solhara,"0,6905372111"
CLIENTE359,Manshade,"0,6905535019"
CLIENTE544,Mythra,"0,6905961263"
CLIENTE447,Gerudo,"0,6906312772"
CLIENTE383,Sethera,"0,6906726825"
CLIENTE554,Swindale,"0,690737802"
CLIENTE299,Deepwater,"0,6907889208"
CLIENTE635,Swindale,"0,6908742591"
CLIENTE530,Vancross,"0,6908943675"
CLIENTE274,Midgar,"0,6910824484"
CLIENTE513,Nighthaven,"0,6911988686"
CLIENTE59,Skellige,"0,6913573094"
CLIENTE133,Nassauia,"0,6914277211"
CLIENTE706,Glenhaven,"0,6914699484"
CLIENTE172,Yjigar,"0,6915381309"
CLIENTE154,Pillarreach,"0,6916365292"
CLIENTE302,Dirtmouth,"0,6916476129"
CLIENTE698,Manshade,"0,6916491438"
CLIENTE102,Johto,"0,691716554"
CLIENTE620,Swindale,"0,6917639934"
CLIENTE235,Mondstadt,"0,6917794071"
CLIENTE67,Nibelheim,"0,6919165346"
CLIENTE704,Zuldazar,"0,6919306693"
CLIENTE592,Nurmengard,"0,6919756275"
CLIENTE683,Wuhaven,"0,6919768623"
CLIENTE431,Windscar,"0,6921896514"
CLIENTE48,Hogwarts,"0,6922379057"
CLIENTE185,Haldryn,"0,6922784504"
CLIENTE710,TwinPillars,"0,692308186"
CLIENTE496,Imre,"0,6923105277"
CLIENTE434,Hollowmar,"0,6923362562"
CLIENTE307,Viscara,"0,6924791059"
CLIENTE599,Jadehold,"0,6925187523"
CLIENTE148,Rivenspire,"0,6925358051"
CLIENTE305,Xinthar,"0,692578542"
CLIENTE95,Obsidian,"0,6925918724"
CLIENTE365,Melvara,"0,6927586801"
CLIENTE200,Quasmar,"0,692814108"
CLIENTE28,Seireitei,"0,6928750731"
CLIENTE514,Pangara,"0,6929936035"
CLIENTE455,TwinPillars,"0,6930960789"
CLIENTE362,Osaria,"0,693265919"
CLIENTE263,Casperia,"0,6933843696"
CLIENTE240,Nassauia,"0,6934084184"
CLIENTE576,Kandor,"0,6934533524"
CLIENTE423,Zuldazar,"0,69392716"
CLIENTE639,Koktahl,"0,6941266359"
CLIENTE2,Sidora,"0,6941508813"
CLIENTE644,Sethera,"0,6942862444"
CLIENTE313,Manshade,"0,6942984485"
CLIENTE607,Ivalice,"0,6943211296"
CLIENTE89,Rocabar,"0,6944268633"
CLIENTE615,Stonegate,"0,6944279341"
CLIENTE81,Elysor,"0,6945261054"
CLIENTE487,Midgar,"0,6945791434"
CLIENTE650,Ulthar,"0,6946263113"
CLIENTE70,Dirtmouth,"0,6946941369"
CLIENTE685,Calcara,"0,6948793773"
CLIENTE247,Yenfall,"0,694942481"
CLIENTE502,Wuhaven,"0,6949643692"
CLIENTE502,Pandora,"0,6950678596"
CLIENTE382,Laputa,"0,6952367394"
CLIENTE686,Riorin,"0,6952458919"
CLIENTE368,Drinmoor,"0,6954194674"
CLIENTE272,Greywatch,"0,6954481088"
CLIENTE115,Fernwall,"0,6955903975"
CLIENTE600,Gerudo,"0,6955921637"
CLIENTE708,Humeria,"0,6956574062"
CLIENTE50,Besaid,"0,6956889483"
CLIENTE522,Tartarus,"0,6959570634"
CLIENTE429,Sableport,"0,6961116448"
CLIENTE405,Jakura,"0,6961255495"
CLIENTE392,Hollowmar,"0,6961267691"
CLIENTE375,Jadehold,"0,6961598695"
CLIENTE113,Wuhaven,"0,6961621157"
CLIENTE574,Hyrule,"0,6961782237"
CLIENTE218,Koktahl,"0,6962193373"
CLIENTE599,Ulthar,"0,6962260807"
CLIENTE526,Solhara,"0,6962638912"
CLIENTE376,Tartarus,"0,696271389"
CLIENTE657,Helheim,"0,6963038847"
CLIENTE141,Surakai,"0,6963294137"
CLIENTE667,Helheim,"0,6963617319"
CLIENTE589,Tomarath,"0,6964288393"
CLIENTE666,Deeptrench,"0,696471692"
CLIENTE229,Nenaris,"0,6965344147"
CLIENTE113,Hogwarts,"0,6965382823"
CLIENTE375,Kakariko,"0,6965882754"
CLIENTE394,Iskeld,"0,6966244423"
CLIENTE283,Jadehold,"0,6966818724"
CLIENTE85,Surakai,"0,6966823499"
CLIENTE689,Jindara,"0,6967405371"
CLIENTE560,Dragmere,"0,6971272256"
CLIENTE538,Prontera,"0,6972137444"
CLIENTE155,Valyria,"0,697591357"
CLIENTE250,Ranskar,"0,6976513847"
CLIENTE301,Midgar,"0,6976824052"
CLIENTE320,Tchurion,"0,6978863016"
CLIENTE219,Duskwall,"0,6979394563"
CLIENTE91,Huern,"0,69797324"
CLIENTE118,Huern,"0,697975915"
CLIENTE305,Thalassar,"0,6979800002"
CLIENTE388,Deliora,"0,6980784416"
CLIENTE694,Deliora,"0,6981719535"
CLIENTE104,Haldryn,"0,6982228735"
CLIENTE529,Tutira,"0,6983141137"
CLIENTE151,Cartheia,"0,6984364456"
CLIENTE569,Gerudo,"0,6984450779"
CLIENTE343,Solstheim,"0,6985887589"
CLIENTE495,Calcara,"0,6986744729"
CLIENTE44,Nibelheim,"0,6986875004"
CLIENTE211,Ironfall,"0,6987618411"
CLIENTE82,Altissia,"0,698792412"
CLIENTE252,Wuhaven,"0,6988124356"
CLIENTE337,Casperia,"0,69887912"
CLIENTE426,Stormbar,"0,6988813993"
CLIENTE448,Sethera,"0,6989160837"
CLIENTE389,Brakmar,"0,6989222969"
CLIENTE185,Drinmoor,"0,6989668319"
CLIENTE306,Salvaris,"0,6989994028"
CLIENTE710,Mountglass,"0,6990414761"
CLIENTE441,Dragmere,"0,6991174878"
CLIENTE396,Cairhien,"0,6991769529"
CLIENTE179,Zaphura,"0,6991796078"
CLIENTE111,Ossandor,"0,6993468623"
CLIENTE319,Calcara,"0,6994485171"
CLIENTE359,Paldea,"0,6994844764"
CLIENTE466,Klunheim,"0,6994895739"
CLIENTE612,Calcara,"0,6995321943"
CLIENTE208,Hogwarts,"0,6995418025"
CLIENTE436,Konoha,"0,6996073919"
CLIENTE331,Sethera,"0,6997907027"
CLIENTE384,Manshade,"0,6999763113"
CLIENTE56,Ulthar,"0,7000283268"
CLIENTE202,Aeusserst,"0,7000387639"
CLIENTE277,Yeygard,"0,7001000874"
CLIENTE713,Posthaven,"0,7001062778"
CLIENTE95,Yeygard,"0,7001869955"
CLIENTE50,Liones,"0,7004389918"
CLIENTE186,Bethlehem,"0,7006925279"
CLIENTE187,Melvara,"0,7008816966"
CLIENTE193,Gerudo,"0,7009017863"
CLIENTE557,Northfall,"0,7009716863"
CLIENTE496,Riorin,"0,7010307964"
CLIENTE72,Deepwater,"0,7010811042"
CLIENTE584,Thalassar,"0,7010983308"
CLIENTE285,Nassauia,"0,70112052"
CLIENTE91,Yenfall,"0,70114671"
CLIENTE628,Posthaven,"0,7011727196"
CLIENTE409,Riorin,"0,7012092591"
CLIENTE532,Yjigar,"0,7013297119"
CLIENTE125,Namek,"0,7013315963"
CLIENTE487,Yeygard,"0,7015595147"
CLIENTE573,Ironfall,"0,7015868813"
CLIENTE604,Glenhaven,"0,701664336"
CLIENTE393,Lochbar,"0,7017387899"
CLIENTE511,Hollowmar,"0,7017501876"
CLIENTE553,Tahlenwald,"0,7018190552"
CLIENTE481,Drinmoor,"0,701973606"
CLIENTE464,Ossandor,"0,7021006322"
CLIENTE513,Windscar,"0,7022211403"
CLIENTE418,Sectorium,"0,7022488718"
CLIENTE278,Tutira,"0,7024025198"
CLIENTE305,Philgaia,"0,7024355741"
CLIENTE183,Walden,"0,702441447"
CLIENTE214,Ykoura,"0,7024707496"
CLIENTE409,Laputa,"0,7025330401"
CLIENTE281,Windscar,"0,7025403618"
CLIENTE555,Shadowpeak,"0,7025511027"
CLIENTE506,Ivalice,"0,7026183883"
CLIENTE249,Rocabar,"0,70276678"
CLIENTE458,Ngorim,"0,7029205427"
CLIENTE26,Elzion,"0,7029917252"
CLIENTE524,Skellige,"0,7030964467"
CLIENTE14,Midgar,"0,7031942303"
CLIENTE30,Tuxara,"0,7032134688"
CLIENTE143,Cairhien,"0,7032683139"
CLIENTE149,Liones,"0,7033530963"
CLIENTE530,Resembool,"0,7033911542"
CLIENTE613,Melvara,"0,703469101"
CLIENTE533,Raumor,"0,7035008387"
CLIENTE273,Helheim,"0,7035674792"
CLIENTE210,Konoha,"0,7035939993"
CLIENTE120,Stormbar,"0,7035946049"
CLIENTE503,Pillarreach,"0,7037796387"
CLIENTE441,Galdrin,"0,7038260067"
CLIENTE497,Mythra,"0,7038884271"
CLIENTE523,Mondstadt,"0,7040217808"
CLIENTE574,Obsidian,"0,7041153799"
CLIENTE588,Pandora,"0,7041278553"
CLIENTE26,Brakmar,"0,7041915803"
CLIENTE233,Deeptrench,"0,7042405679"
CLIENTE685,Zuldazar,"0,7043266357"
CLIENTE458,Tuxara,"0,7043379703"
CLIENTE577,Kharon,"0,7044160011"
CLIENTE224,Paldea,"0,7044488829"
CLIENTE608,Valyria,"0,704476812"
CLIENTE330,Qineth,"0,7045249202"
CLIENTE467,Philgaia,"0,7046093265"
CLIENTE446,Manifold,"0,7046335067"
CLIENTE36,Dirtmouth,"0,704837486"
CLIENTE370,Marineford,"0,704994082"
CLIENTE292,Pangara,"0,7050026379"
CLIENTE702,Zanarkand,"0,7050263533"
CLIENTE317,Manifold,"0,7050392456"
CLIENTE491,Jindara,"0,7050546877"
CLIENTE12,Deeptrench,"0,7050684323"
CLIENTE646,Obsidian,"0,7050908778"
CLIENTE192,Namek,"0,7051096893"
CLIENTE677,Alabasta,"0,7051848509"
CLIENTE471,Stormhold,"0,7052198471"
CLIENTE36,Ranskar,"0,7052590411"
CLIENTE52,Noctis,"0,7054232936"
CLIENTE296,Pausen,"0,7055352141"
CLIENTE251,Zanarkand,"0,7056142175"
CLIENTE299,Sidora,"0,7056690583"
CLIENTE263,Seireitei,"0,7056755581"
CLIENTE615,Greywatch,"0,7056928879"
CLIENTE247,Nibelheim,"0,7057643608"
CLIENTE279,Viscara,"0,7059816457"
CLIENTE102,Drinmoor,"0,7060132054"
CLIENTE454,Swindale,"0,7061865234"
CLIENTE322,Huern,"0,7062570942"
CLIENTE631,Drinmoor,"0,7062857041"
CLIENTE434,Posthaven,"0,7063291744"
CLIENTE488,Cairhien,"0,7063865246"
CLIENTE484,Tutira,"0,7064317589"
CLIENTE6,Rocabar,"0,7064579053"
CLIENTE212,Askr,"0,7064705125"
CLIENTE24,Qineth,"0,7064711731"
CLIENTE511,Hogwarts,"0,7065611221"
CLIENTE468,Marineford,"0,7065615129"
CLIENTE224,Dornfall,"0,7065689175"
CLIENTE333,Amoneth,"0,7066365869"
CLIENTE271,Lyngard,"0,706652218"
CLIENTE443,Stormbar,"0,7068677138"
CLIENTE583,Raumor,"0,7069734213"
CLIENTE645,Glenhaven,"0,7069868454"
CLIENTE322,Tutira,"0,7070139821"
CLIENTE397,Memphos,"0,7070462831"
CLIENTE154,Manifold,"0,7071252746"
CLIENTE690,Ivalice,"0,7072395968"
CLIENTE436,Prontera,"0,7072764081"
CLIENTE177,Surakai,"0,7073628678"
CLIENTE397,Duskwall,"0,7074315078"
CLIENTE559,Bethlehem,"0,7076020909"
CLIENTE366,Deepwater,"0,707739355"
CLIENTE419,Nosgoth,"0,7077733226"
CLIENTE564,Zuldazar,"0,707822021"
CLIENTE427,Morrowind,"0,7080208285"
CLIENTE130,Askr,"0,7081152659"
CLIENTE596,Pangara,"0,7083225002"
CLIENTE288,Konoha,"0,7083266119"
CLIENTE45,Marineford,"0,7083660101"
CLIENTE274,Tchurion,"0,7083689978"
CLIENTE485,Northfall,"0,7083781784"
CLIENTE79,Lochbar,"0,7085724439"
CLIENTE221,Greywatch,"0,7085979453"
CLIENTE139,Wuhaven,"0,7086645752"
CLIENTE21,Shadowpeak,"0,7087208149"
CLIENTE630,Laputa,"0,7088752267"
CLIENTE59,Askr,"0,7088900003"
CLIENTE603,Jakura,"0,7089031034"
CLIENTE704,Dornfall,"0,7089223486"
CLIENTE622,Iskeld,"0,7089919105"
CLIENTE221,Cairhien,"0,7092099156"
CLIENTE373,Prontera,"0,7094373941"
CLIENTE26,Mythra,"0,7096192334"
CLIENTE559,Gerudo,"0,7096676858"
CLIENTE42,Sethera,"0,7099142319"
CLIENTE706,Termina,"0,7099296585"
CLIENTE437,Koktahl,"0,7099426373"
CLIENTE450,Skellige,"0,7099551888"
CLIENTE512,Deeptrench,"0,7100546106"
CLIENTE706,Ranskar,"0,7100843369"
CLIENTE387,Deepwater,"0,7103367455"
CLIENTE582,Elzion,"0,7104169033"
CLIENTE426,Qineth,"0,7105030659"
CLIENTE574,Valisthea,"0,7106530452"
CLIENTE713,Tchurion,"0,710708475"
CLIENTE596,Tarbean,"0,7108073701"
CLIENTE520,Laputa,"0,7108542391"
CLIENTE76,Muskara,"0,7109743544"
CLIENTE284,Chenara,"0,7110433311"
CLIENTE211,Ivalice,"0,7110591293"
CLIENTE470,Limoria,"0,7111219999"
CLIENTE31,Inoria,"0,7111315151"
CLIENTE621,Fernwall,"0,7111483205"
CLIENTE487,TwinPillars,"0,7111582209"
CLIENTE603,Elzion,"0,7113895774"
CLIENTE568,Deliora,"0,7114287882"
CLIENTE315,Frosthelm,"0,7114794097"
CLIENTE108,Fernwall,"0,7115160169"
CLIENTE310,Fernwall,"0,7115393008"
CLIENTE99,Kakariko,"0,7116331507"
CLIENTE49,Kharon,"0,7117145807"
CLIENTE660,Skellige,"0,7117945337"
CLIENTE312,Yjigar,"0,7118500718"
CLIENTE577,Pillarreach,"0,711870195"
CLIENTE636,Perseon,"0,7119192245"
CLIENTE587,Kharon,"0,7120730697"
CLIENTE586,Jakura,"0,7120990048"
CLIENTE155,Cartheia,"0,7121035531"
CLIENTE382,Thalassar,"0,7121749365"
CLIENTE247,Mythra,"0,7122420992"
CLIENTE686,Calcara,"0,7124755894"
CLIENTE538,Alabasta,"0,7124781984"
CLIENTE38,Drinmoor,"0,7125694888"
CLIENTE649,Nyagara,"0,7127416326"
CLIENTE35,Brightfall,"0,7129253529"
CLIENTE266,Kharon,"0,7129434433"
CLIENTE323,Shadowpeak,"0,713078756"
CLIENTE572,Mythra,"0,7130790942"
CLIENTE145,Azkaban,"0,7130995276"
CLIENTE653,Jindara,"0,7134230224"
CLIENTE370,Swindale,"0,7135748838"
CLIENTE389,Northfall,"0,7135780785"
CLIENTE225,Xinthar,"0,7135879782"
CLIENTE711,Qineth,"0,7136334548"
CLIENTE211,Lothlorien,"0,7136510882"
CLIENTE584,Muskara,"0,7137359819"
CLIENTE97,Liones,"0,7137486913"
CLIENTE372,Kobaris,"0,7137677781"
CLIENTE222,Fernwall,"0,7138717834"
CLIENTE665,Pausen,"0,7139275224"
CLIENTE66,Targalon,"0,7139886553"
CLIENTE429,Amoneth,"0,7140718677"
CLIENTE307,Kragspire,"0,7142442413"
CLIENTE633,Kakariko,"0,7142914744"
CLIENTE29,Grimvale,"0,7143330416"
CLIENTE302,Rlyeh,"0,7143377228"
CLIENTE211,Namek,"0,7143678667"
CLIENTE429,Azural,"0,7143880233"
CLIENTE73,Kakariko,"0,7143967631"
CLIENTE304,Sethera,"0,7145481009"
CLIENTE454,Mythra,"0,7145769555"
CLIENTE330,Hazoria,"0,7145974209"
CLIENTE350,Chenara,"0,7147629765"
CLIENTE239,Kharon,"0,7147681667"
CLIENTE339,Ashkora,"0,714806596"
CLIENTE212,Hollowmar,"0,7148097371"
CLIENTE362,Noctis,"0,7148107771"
CLIENTE625,Besaid,"0,714815259"
CLIENTE476,Tutira,"0,7149696584"
CLIENTE90,Yenfall,"0,7150023548"
CLIENTE406,Pangara,"0,7150159211"
CLIENTE609,Stormbar,"0,7150716193"
CLIENTE243,Brightfall,"0,7152420209"
CLIENTE449,Nighthaven,"0,7152421394"
CLIENTE569,Tempestia,"0,7152941025"
CLIENTE412,Tomarath,"0,7156654814"
CLIENTE383,Rlyeh,"0,715862001"
CLIENTE582,Hollowmar,"0,7159394304"
CLIENTE691,Jadehold,"0,7160420767"
CLIENTE61,Savois,"0,716066849"
CLIENTE440,Gerudo,"0,7161291691"
CLIENTE243,Perseon,"0,7161948703"
CLIENTE423,Deepwater,"0,7162163212"
CLIENTE346,Skellige,"0,7162299268"
CLIENTE662,Viscara,"0,7162510933"
CLIENTE325,Ranskar,"0,7164529932"
CLIENTE647,Calcara,"0,7166922067"
CLIENTE291,Khengar,"0,7166948606"
CLIENTE658,Solhara,"0,7167181526"
CLIENTE576,Zaphura,"0,7167560239"
CLIENTE534,Limoria,"0,7168360648"
CLIENTE568,Besaid,"0,7170471972"
CLIENTE240,Kakariko,"0,717065822"
CLIENTE534,Deliora,"0,7171120644"
CLIENTE314,Qineth,"0,7171126769"
CLIENTE269,Galdrin,"0,7172353903"
CLIENTE713,Pangara,"0,7172914346"
CLIENTE249,Pandora,"0,7173475011"
CLIENTE210,Amoneth,"0,7173536453"
CLIENTE97,Duskwall,"0,7174438559"
CLIENTE439,Valisthea,"0,7174642084"
CLIENTE427,Mondstadt,"0,717802051"
CLIENTE427,Kragspire,"0,7178741007"
CLIENTE697,Ykoura,"0,7179573737"
CLIENTE661,Qineth,"0,7180162799"
CLIENTE332,Sunreach,"0,7180806813"
CLIENTE632,Tartarus,"0,7181678413"
CLIENTE549,Greywatch,"0,7182513514"
CLIENTE216,Tuxara,"0,7183051569"
CLIENTE459,Posthaven,"0,7183671611"
CLIENTE309,Zanarkand,"0,7183878889"
CLIENTE196,TwinPillars,"0,7183950969"
CLIENTE426,Nassauia,"0,7183996024"
CLIENTE581,Chenara,"0,7184125916"
CLIENTE571,Lyngard,"0,7184330601"
CLIENTE381,Zaphura,"0,7185350382"
CLIENTE22,Posthaven,"0,7185890962"
CLIENTE40,Mountglass,"0,7186690426"
CLIENTE602,Kandor,"0,7188254229"
CLIENTE534,Rocabar,"0,7188317042"
CLIENTE181,Pausen,"0,7188783545"
CLIENTE54,Spira,"0,7189379309"
CLIENTE641,Lyngard,"0,7190341412"
CLIENTE310,Konoha,"0,7191313264"
CLIENTE704,Resembool,"0,7192835804"
CLIENTE295,Fernwall,"0,7193041845"
CLIENTE462,Xinthar,"0,7193288286"
CLIENTE148,Kandor,"0,7194142381"
CLIENTE521,Winhill,"0,7195415494"
CLIENTE238,Altissia,"0,7196532796"
CLIENTE395,Sectorium,"0,7197412485"
CLIENTE167,Surakai,"0,7198656485"
CLIENTE464,Prontera,"0,719932077"
CLIENTE348,Mythra,"0,7200838552"
CLIENTE669,Brakmar,"0,7200996378"
CLIENTE25,Nosgoth,"0,7201026256"
CLIENTE310,Salvaris,"0,7201221997"
CLIENTE243,Walden,"0,7201222995"
CLIENTE447,Cartheia,"0,720173256"
CLIENTE3,Nyagara,"0,7201855165"
CLIENTE182,Savois,"0,7202756994"
CLIENTE481,Lyngard,"0,7202788292"
CLIENTE298,Sunreach,"0,7203301975"
CLIENTE471,Askr,"0,7203589304"
CLIENTE229,Elzion,"0,7203627806"
CLIENTE293,Calcara,"0,7204752683"
CLIENTE368,Ossandor,"0,7205287532"
CLIENTE69,Mythra,"0,7205755554"
CLIENTE438,Sethera,"0,7206148087"
CLIENTE695,Brightfall,"0,7207846847"
CLIENTE440,Eredin,"0,7208403757"
CLIENTE2,Wuhaven,"0,7208437258"
CLIENTE279,Koktahl,"0,7208836998"
CLIENTE632,Klunheim,"0,7208920539"
CLIENTE204,Vancross,"0,7209951997"
CLIENTE481,Sethera,"0,721003242"
CLIENTE306,Hazoria,"0,7210796218"
CLIENTE587,Askr,"0,7211201908"
CLIENTE266,TwinPillars,"0,7211719488"
CLIENTE456,Midgar,"0,7212647819"
CLIENTE513,Aeusserst,"0,7212655533"
CLIENTE214,Elzion,"0,7212865047"
CLIENTE467,Galdrin,"0,72133776"
CLIENTE5,Yatora,"0,7213399528"
CLIENTE280,Deliora,"0,7216670841"
CLIENTE581,Resembool,"0,7217732747"
CLIENTE301,Sidora,"0,7217757834"
CLIENTE450,Amoneth,"0,7217776657"
CLIENTE41,Fernwall,"0,7217810996"
CLIENTE363,Zanarkand,"0,7218100628"
CLIENTE284,Yenfall,"0,7218156638"
CLIENTE405,Hollowmar,"0,7219886642"
CLIENTE1,Hogwarts,"0,7220290693"
CLIENTE691,Pangara,"0,722122741"
CLIENTE435,Sableport,"0,7221252811"
CLIENTE230,Tahlenwald,"0,7221968031"
CLIENTE230,Tutira,"0,722211694"
CLIENTE538,Ichoris,"0,7223513512"
CLIENTE499,Kakariko,"0,7224053586"
CLIENTE387,Jakura,"0,7224257477"
CLIENTE397,Noctis,"0,7224341027"
CLIENTE455,Manshade,"0,7224823471"
CLIENTE237,Melvara,"0,7225338464"
CLIENTE310,Yokara,"0,7227867358"
CLIENTE699,Elzion,"0,7228040554"
CLIENTE46,Savois,"0,7228482804"
CLIENTE125,Sethera,"0,7228529784"
CLIENTE700,Zuldazar,"0,7228862317"
CLIENTE696,Riorin,"0,722940614"
CLIENTE264,Azural,"0,7230669514"
CLIENTE411,Limoria,"0,7230760884"
CLIENTE201,Paldea,"0,7230925334"
CLIENTE401,Koktahl,"0,723175779"
CLIENTE137,Chenara,"0,7231988896"
CLIENTE531,Resembool,"0,7232532168"
CLIENTE94,Koktahl,"0,7233572501"
CLIENTE541,Elysor,"0,7233765278"
CLIENTE441,TwinPillars,"0,7234860488"
CLIENTE251,Tomarath,"0,7235428684"
CLIENTE60,Yokara,"0,7237342008"
CLIENTE178,Ivalice,"0,7238306954"
CLIENTE174,Pillarreach,"0,7238593429"
CLIENTE239,Limoria,"0,7238977172"
CLIENTE166,Humeria,"0,7239209737"
CLIENTE120,Ulthar,"0,72392821"
CLIENTE604,Perseon,"0,7240352584"
CLIENTE63,Dragmere,"0,7240358362"
CLIENTE276,Pandora,"0,7241185285"
CLIENTE197,Hazoria,"0,7242580692"
CLIENTE574,Dirtmouth,"0,7242910503"
CLIENTE523,Xinthar,"0,7243280133"
CLIENTE519,Lothlorien,"0,7243894971"
CLIENTE402,Windscar,"0,7244147405"
CLIENTE587,Walden,"0,7244162446"
CLIENTE191,Marineford,"0,7245269305"
CLIENTE228,Qineth,"0,724641749"
CLIENTE449,Ishgard,"0,7246461591"
CLIENTE492,Cairhien,"0,7246530899"
CLIENTE97,Qineth,"0,7247699867"
CLIENTE300,Perseon,"0,7248625996"
CLIENTE685,Deliora,"0,7250418164"
CLIENTE171,Pillarreach,"0,7250816564"
CLIENTE393,Cartheia,"0,7251510441"
CLIENTE216,Eredin,"0,7253573996"
CLIENTE24,Lathen,"0,725581118"
CLIENTE251,Rocabar,"0,725813975"
CLIENTE198,Hollowmar,"0,7258833462"
CLIENTE257,Mondstadt,"0,7259179658"
CLIENTE505,Ivalice,"0,7259765983"
CLIENTE655,Yatora,"0,72607479"
CLIENTE708,Casperia,"0,7261024957"
CLIENTE322,Memphos,"0,726264997"
CLIENTE220,Riorin,"0,7263150557"
CLIENTE83,Solhara,"0,7263663541"
CLIENTE600,Memphos,"0,7264011923"
CLIENTE505,Posthaven,"0,7265813023"
CLIENTE566,Hollowmar,"0,7266290373"
CLIENTE316,Nosgoth,"0,7266880315"
CLIENTE295,Manifold,"0,7269621316"
CLIENTE423,Memphos,"0,7271258054"
CLIENTE280,Walden,"0,7271484093"
CLIENTE487,Sectorium,"0,7271841532"
CLIENTE501,Mythra,"0,7273142282"
CLIENTE464,Nenaris,"0,727372103"
CLIENTE43,Melvara,"0,7274293787"
CLIENTE281,Dornfall,"0,7274920199"
CLIENTE206,Kobaris,"0,7277175171"
CLIENTE467,Greywatch,"0,7277367666"
CLIENTE429,Morrowind,"0,727776086"
CLIENTE78,Jindara,"0,7278271693"
CLIENTE562,Tahlenwald,"0,7278983906"
CLIENTE232,Hollowmar,"0,7279532854"
CLIENTE690,Kobaris,"0,7279788638"
CLIENTE21,Lochbar,"0,7280242354"
CLIENTE151,Casperia,"0,7280411067"
CLIENTE430,Skyreach,"0,7281034873"
CLIENTE361,Promethea,"0,7282123284"
CLIENTE320,Nyagara,"0,7284457476"
CLIENTE549,Besaid,"0,7285558797"
CLIENTE244,Ranskar,"0,7286167405"
CLIENTE255,Dragmere,"0,7288431766"
CLIENTE313,Yenfall,"0,7289348132"
CLIENTE342,Elysor,"0,7289675042"
CLIENTE177,Galdrin,"0,7289766197"
CLIENTE148,Paldea,"0,7290841396"
CLIENTE595,Surakai,"0,7291000441"
CLIENTE248,Chenara,"0,729103434"
CLIENTE651,Skellige,"0,7292112749"
CLIENTE96,Hogwarts,"0,7292329362"
CLIENTE302,Yokara,"0,7292765488"
CLIENTE445,Qineth,"0,7293165032"
CLIENTE403,Koktahl,"0,729325348"
CLIENTE421,Klunheim,"0,7293961877"
CLIENTE175,Melvara,"0,7294253818"
CLIENTE263,Obsidian,"0,7294922637"
CLIENTE153,Besaid,"0,7296402834"
CLIENTE96,Posthaven,"0,7297007372"
CLIENTE500,Osaria,"0,7297626144"
CLIENTE337,Pandora,"0,729863958"
CLIENTE530,Perseon,"0,7298925773"
CLIENTE501,Uinhold,"0,7299494181"
CLIENTE96,Sidora,"0,7300062016"
CLIENTE255,Yeygard,"0,7301167149"
CLIENTE33,Calcara,"0,7303532002"
CLIENTE207,Raumor,"0,730390511"
CLIENTE267,Dornfall,"0,7304180246"
CLIENTE320,Konoha,"0,7305720333"
CLIENTE571,TwinPillars,"0,7306663959"
CLIENTE123,Aeusserst,"0,7306817123"
CLIENTE600,Zanarkand,"0,7307377838"
CLIENTE434,Dornfall,"0,7307378645"
CLIENTE144,Winhill,"0,7307593803"
CLIENTE276,Ossandor,"0,7308413043"
CLIENTE111,Ashkora,"0,7308682379"
CLIENTE559,Northfall,"0,7308795249"
CLIENTE231,Resembool,"0,7309437002"
CLIENTE118,Nighthaven,"0,7309938628"
CLIENTE253,Brightfall,"0,731042771"
CLIENTE82,Besaid,"0,7312015124"
CLIENTE662,Melvara,"0,7312487583"
CLIENTE275,Highspire,"0,7312734154"
CLIENTE118,Highspire,"0,7314349838"
CLIENTE453,Stormbar,"0,7315354372"
CLIENTE697,Namek,"0,7316450141"
CLIENTE184,Altissia,"0,7317867521"
CLIENTE127,Lothlorien,"0,7319155519"
CLIENTE589,Frosthelm,"0,7319329696"
CLIENTE532,Hogwarts,"0,7320129507"
CLIENTE115,Solhara,"0,7321052149"
CLIENTE548,Calcara,"0,7321373238"
CLIENTE521,Limoria,"0,7321817321"
CLIENTE187,Midgar,"0,7321902843"
CLIENTE499,Stormbar,"0,7322473377"
CLIENTE428,Azkaban,"0,7322961736"
CLIENTE542,Shadowpeak,"0,7323258805"
CLIENTE183,Limoria,"0,7323693907"
CLIENTE339,Pangara,"0,7324420001"
CLIENTE444,Osaria,"0,7325272413"
CLIENTE105,Sableport,"0,7326140562"
CLIENTE609,Ngorim,"0,7326338277"
CLIENTE616,Winhill,"0,7326645874"
CLIENTE643,Nyagara,"0,7327850695"
CLIENTE22,Lothlorien,"0,7328190633"
CLIENTE454,Alabasta,"0,7329779461"
CLIENTE172,Haldryn,"0,7329796381"
CLIENTE370,Lathen,"0,7330595365"
CLIENTE60,Deliora,"0,7332304295"
CLIENTE290,Haldryn,"0,7332883283"
CLIENTE204,Laputa,"0,7333642311"
CLIENTE345,Yokara,"0,7334237487"
CLIENTE255,Rivenspire,"0,7334797899"
CLIENTE64,Huern,"0,7335989683"
CLIENTE7,Targalon,"0,7336224115"
CLIENTE159,Duskwall,"0,7336718905"
CLIENTE436,Solstheim,"0,7336803692"
CLIENTE360,Greywatch,"0,7337670755"
CLIENTE33,Galdrin,"0,733876064"
CLIENTE70,Skellige,"0,7338886475"
CLIENTE304,Quasmar,"0,7340156437"
CLIENTE435,Ykoura,"0,7342067538"
CLIENTE521,Vancross,"0,7342718128"
CLIENTE285,Viscara,"0,7342900513"
CLIENTE145,Marineford,"0,7343971698"
CLIENTE357,Windscar,"0,7344172845"
CLIENTE214,Yenfall,"0,7344312981"
CLIENTE22,Besaid,"0,7344656081"
CLIENTE161,Tuxara,"0,7345220944"
CLIENTE706,Bethlehem,"0,7345620577"
CLIENTE531,Noctis,"0,7346448901"
CLIENTE135,Ichoris,"0,7348265098"
CLIENTE70,Duskwall,"0,734830242"
CLIENTE503,Jakura,"0,7348813977"
CLIENTE141,Philgaia,"0,7349889335"
CLIENTE498,Yenfall,"0,7350303468"
CLIENTE541,Raumor,"0,7350346284"
CLIENTE711,Laputa,"0,7351441196"
CLIENTE101,Ossandor,"0,7351593677"
CLIENTE295,Azkaban,"0,7352157333"
CLIENTE353,Khengar,"0,7354835775"
CLIENTE623,Besaid,"0,7355328463"
CLIENTE403,Hollowmar,"0,735543904"
CLIENTE626,Besaid,"0,7355621508"
CLIENTE287,Gerudo,"0,735611531"
CLIENTE141,Altissia,"0,7356802506"
CLIENTE577,Manifold,"0,7356815636"
CLIENTE379,Haldryn,"0,7356831307"
CLIENTE331,Windscar,"0,7356896689"
CLIENTE417,Kandor,"0,7357147063"
CLIENTE428,Ossandor,"0,7357355656"
CLIENTE167,Deepwater,"0,7357598104"
CLIENTE275,Wuhaven,"0,7357928542"
CLIENTE346,Grimvale,"0,7358117096"
CLIENTE274,Besaid,"0,7360001681"
CLIENTE2,Chenara,"0,7360342401"
CLIENTE231,Pangara,"0,7360971558"
CLIENTE612,Duskwall,"0,7361429264"
CLIENTE321,Hyrule,"0,7361646936"
CLIENTE364,Klunheim,"0,7362144578"
CLIENTE599,Brightfall,"0,7362861156"
CLIENTE554,Ykoura,"0,7363236836"
CLIENTE51,Jakura,"0,7364560864"
CLIENTE52,Ngorim,"0,7364738611"
CLIENTE167,Kragspire,"0,7365219342"
CLIENTE129,Klunheim,"0,7365381169"
CLIENTE236,Ykoura,"0,736542267"
CLIENTE399,Duskwall,"0,7365772926"
CLIENTE514,Cartheia,"0,7367473466"
CLIENTE550,Yjigar,"0,736784625"
CLIENTE69,Kandor,"0,7367949046"
CLIENTE463,Valisthea,"0,7368261916"
CLIENTE526,Nosgoth,"0,736840958"
CLIENTE100,Nurmengard,"0,7368846175"
CLIENTE475,Stonegate,"0,7369419396"
CLIENTE37,Pausen,"0,7369489164"
CLIENTE338,Fernwall,"0,7370213463"
CLIENTE138,Cartheia,"0,7370843253"
CLIENTE591,Ykoura,"0,7371079783"
CLIENTE514,Highspire,"0,7371350131"
CLIENTE685,Yatora,"0,7371480052"
CLIENTE435,Skyreach,"0,7372343803"
CLIENTE343,Nibelheim,"0,7373081293"
CLIENTE401,Zanarkand,"0,7374429784"
CLIENTE553,Frosthelm,"0,7375377229"
CLIENTE115,Manifold,"0,7375783434"
CLIENTE129,Calcara,"0,7376012688"
CLIENTE288,Northfall,"0,7376928353"
CLIENTE565,Yokara,"0,7377177471"
CLIENTE587,Valyria,"0,7377878251"
CLIENTE505,Johto,"0,7378730823"
CLIENTE680,Mountglass,"0,7379394866"
CLIENTE665,Windscar,"0,7381552242"
CLIENTE609,Thalassar,"0,738256889"
CLIENTE572,Termina,"0,7383633384"
CLIENTE586,Targalon,"0,7384279777"
CLIENTE396,Windscar,"0,7384524963"
CLIENTE438,Hollowmar,"0,7386742239"
CLIENTE497,Zanarkand,"0,7387868489"
CLIENTE570,Ashkora,"0,7388154253"
CLIENTE207,Thalassar,"0,7389235398"
CLIENTE237,Sethera,"0,7389254204"
CLIENTE51,Chenara,"0,7389731866"
CLIENTE445,Ngorim,"0,7389876031"
CLIENTE501,Hyrule,"0,7390222232"
CLIENTE439,Stevanor,"0,7390498209"
CLIENTE269,Nurmengard,"0,739054021"
CLIENTE517,Ossandor,"0,7390786233"
CLIENTE512,Obsidian,"0,7391197586"
CLIENTE189,Xinthar,"0,7392719875"
CLIENTE17,Huern,"0,7392982743"
CLIENTE534,Iskeld,"0,73954177"
CLIENTE21,Walden,"0,7397018877"
CLIENTE517,Skyreach,"0,7397692595"
CLIENTE325,Viscara,"0,7398243769"
CLIENTE626,Thalassar,"0,7400273693"
CLIENTE45,Pandora,"0,7400729346"
CLIENTE297,Altissia,"0,7402491664"
CLIENTE709,Deepwater,"0,7403037278"
CLIENTE260,Solhara,"0,7403471964"
CLIENTE98,Hogwarts,"0,7403752691"
CLIENTE644,Inoria,"0,7404300383"
CLIENTE145,Termina,"0,7405551123"
CLIENTE99,Midgar,"0,740811385"
CLIENTE630,Amoneth,"0,740866226"
CLIENTE265,Casperia,"0,7408731382"
CLIENTE579,Imre,"0,7409031101"
CLIENTE534,Cairhien,"0,7409551824"
CLIENTE111,Spira,"0,7409608456"
CLIENTE31,Nighthaven,"0,7409618842"
CLIENTE560,Promethea,"0,7410009005"
CLIENTE282,Wuhaven,"0,7410792316"
CLIENTE235,Lyngard,"0,7412616757"
CLIENTE228,Prontera,"0,7412760156"
CLIENTE676,Jindara,"0,7413378214"
CLIENTE575,Kragspire,"0,7413802705"
CLIENTE134,Hogwarts,"0,7414506108"
CLIENTE233,Imre,"0,7420380429"
CLIENTE353,Yeygard,"0,7420844036"
CLIENTE290,Pillarreach,"0,7423084544"
CLIENTE254,Askr,"0,7424251753"
CLIENTE507,Nenaris,"0,742471071"
CLIENTE467,Promethea,"0,7425183372"
CLIENTE425,Grimvale,"0,7427283777"
CLIENTE368,Rivenspire,"0,7427412351"
CLIENTE272,Ashkora,"0,7427552304"
CLIENTE353,Jakura,"0,7427983707"
CLIENTE274,Skellige,"0,7428261334"
CLIENTE666,Rocabar,"0,7429090393"
CLIENTE283,Sectorium,"0,7429246884"
CLIENTE580,Kragspire,"0,7432686408"
CLIENTE545,Cartheia,"0,7433435015"
CLIENTE290,Skyreach,"0,7433923798"
CLIENTE4,Greywatch,"0,7434246121"
CLIENTE186,Khengar,"0,7434285754"
CLIENTE301,Swindale,"0,7435231993"
CLIENTE285,Termina,"0,7435247116"
CLIENTE544,Stevanor,"0,7435564696"
CLIENTE424,Tutira,"0,7435634922"
CLIENTE536,Grimvale,"0,7435681865"
CLIENTE609,Imre,"0,7435812346"
CLIENTE333,Termina,"0,7437329241"
CLIENTE357,Chenara,"0,7439188313"
CLIENTE207,Tartarus,"0,7439448925"
CLIENTE696,Kakariko,"0,7439857211"
CLIENTE657,Shadowpeak,"0,7440110988"
CLIENTE271,Piscara,"0,7440441362"
CLIENTE177,Hazoria,"0,7440944596"
CLIENTE95,Stevanor,"0,7441192675"
CLIENTE346,Sidora,"0,7443409951"
CLIENTE248,Iyomar,"0,7445892753"
CLIENTE173,Uinhold,"0,7448156926"
CLIENTE206,Seireitei,"0,7448554283"
CLIENTE297,Deeptrench,"0,7448747565"
CLIENTE515,Wuhaven,"0,744915846"
CLIENTE133,Gerudo,"0,7450189163"
CLIENTE192,Lothlorien,"0,7450215297"
CLIENTE114,TwinPillars,"0,7450924442"
CLIENTE294,Stevanor,"0,745114119"
CLIENTE477,Tutira,"0,7451247604"
CLIENTE382,Nurmengard,"0,7451808621"
CLIENTE616,Lothlorien,"0,7454620637"
CLIENTE154,Aeusserst,"0,7455790838"
CLIENTE614,Glenhaven,"0,7455893677"
CLIENTE224,Tarbean,"0,745627791"
CLIENTE54,Osaria,"0,745687317"
CLIENTE333,Valyria,"0,7456991066"
CLIENTE113,Kakariko,"0,7458809085"
CLIENTE207,Iyomar,"0,7458959417"
CLIENTE704,Solhara,"0,7459391823"
CLIENTE348,TwinPillars,"0,7461035578"
CLIENTE85,Yenfall,"0,7461224893"
CLIENTE565,Humeria,"0,7461878159"
CLIENTE174,Iskeld,"0,7462460106"
CLIENTE216,Calcara,"0,7463179026"
CLIENTE598,Noctis,"0,7463551105"
CLIENTE184,Casperia,"0,7463581207"
CLIENTE664,Surakai,"0,7464509545"
CLIENTE526,Ngorim,"0,7466277435"
CLIENTE145,Dragmere,"0,74671759"
CLIENTE469,Dirtmouth,"0,7467352282"
CLIENTE223,Ashkora,"0,7467356196"
CLIENTE588,Fernwall,"0,7467609435"
CLIENTE255,Pangara,"0,7467888497"
CLIENTE133,Tempestia,"0,7468511067"
CLIENTE411,Riorin,"0,7468586743"
CLIENTE413,Helheim,"0,7468800948"
CLIENTE410,Haldryn,"0,7469637481"
CLIENTE438,Seireitei,"0,7470243501"
CLIENTE593,Jindara,"0,747057596"
CLIENTE413,Thalassar,"0,7470843618"
CLIENTE691,Osaria,"0,7472650039"
CLIENTE157,Kragspire,"0,747270092"
CLIENTE91,Ichoris,"0,7472775132"
CLIENTE608,Fernwall,"0,7473388171"
CLIENTE315,Prontera,"0,747484004"
CLIENTE360,Lyngard,"0,7475177491"
CLIENTE709,Ykoura,"0,7476099486"
CLIENTE28,Nassauia,"0,7477189186"
CLIENTE430,Brakmar,"0,7477395537"
CLIENTE153,Ishgard,"0,7478976912"
CLIENTE525,Deepwater,"0,7479900446"
CLIENTE593,Tchurion,"0,7480031628"
CLIENTE234,Konoha,"0,7481228836"
CLIENTE659,Elzion,"0,7481329148"
CLIENTE532,Tarbean,"0,7481748621"
CLIENTE327,Tchurion,"0,7482000921"
CLIENTE258,Hogwarts,"0,7484492346"
CLIENTE159,Bethlehem,"0,7486587231"
CLIENTE109,Ossandor,"0,7487877458"
CLIENTE399,Deeptrench,"0,7488471648"
CLIENTE648,Yeygard,"0,7489466222"
CLIENTE554,Skyreach,"0,7489524048"
CLIENTE406,Kandor,"0,7489877864"
CLIENTE154,Seireitei,"0,7490339569"
CLIENTE591,Khengar,"0,7490762603"
CLIENTE114,Calcara,"0,7490782988"
CLIENTE587,Yokara,"0,7490901053"
CLIENTE205,Manifold,"0,7491106507"
CLIENTE235,Ichoris,"0,7491296068"
CLIENTE501,Tartarus,"0,7491550309"
CLIENTE526,Fernwall,"0,7491772222"
CLIENTE551,Riorin,"0,7492728953"
CLIENTE629,Zuldazar,"0,7493354564"
CLIENTE78,Muskara,"0,749342519"
CLIENTE10,Midgar,"0,7494314775"
CLIENTE289,Deepwater,"0,7494627433"
CLIENTE290,Mondstadt,"0,7495072541"
CLIENTE217,Kobaris,"0,749513178"
CLIENTE164,Surakai,"0,7495278946"
CLIENTE216,Jindara,"0,7495401351"
CLIENTE220,Chenara,"0,7498626462"
CLIENTE118,Ossandor,"0,7499163001"
CLIENTE249,Stormhold,"0,7500244581"
CLIENTE224,Nurmengard,"0,7500755335"
CLIENTE326,Rlyeh,"0,7501760195"
CLIENTE298,Cairhien,"0,7501802177"
CLIENTE587,Melvara,"0,7503908908"
CLIENTE181,Iskeld,"0,7505370587"
CLIENTE199,Northfall,"0,7507071043"
CLIENTE133,Tarbean,"0,750722702"
CLIENTE605,Stormhold,"0,7507230452"
CLIENTE674,Philgaia,"0,7507849875"
CLIENTE423,Obsidian,"0,7511940852"
CLIENTE184,Nosgoth,"0,7512684884"
CLIENTE122,Highspire,"0,7513729778"
CLIENTE526,Skellige,"0,7513889963"
CLIENTE554,Greywatch,"0,7514988869"
CLIENTE706,Winhill,"0,7516476731"
CLIENTE346,Piscara,"0,7517336592"
CLIENTE169,Lathen,"0,7518038767"
CLIENTE173,Resembool,"0,7518403524"
CLIENTE604,Iskeld,"0,7519085173"
CLIENTE255,Azural,"0,7519764754"
CLIENTE60,Solstheim,"0,7519796696"
CLIENTE535,Pangara,"0,7519849552"
CLIENTE358,Ishgard,"0,7520230795"
CLIENTE250,Grimvale,"0,7522060159"
CLIENTE185,Manshade,"0,7523264371"
CLIENTE281,Eredin,"0,7525347371"
CLIENTE462,Zaphura,"0,7525853255"
CLIENTE476,Ykoura,"0,7528304286"
CLIENTE311,Viscara,"0,7528456088"
CLIENTE531,Kandor,"0,7528781637"
CLIENTE395,Piscara,"0,7530116471"
CLIENTE121,Inoria,"0,7532315818"
CLIENTE393,Galdrin,"0,7532532984"
CLIENTE23,Zanarkand,"0,7532749227"
CLIENTE351,Ivalice,"0,7533933787"
CLIENTE549,Posthaven,"0,7534823825"
CLIENTE5,Winhill,"0,7534829159"
CLIENTE495,Deepwater,"0,7534921497"
CLIENTE506,Lochbar,"0,7536109662"
CLIENTE695,Tahlenwald,"0,7536114074"
CLIENTE582,Yenfall,"0,7536930936"
CLIENTE454,Highspire,"0,753763147"
CLIENTE35,Shadowpeak,"0,753796816"
CLIENTE210,Jindara,"0,7538201532"
CLIENTE194,Surakai,"0,7538588214"
CLIENTE253,Elysor,"0,7539436368"
CLIENTE297,Northfall,"0,7541172707"
CLIENTE374,Fernwall,"0,754376"
CLIENTE311,Yeygard,"0,7544380915"
CLIENTE526,Manshade,"0,7545298519"
CLIENTE614,Gerudo,"0,7548198598"
CLIENTE94,Tuxara,"0,7548234723"
CLIENTE118,Kragspire,"0,7548335027"
CLIENTE110,Humeria,"0,75486912"
CLIENTE151,Nassauia,"0,7550332399"
CLIENTE463,Xinthar,"0,755033438"
CLIENTE468,Skyreach,"0,755245683"
CLIENTE638,Obsidian,"0,7552664934"
CLIENTE217,Helheim,"0,7552745575"
CLIENTE681,Ossandor,"0,7553004651"
CLIENTE688,Lyngard,"0,7553220538"
CLIENTE395,Solhara,"0,755322515"
CLIENTE629,Termina,"0,7556613462"
CLIENTE445,Yatora,"0,7556922752"
CLIENTE277,Humeria,"0,7557002292"
CLIENTE230,Hazoria,"0,7559123066"
CLIENTE206,Deeptrench,"0,755972423"
CLIENTE602,Ivalice,"0,7559836445"
CLIENTE418,Valisthea,"0,7561510373"
CLIENTE394,Walden,"0,7561640839"
CLIENTE295,Paldea,"0,7562837029"
CLIENTE491,Skyreach,"0,756336054"
CLIENTE504,Sidora,"0,7566573892"
CLIENTE307,Obsidian,"0,7567075956"
CLIENTE610,Konoha,"0,756781565"
CLIENTE502,Cartheia,"0,7568455657"
CLIENTE209,Midgar,"0,7568803449"
CLIENTE196,Windscar,"0,7568961967"
CLIENTE47,Johto,"0,7569632495"
CLIENTE19,Zuldazar,"0,7570013846"
CLIENTE408,Prontera,"0,7571160415"
CLIENTE172,Raumor,"0,7572340223"
CLIENTE501,Iyomar,"0,7572796064"
CLIENTE435,Targalon,"0,7574512245"
CLIENTE234,Kobaris,"0,7574975207"
CLIENTE530,Cartheia,"0,7575283553"
CLIENTE573,Jadehold,"0,7575630673"
CLIENTE190,Lochbar,"0,7577050341"
CLIENTE614,Resembool,"0,7578722761"
CLIENTE32,Ashkora,"0,7579696448"
CLIENTE658,Marineford,"0,7580719087"
CLIENTE34,Casperia,"0,758118613"
CLIENTE40,Koktahl,"0,7581827996"
CLIENTE14,Namek,"0,7582303916"
CLIENTE423,Humeria,"0,7582486751"
CLIENTE316,Nurmengard,"0,7582502407"
CLIENTE470,Nyagara,"0,7582670144"
CLIENTE10,Hogwarts,"0,7583166542"
CLIENTE476,Piscara,"0,7583902677"
CLIENTE147,Askr,"0,7584482658"
CLIENTE500,Midgar,"0,7584608224"
CLIENTE582,Marineford,"0,7584772766"
CLIENTE403,Dirtmouth,"0,7585273408"
CLIENTE309,Deliora,"0,7588011606"
CLIENTE108,Rocabar,"0,7589518504"
CLIENTE102,Frosthelm,"0,7590036583"
CLIENTE577,Skyreach,"0,7590324532"
CLIENTE151,Klunheim,"0,7590546055"
CLIENTE16,Osaria,"0,7592288669"
CLIENTE234,Elzion,"0,7592410047"
CLIENTE694,Skellige,"0,7592483301"
CLIENTE80,Yeygard,"0,7592670977"
CLIENTE499,Eredin,"0,7593275653"
CLIENTE611,Sethera,"0,7593763002"
CLIENTE124,Dornfall,"0,75939939"
CLIENTE412,Huern,"0,7594031609"
CLIENTE230,Zuldazar,"0,7594480019"
CLIENTE307,Amoneth,"0,7594715937"
CLIENTE21,Wuhaven,"0,759518847"
CLIENTE361,Lyngard,"0,7596839429"
CLIENTE412,Nyagara,"0,7597040056"
CLIENTE398,Noctis,"0,7597174247"
CLIENTE112,Philgaia,"0,7601052497"
CLIENTE192,Iskeld,"0,7601776402"
CLIENTE320,Grimvale,"0,7602824351"
CLIENTE503,Zuldazar,"0,7603657861"
CLIENTE86,Inoria,"0,7604799886"
CLIENTE234,Valisthea,"0,7606905773"
CLIENTE519,Johto,"0,7607675304"
CLIENTE473,Melvara,"0,7608638823"
CLIENTE678,Nibelheim,"0,7609217457"
CLIENTE250,Amoneth,"0,7609347085"
CLIENTE518,Winhill,"0,7609410973"
CLIENTE626,Uinhold,"0,760951278"
CLIENTE580,Pandora,"0,7609671101"
CLIENTE451,Solhara,"0,7609758156"
CLIENTE397,Fernwall,"0,7609758843"
CLIENTE43,Rocabar,"0,7609910198"
CLIENTE355,Lothlorien,"0,7609979618"
CLIENTE125,Piscara,"0,7610752445"
CLIENTE30,Fernwall,"0,7610862319"
CLIENTE451,Mythra,"0,7611035217"
CLIENTE446,Noctis,"0,7612116349"
CLIENTE36,Duskwall,"0,7612673871"
CLIENTE664,Sethera,"0,7612768827"
CLIENTE251,TwinPillars,"0,7612822131"
CLIENTE605,Mountglass,"0,7613280075"
CLIENTE333,Uinhold,"0,7614630153"
CLIENTE488,Pangara,"0,7614723979"
CLIENTE87,Laputa,"0,7615574684"
CLIENTE496,Cairhien,"0,7615834552"
CLIENTE364,Stevanor,"0,7616342539"
CLIENTE484,Walden,"0,7616554085"
CLIENTE187,Windscar,"0,7617380834"
CLIENTE337,Lothlorien,"0,7617473757"
CLIENTE76,Ossandor,"0,7617533709"
CLIENTE200,Iskeld,"0,7618167507"
CLIENTE648,Pangara,"0,7618362381"
CLIENTE671,Manshade,"0,7618513047"
CLIENTE607,Nosgoth,"0,7618560863"
CLIENTE552,Nurmengard,"0,7618716345"
CLIENTE540,Midgar,"0,7620302948"
CLIENTE467,Mondstadt,"0,7620361893"
CLIENTE131,Viscara,"0,7620807499"
CLIENTE434,Manifold,"0,7621057661"
CLIENTE241,Ulthar,"0,7622525804"
CLIENTE235,Gerudo,"0,7623760736"
CLIENTE91,Deeptrench,"0,7625174535"
CLIENTE112,Zaphura,"0,7625191869"
CLIENTE266,Jindara,"0,7625877838"
CLIENTE143,Marineford,"0,7626132379"
CLIENTE421,Iyomar,"0,7626626918"
CLIENTE9,Mythra,"0,7628109964"
CLIENTE269,Salvaris,"0,7628112091"
CLIENTE394,Tarbean,"0,7630493392"
CLIENTE313,Obsidian,"0,7630686283"
CLIENTE214,Frosthelm,"0,7631510958"
CLIENTE69,Stevanor,"0,7631600149"
CLIENTE467,Khengar,"0,7631873687"
CLIENTE702,Rlyeh,"0,7633597294"
CLIENTE167,Deliora,"0,7633652042"
CLIENTE618,Sunreach,"0,7634008439"
CLIENTE423,Namek,"0,7634111425"
CLIENTE649,Viscara,"0,7634676328"
CLIENTE558,Sethera,"0,7635947249"
CLIENTE678,Obsidian,"0,7637138145"
CLIENTE609,Huern,"0,7637429968"
CLIENTE523,Hazoria,"0,7637591587"
CLIENTE545,Lochbar,"0,7638193892"
CLIENTE111,Perseon,"0,7638394535"
CLIENTE408,Tempestia,"0,7639109799"
CLIENTE148,Sidora,"0,7639934217"
CLIENTE84,Lothlorien,"0,7641841359"
CLIENTE678,Deepwater,"0,7642817841"
CLIENTE321,Uinhold,"0,7643121079"
CLIENTE538,Yokara,"0,7643377625"
CLIENTE630,Xinthar,"0,764446612"
CLIENTE582,Nosgoth,"0,7644757852"
CLIENTE311,Kakariko,"0,7645284099"
CLIENTE208,Askr,"0,7645370297"
CLIENTE332,Viscara,"0,7645998112"
CLIENTE396,Mountglass,"0,7647614414"
CLIENTE121,Zanarkand,"0,7648432881"
CLIENTE526,Walden,"0,7649628732"
CLIENTE682,Aeusserst,"0,7650575198"
CLIENTE148,Morrowind,"0,7650976177"
CLIENTE499,Riorin,"0,7651979885"
CLIENTE572,Grimvale,"0,7652159194"
CLIENTE522,Riorin,"0,7652182258"
CLIENTE254,Haldryn,"0,7652785268"
CLIENTE267,Jakura,"0,765323871"
CLIENTE191,Quasmar,"0,7653826958"
CLIENTE59,Namek,"0,7654116251"
CLIENTE585,Marineford,"0,7655291924"
CLIENTE290,Hazoria,"0,7655620146"
CLIENTE527,Pausen,"0,7655627353"
CLIENTE16,Elzion,"0,7656953487"
CLIENTE238,Ranskar,"0,7657773998"
CLIENTE135,Solhara,"0,7657937918"
CLIENTE314,Iskeld,"0,76583345"
CLIENTE417,Wuhaven,"0,7660570198"
CLIENTE397,Midgar,"0,7660650904"
CLIENTE124,Targalon,"0,7660993942"
CLIENTE87,Drinmoor,"0,7661147831"
CLIENTE416,Yokara,"0,7661287844"
CLIENTE663,Humeria,"0,7662056798"
CLIENTE429,Haldryn,"0,7662155963"
CLIENTE608,Alabasta,"0,7664527364"
CLIENTE170,Aeusserst,"0,7665148628"
CLIENTE353,Alabasta,"0,7665742694"
CLIENTE407,Altissia,"0,7666197564"
CLIENTE84,Jadehold,"0,7668149099"
CLIENTE327,Ranskar,"0,7668505765"
CLIENTE510,Elzion,"0,7668746823"
CLIENTE423,Stonegate,"0,7670108802"
CLIENTE119,Eredin,"0,7671027276"
CLIENTE284,Khengar,"0,7672348963"
CLIENTE75,Termina,"0,767254636"
CLIENTE520,Tahlenwald,"0,76728568"
CLIENTE260,Yeygard,"0,7673151736"
CLIENTE122,Besaid,"0,7673715676"
CLIENTE314,Sethera,"0,7674540756"
CLIENTE269,Promethea,"0,7676343095"
CLIENTE281,Tutira,"0,7677013704"
CLIENTE390,Spira,"0,767808641"
CLIENTE58,Elysor,"0,7678233499"
CLIENTE154,Hogwarts,"0,7679277582"
CLIENTE530,Lothlorien,"0,7681199681"
CLIENTE106,Hyrule,"0,7682362098"
CLIENTE298,Ivalice,"0,7682795938"
CLIENTE708,Koktahl,"0,7683284684"
CLIENTE222,Melvara,"0,7683372227"
CLIENTE5,Zaphura,"0,768396487"
CLIENTE425,Piscara,"0,7684532771"
CLIENTE141,Mountglass,"0,7684975265"
CLIENTE188,Koktahl,"0,7685536725"
CLIENTE511,Skyreach,"0,7685684681"
CLIENTE163,Laputa,"0,7686190487"
CLIENTE209,Nighthaven,"0,7687331919"
CLIENTE297,Piscara,"0,7687376455"
CLIENTE538,Stormhold,"0,768748761"
CLIENTE334,Tomarath,"0,7687743887"
CLIENTE420,Yatora,"0,7687764098"
CLIENTE86,Highspire,"0,7688563742"
CLIENTE421,Brakmar,"0,7689348174"
CLIENTE214,Dornfall,"0,7689764152"
CLIENTE16,Ngorim,"0,7690020746"
CLIENTE311,Spira,"0,7692629547"
CLIENTE251,Ironfall,"0,7692793102"
CLIENTE410,Tutira,"0,7692886672"
CLIENTE212,Nurmengard,"0,7693139389"
CLIENTE660,Cairhien,"0,7695047469"
CLIENTE575,Prontera,"0,7695556131"
CLIENTE202,Lothlorien,"0,7697030477"
CLIENTE661,Askr,"0,7697094934"
CLIENTE97,Glenhaven,"0,7698487776"
CLIENTE640,Nurmengard,"0,7698769814"
CLIENTE411,Duskwall,"0,7698877079"
CLIENTE60,Valyria,"0,7698882686"
CLIENTE59,Stormbar,"0,7699053452"
CLIENTE691,Fernwall,"0,7699407991"
CLIENTE122,Spira,"0,7700134544"
CLIENTE377,Mythra,"0,7700265994"
CLIENTE10,Targalon,"0,7701284305"
CLIENTE572,Windscar,"0,7701347253"
CLIENTE479,Rocabar,"0,7702214648"
CLIENTE508,Azural,"0,7702445642"
CLIENTE415,Targalon,"0,7704510535"
CLIENTE331,Brightfall,"0,7705100891"
CLIENTE654,Tartarus,"0,7705616151"
CLIENTE616,Nassauia,"0,7707388826"
CLIENTE447,Rivenspire,"0,7708099967"
CLIENTE342,Pandora,"0,7708531111"
CLIENTE162,Kandor,"0,7709448947"
CLIENTE105,Ironfall,"0,7709899071"
CLIENTE392,Klunheim,"0,7711519352"
CLIENTE54,Melvara,"0,7711601068"
CLIENTE80,Uinhold,"0,7711897609"
CLIENTE416,Jindara,"0,7712412544"
CLIENTE229,Morrowind,"0,7713014066"
CLIENTE6,Melvara,"0,7713654169"
CLIENTE377,Brightfall,"0,771384925"
CLIENTE508,Cairhien,"0,7713988999"
CLIENTE116,Chenara,"0,7714308258"
CLIENTE241,Zanarkand,"0,7714695339"
CLIENTE440,Tahlenwald,"0,7716483942"
CLIENTE452,Swindale,"0,7716797497"
CLIENTE299,Nyagara,"0,7717079617"
CLIENTE436,Lyngard,"0,7717756697"
CLIENTE706,Azkaban,"0,7718015017"
CLIENTE545,Chenara,"0,7718028932"
CLIENTE660,Lochbar,"0,7718200351"
CLIENTE448,Lyngard,"0,7719152089"
CLIENTE39,Promethea,"0,7722419618"
CLIENTE310,Valyria,"0,7723584628"
CLIENTE460,Drinmoor,"0,7726467715"
CLIENTE513,Sectorium,"0,7726511332"
CLIENTE48,Skellige,"0,7726842454"
CLIENTE195,Riorin,"0,7727413353"
CLIENTE38,Promethea,"0,7727703073"
CLIENTE580,Dragmere,"0,772881229"
CLIENTE681,Solstheim,"0,7731317531"
CLIENTE254,Zuldazar,"0,7732439092"
CLIENTE593,Tahlenwald,"0,7732890905"
CLIENTE147,Windscar,"0,7733020898"
CLIENTE155,Yatora,"0,7733536119"
CLIENTE247,Konoha,"0,7734706773"
CLIENTE539,Azkaban,"0,7735400938"
CLIENTE416,Yeygard,"0,7735534885"
CLIENTE5,Morrowind,"0,7736304677"
CLIENTE64,Seireitei,"0,7737631949"
CLIENTE390,Sidora,"0,7737908984"
CLIENTE526,Tutira,"0,7739557916"
CLIENTE560,Qineth,"0,7740167242"
CLIENTE137,Tutira,"0,7740857899"
CLIENTE100,Ichoris,"0,774256137"
CLIENTE258,Sethera,"0,7742577141"
CLIENTE657,Hazoria,"0,7742721965"
CLIENTE586,Savois,"0,7742731637"
CLIENTE13,Stormbar,"0,7743742753"
CLIENTE261,Hazoria,"0,7744129231"
CLIENTE18,Stevanor,"0,7747233501"
CLIENTE367,Ranskar,"0,7747539634"
CLIENTE477,Nurmengard,"0,774836104"
CLIENTE233,Stevanor,"0,7748485602"
CLIENTE318,Gerudo,"0,7749227263"
CLIENTE382,Prontera,"0,7750088521"
CLIENTE374,Chenara,"0,7750511869"
CLIENTE10,Pangara,"0,7752069746"
CLIENTE397,Yjigar,"0,7752555165"
CLIENTE327,Winhill,"0,7755798532"
CLIENTE173,Tartarus,"0,7756604997"
CLIENTE425,Posthaven,"0,7756753458"
CLIENTE317,Jadehold,"0,7757579804"
CLIENTE207,Zaphura,"0,7758657428"
CLIENTE344,Alabasta,"0,7759212052"
CLIENTE488,Osaria,"0,7759287088"
CLIENTE408,Solhara,"0,7759591258"
CLIENTE509,Galdrin,"0,7759959185"
CLIENTE219,Calcara,"0,7760048395"
CLIENTE479,Chenara,"0,7761827458"
CLIENTE487,Dirtmouth,"0,7761980952"
CLIENTE392,Elzion,"0,77621381"
CLIENTE45,Solhara,"0,7762396609"
CLIENTE495,Spira,"0,7763028343"
CLIENTE286,Iyomar,"0,7763116118"
CLIENTE372,Manifold,"0,7764063712"
CLIENTE112,Pandora,"0,7764948406"
CLIENTE78,Ironfall,"0,7765295603"
CLIENTE622,Spira,"0,7765489188"
CLIENTE300,Limoria,"0,7766812723"
CLIENTE172,Philgaia,"0,7766852401"
CLIENTE376,Raumor,"0,776755944"
CLIENTE39,Jakura,"0,7767583576"
CLIENTE462,Ossandor,"0,776895206"
CLIENTE590,Sunreach,"0,7769704421"
CLIENTE211,Duskwall,"0,7771847555"
CLIENTE192,Perseon,"0,7772045346"
CLIENTE638,Tutira,"0,7772725989"
CLIENTE411,Sidora,"0,7772995058"
CLIENTE394,Askr,"0,777414518"
CLIENTE49,Dragmere,"0,7775343506"
CLIENTE691,Casperia,"0,7775474263"
CLIENTE576,Piscara,"0,7775790448"
CLIENTE156,Sableport,"0,777652238"
CLIENTE273,Zuldazar,"0,7776658184"
CLIENTE15,Yenfall,"0,777755677"
CLIENTE605,Seireitei,"0,7777879547"
CLIENTE13,Eredin,"0,7778745444"
CLIENTE595,Ishgard,"0,7779073588"
CLIENTE247,Hogwarts,"0,7779626739"
CLIENTE615,Uinhold,"0,777968825"
CLIENTE424,Prontera,"0,7779704749"
CLIENTE243,Obsidian,"0,7779928205"
CLIENTE337,Elzion,"0,7780032618"
CLIENTE235,Konoha,"0,7780328021"
CLIENTE476,Nassauia,"0,7780554643"
CLIENTE415,Pangara,"0,7780818516"
CLIENTE682,Humeria,"0,7781130837"
CLIENTE71,Qineth,"0,7781271463"
CLIENTE160,Helheim,"0,7781854502"
CLIENTE549,Yenfall,"0,7781860547"
CLIENTE451,Termina,"0,778397029"
CLIENTE672,Solhara,"0,7784225942"
CLIENTE238,Haldryn,"0,7785826059"
CLIENTE29,Gerudo,"0,7786185498"
CLIENTE311,Galdrin,"0,7787088255"
CLIENTE135,Hazoria,"0,7787276442"
CLIENTE171,Osaria,"0,7788748117"
CLIENTE346,Solstheim,"0,7788774386"
CLIENTE304,Kandor,"0,7789198815"
CLIENTE618,Kobaris,"0,7789372153"
CLIENTE161,Iyomar,"0,7790484415"
CLIENTE365,Sethera,"0,7791360331"
CLIENTE588,Yeygard,"0,7791705827"
CLIENTE372,Brightfall,"0,779249611"
CLIENTE572,Stonegate,"0,7796317941"
CLIENTE198,Solstheim,"0,7796915227"
CLIENTE480,Namek,"0,7797194797"
CLIENTE591,Thalassar,"0,779910719"
CLIENTE397,Zaphura,"0,7799608625"
CLIENTE213,Solstheim,"0,7800145557"
CLIENTE155,Valisthea,"0,7802654779"
CLIENTE167,Stevanor,"0,7804072518"
CLIENTE709,Kandor,"0,7808666953"
CLIENTE550,Hyrule,"0,7808965928"
CLIENTE191,Huern,"0,7810309745"
CLIENTE523,Altissia,"0,7811221913"
CLIENTE498,Frosthelm,"0,7812851962"
CLIENTE521,Qineth,"0,7812874123"
CLIENTE473,Ashkora,"0,7813427141"
CLIENTE316,Memphos,"0,7815008605"
CLIENTE613,Cartheia,"0,7815849668"
CLIENTE491,Greywatch,"0,7816086247"
CLIENTE520,Marineford,"0,7816373177"
CLIENTE349,Cairhien,"0,7817749968"
CLIENTE312,Drinmoor,"0,7819411771"
CLIENTE528,Mythra,"0,7819536359"
CLIENTE116,Resembool,"0,7820201125"
CLIENTE563,Quasmar,"0,7820481384"
CLIENTE510,Lothlorien,"0,7821490796"
CLIENTE54,Iyomar,"0,7821512012"
CLIENTE85,Viscara,"0,7822229059"
CLIENTE628,Tarbean,"0,7822536377"
CLIENTE294,Highspire,"0,7823287022"
CLIENTE437,Ossandor,"0,7825616953"
CLIENTE156,Yokara,"0,7825760923"
CLIENTE360,Imre,"0,7825868263"
CLIENTE125,Tutira,"0,7826447371"
CLIENTE624,Jindara,"0,7826703661"
CLIENTE574,Kandor,"0,7828010811"
CLIENTE195,Nassauia,"0,7828640992"
CLIENTE122,Lothlorien,"0,7828973543"
CLIENTE128,Ivalice,"0,7829484468"
CLIENTE320,Duskwall,"0,783122684"
CLIENTE86,Kobaris,"0,7831301157"
CLIENTE20,Stormbar,"0,7831426827"
CLIENTE652,Aeusserst,"0,7831735628"
CLIENTE682,Namek,"0,7833130664"
CLIENTE106,Manifold,"0,7833551685"
CLIENTE210,Perseon,"0,7834277252"
CLIENTE638,Raumor,"0,7834801597"
CLIENTE470,Tartarus,"0,7834971094"
CLIENTE74,Eredin,"0,7835097496"
CLIENTE190,Amoneth,"0,7835914231"
CLIENTE175,Duskwall,"0,7836008399"
CLIENTE62,Uinhold,"0,7836070764"
CLIENTE695,Tchurion,"0,7838126018"
CLIENTE499,Raumor,"0,7838230742"
CLIENTE64,Spira,"0,783970175"
CLIENTE529,Ulthar,"0,783973129"
CLIENTE334,Nenaris,"0,7839733285"
CLIENTE639,Ironfall,"0,78401592"
CLIENTE529,Ykoura,"0,7840377949"
CLIENTE392,Yjigar,"0,784072971"
CLIENTE21,Konoha,"0,784132421"
CLIENTE235,Nibelheim,"0,7842307284"
CLIENTE669,Askr,"0,7842567808"
CLIENTE208,Nurmengard,"0,7842833112"
CLIENTE284,Ossandor,"0,7842889695"
CLIENTE554,Ngorim,"0,7844074396"
CLIENTE314,Azural,"0,7847558131"
CLIENTE131,Lochbar,"0,7849247266"
CLIENTE323,Brightfall,"0,7850571312"
CLIENTE109,Zaphura,"0,7850895311"
CLIENTE248,Northfall,"0,7851719773"
CLIENTE536,Ngorim,"0,785232229"
CLIENTE198,Alabasta,"0,785247575"
CLIENTE345,Jadehold,"0,7853354867"
CLIENTE348,Perseon,"0,7853372846"
CLIENTE288,Shadowpeak,"0,7854107415"
CLIENTE471,Hollowmar,"0,7854840683"
CLIENTE400,Piscara,"0,7855304946"
CLIENTE683,Tomarath,"0,7856035906"
CLIENTE162,Bethlehem,"0,7857219936"
CLIENTE577,Chenara,"0,7857491142"
CLIENTE629,Mountglass,"0,7857900561"
CLIENTE113,Deeptrench,"0,7857908161"
CLIENTE514,Uinhold,"0,7858714881"
CLIENTE448,Northfall,"0,7861268344"
CLIENTE459,Sectorium,"0,7861706582"
CLIENTE425,Targalon,"0,7861942927"
CLIENTE95,Askr,"0,7862699271"
CLIENTE4,Lothlorien,"0,7866056645"
CLIENTE249,Riorin,"0,7866179072"
CLIENTE578,Kragspire,"0,7867050711"
CLIENTE328,Tomarath,"0,7867319658"
CLIENTE551,Cairhien,"0,7868008702"
CLIENTE337,Zanarkand,"0,7868364272"
CLIENTE4,Namek,"0,7868628608"
CLIENTE353,Ishgard,"0,7868734503"
CLIENTE617,Nassauia,"0,7869012273"
CLIENTE680,Ashkora,"0,7869989529"
CLIENTE26,Stevanor,"0,7870280176"
CLIENTE281,Dirtmouth,"0,7871005667"
CLIENTE263,Memphos,"0,7871255502"
CLIENTE457,Namek,"0,7871923151"
CLIENTE423,Hogwarts,"0,7872448502"
CLIENTE148,Casperia,"0,7872816885"
CLIENTE477,Elysor,"0,7872880856"
CLIENTE709,Elzion,"0,7872881615"
CLIENTE290,Windscar,"0,7873781771"
CLIENTE227,Tahlenwald,"0,7874038469"
CLIENTE467,Jakura,"0,7874524637"
CLIENTE137,Hollowmar,"0,7874589861"
CLIENTE505,Kandor,"0,787464834"
CLIENTE680,Solstheim,"0,7875049378"
CLIENTE420,Valisthea,"0,787515784"
CLIENTE431,Zuldazar,"0,7875247332"
CLIENTE516,Dragmere,"0,7876796608"
CLIENTE564,Kobaris,"0,787932215"
CLIENTE546,Ishgard,"0,7879356235"
CLIENTE59,Ivalice,"0,7880998881"
CLIENTE545,Nassauia,"0,7882920497"
CLIENTE1,Ashkora,"0,7883155511"
CLIENTE113,Manshade,"0,7883379964"
CLIENTE560,Melvara,"0,7884221859"
CLIENTE703,Resembool,"0,788437613"
CLIENTE381,Stormbar,"0,7884410472"
CLIENTE595,Nurmengard,"0,7885092282"
CLIENTE21,Rlyeh,"0,7885391176"
CLIENTE402,Deepwater,"0,7885553312"
CLIENTE685,Yeygard,"0,7886460308"
CLIENTE445,Noctis,"0,7886919286"
CLIENTE115,Uinhold,"0,7886971988"
CLIENTE217,Azkaban,"0,7887455856"
CLIENTE712,Stevanor,"0,788865665"
CLIENTE464,Frosthelm,"0,7889087355"
CLIENTE530,Viscara,"0,7890357665"
CLIENTE319,Inoria,"0,7890689873"
CLIENTE570,Frosthelm,"0,7891269783"
CLIENTE638,Tahlenwald,"0,7891523455"
CLIENTE529,Deliora,"0,7891841967"
CLIENTE686,Thalassar,"0,7893179029"
CLIENTE325,Paldea,"0,7893583286"
CLIENTE554,Zuldazar,"0,7894562931"
CLIENTE293,Windscar,"0,7895918863"
CLIENTE4,Ulthar,"0,7896176885"
CLIENTE42,Resembool,"0,7898356036"
CLIENTE469,Aeusserst,"0,7898655005"
CLIENTE567,Zuldazar,"0,7898786057"
CLIENTE446,Azural,"0,7899011102"
CLIENTE130,Ironfall,"0,7899036603"
CLIENTE220,Perseon,"0,7899248669"
CLIENTE475,Viscara,"0,7899490776"
CLIENTE583,Philgaia,"0,790099725"
CLIENTE34,Lochbar,"0,7901309817"
CLIENTE146,Highspire,"0,7901984751"
CLIENTE383,Laputa,"0,7902150736"
CLIENTE152,Ranskar,"0,7903168207"
CLIENTE45,Stonegate,"0,7904939202"
CLIENTE454,Hazoria,"0,7904988659"
CLIENTE446,Wuhaven,"0,7905496992"
CLIENTE698,Seireitei,"0,7905679051"
CLIENTE358,Winhill,"0,790691016"
CLIENTE244,Stormhold,"0,7907111823"
CLIENTE366,Ykoura,"0,7907281516"
CLIENTE56,Posthaven,"0,7907907334"
CLIENTE52,Deeptrench,"0,7909045331"
CLIENTE156,Swindale,"0,790953652"
CLIENTE416,Spira,"0,7910113504"
CLIENTE448,Obsidian,"0,7910698521"
CLIENTE692,Konoha,"0,7911011616"
CLIENTE102,Ngorim,"0,7911029201"
CLIENTE579,Skyreach,"0,7911212261"
CLIENTE494,Yenfall,"0,7912948765"
CLIENTE615,Altissia,"0,791314549"
CLIENTE62,Muskara,"0,7913476197"
CLIENTE634,Melvara,"0,7914538073"
CLIENTE254,Rlyeh,"0,7914862042"
CLIENTE670,Inoria,"0,7914995681"
CLIENTE543,Stormbar,"0,7915192193"
CLIENTE266,Resembool,"0,7917912499"
CLIENTE107,Dornfall,"0,791861911"
CLIENTE401,Yatora,"0,7919513554"
CLIENTE110,Deliora,"0,7919744788"
CLIENTE288,Nenaris,"0,7921122356"
CLIENTE525,Aeusserst,"0,7923129109"
CLIENTE318,Uinhold,"0,7923888274"
CLIENTE304,Viscara,"0,7924115864"
CLIENTE453,Shadowpeak,"0,7924515355"
CLIENTE78,Brightfall,"0,7925852741"
CLIENTE469,Jakura,"0,7927000844"
CLIENTE415,Cairhien,"0,792889084"
CLIENTE371,Promethea,"0,7929637946"
CLIENTE315,Aeusserst,"0,7929871638"
CLIENTE323,Hogwarts,"0,7930742861"
CLIENTE155,Nosgoth,"0,7931554348"
CLIENTE662,Stevanor,"0,7931717227"
CLIENTE113,Stormhold,"0,7931871289"
CLIENTE128,Mountglass,"0,7932118844"
CLIENTE574,Yokara,"0,7932387966"
CLIENTE712,Yatora,"0,7933068365"
CLIENTE539,Savois,"0,7933893391"
CLIENTE615,Nibelheim,"0,7934458296"
CLIENTE163,Ivalice,"0,7935098593"
CLIENTE467,Hazoria,"0,7935287459"
CLIENTE185,Ulthar,"0,7935405145"
CLIENTE150,Stonegate,"0,793569255"
CLIENTE534,Marineford,"0,7937597347"
CLIENTE439,Thalassar,"0,7940207545"
CLIENTE252,Sectorium,"0,7941091688"
CLIENTE706,Prontera,"0,7941869623"
CLIENTE690,Solstheim,"0,7942125469"
CLIENTE27,Muskara,"0,7943865644"
CLIENTE218,Kobaris,"0,7944056947"
CLIENTE486,Manifold,"0,794412646"
CLIENTE585,Altissia,"0,7944494095"
CLIENTE132,Philgaia,"0,7944672983"
CLIENTE637,Jadehold,"0,7945439469"
CLIENTE515,Targalon,"0,7945702349"
CLIENTE510,Winhill,"0,7946299333"
CLIENTE549,Manifold,"0,7946456091"
CLIENTE621,Yokara,"0,7946973862"
CLIENTE60,Swindale,"0,7947511098"
CLIENTE257,Memphos,"0,7948051344"
CLIENTE388,Tahlenwald,"0,7948257619"
CLIENTE567,Yeygard,"0,7948592554"
CLIENTE121,Altissia,"0,7949225823"
CLIENTE23,Posthaven,"0,7949466737"
CLIENTE87,Prontera,"0,7949491906"
CLIENTE547,Kragspire,"0,7952518943"
CLIENTE366,Solstheim,"0,7952760053"
CLIENTE469,Gerudo,"0,7954775695"
CLIENTE359,Prontera,"0,7954938418"
CLIENTE448,Zaphura,"0,7955029021"
CLIENTE67,Sethera,"0,7955363312"
CLIENTE4,Liones,"0,7958985236"
CLIENTE437,Sethera,"0,7959066553"
CLIENTE694,Klunheim,"0,7959308345"
CLIENTE92,Vancross,"0,7959328209"
CLIENTE118,Tempestia,"0,7959989583"
CLIENTE167,Elzion,"0,7960746998"
CLIENTE513,Ossandor,"0,7960902768"
CLIENTE101,Klunheim,"0,7962163775"
CLIENTE64,Galdrin,"0,796232703"
CLIENTE440,Ulthar,"0,7964059012"
CLIENTE52,Nenaris,"0,7964080923"
CLIENTE173,Pangara,"0,7964314708"
CLIENTE467,Dornfall,"0,7964375939"
CLIENTE46,Huern,"0,7965482938"
CLIENTE435,Marineford,"0,7966193805"
CLIENTE398,Yokara,"0,796648932"
CLIENTE465,Solstheim,"0,7967217129"
CLIENTE573,Kobaris,"0,7967310065"
CLIENTE54,Pangara,"0,7967395115"
CLIENTE130,Promethea,"0,7968031124"
CLIENTE665,Konoha,"0,7968214475"
CLIENTE565,Chenara,"0,7968249624"
CLIENTE387,TwinPillars,"0,7968773009"
CLIENTE145,Deliora,"0,7970295184"
CLIENTE333,Midgar,"0,797193163"
CLIENTE273,Drinmoor,"0,7972472932"
CLIENTE151,Besaid,"0,7973522472"
CLIENTE650,Valyria,"0,7974470532"
CLIENTE266,Memphos,"0,7974721363"
CLIENTE370,Hollowmar,"0,7975095267"
CLIENTE351,Zanarkand,"0,797677581"
CLIENTE493,Rocabar,"0,7976777061"
CLIENTE512,Yatora,"0,7980310768"
CLIENTE65,Elysor,"0,7982171651"
CLIENTE179,Stormbar,"0,7983267497"
CLIENTE450,Mythra,"0,7983427094"
CLIENTE485,Kakariko,"0,7984230631"
CLIENTE204,Tahlenwald,"0,7985230467"
CLIENTE515,Besaid,"0,7986505109"
CLIENTE443,Kharon,"0,7986740721"
CLIENTE38,Skellige,"0,7987044219"
CLIENTE316,Pangara,"0,7987383506"
CLIENTE207,Azkaban,"0,7989756001"
CLIENTE208,Nosgoth,"0,7991215403"
CLIENTE432,Deepwater,"0,7992053493"
CLIENTE7,Lyngard,"0,7993338679"
CLIENTE133,Kragspire,"0,7994074427"
CLIENTE491,Lothlorien,"0,7994771845"
CLIENTE18,Ishgard,"0,7995009065"
CLIENTE525,Bethlehem,"0,7995150078"
CLIENTE292,Sethera,"0,799567915"
CLIENTE647,Tempestia,"0,799598906"
CLIENTE696,Morrowind,"0,7996007075"
CLIENTE497,Piscara,"0,7996146777"
CLIENTE302,Stormhold,"0,7996559627"
CLIENTE193,Obsidian,"0,7997186313"
CLIENTE366,Nosgoth,"0,7997445928"
CLIENTE230,Fernwall,"0,7998024859"
CLIENTE497,Ossandor,"0,7998790914"
CLIENTE424,Tartarus,"0,7999096804"
CLIENTE477,Brightfall,"0,7999181652"
CLIENTE352,Melvara,"0,800338163"
CLIENTE370,Sethera,"0,8003452343"
CLIENTE395,Kharon,"0,8004338439"
CLIENTE32,Yenfall,"0,8005369378"
CLIENTE162,Sethera,"0,8006444355"
CLIENTE46,Deeptrench,"0,8007826054"
CLIENTE324,Ngorim,"0,8008433904"
CLIENTE86,Ashkora,"0,8009356276"
CLIENTE581,Cairhien,"0,8010746037"
CLIENTE694,Pausen,"0,8012187915"
CLIENTE591,Stonegate,"0,8013324084"
CLIENTE397,Solhara,"0,8013343568"
CLIENTE583,Stonegate,"0,8015606556"
CLIENTE33,Salvaris,"0,8016721651"
CLIENTE38,Johto,"0,8017882535"
CLIENTE671,Stonegate,"0,8018666491"
CLIENTE355,Brightfall,"0,8018942167"
CLIENTE56,Deeptrench,"0,8020985126"
CLIENTE559,Chenara,"0,8021233305"
CLIENTE666,Wuhaven,"0,8021680526"
CLIENTE99,Gerudo,"0,8021812819"
CLIENTE713,Elzion,"0,8022746544"
CLIENTE464,Nibelheim,"0,8024878024"
CLIENTE10,Ashkora,"0,8025210502"
CLIENTE524,Shadowpeak,"0,802621726"
CLIENTE498,Piscara,"0,8026898749"
CLIENTE69,Namek,"0,8027541025"
CLIENTE531,Frosthelm,"0,8028132837"
CLIENTE533,Lochbar,"0,8029360141"
CLIENTE583,Sectorium,"0,8029476294"
CLIENTE15,Raumor,"0,8029616345"
CLIENTE268,Casperia,"0,8030359472"
CLIENTE219,Sectorium,"0,803036538"
CLIENTE325,Kharon,"0,8032803981"
CLIENTE360,Elysor,"0,8033071437"
CLIENTE547,Cairhien,"0,8034054173"
CLIENTE42,Morrowind,"0,8035088657"
CLIENTE187,Laputa,"0,803547895"
CLIENTE599,Tempestia,"0,8035670421"
CLIENTE505,Manifold,"0,8035995703"
CLIENTE383,Deepwater,"0,803642561"
CLIENTE467,Iyomar,"0,8036636828"
CLIENTE313,Dornfall,"0,8037099654"
CLIENTE548,Amoneth,"0,8037361665"
CLIENTE169,Duskwall,"0,8037693612"
CLIENTE86,Winhill,"0,8037758852"
CLIENTE109,Alabasta,"0,8038024929"
CLIENTE87,Kragspire,"0,8038151436"
CLIENTE413,Morrowind,"0,8038235225"
CLIENTE711,Sableport,"0,8038649722"
CLIENTE2,Viscara,"0,8039757297"
CLIENTE342,Hazoria,"0,8041223481"
CLIENTE634,Azural,"0,8041653694"
CLIENTE257,TwinPillars,"0,8041715049"
CLIENTE122,Prontera,"0,8042792583"
CLIENTE481,Gerudo,"0,8043142313"
CLIENTE80,Ossandor,"0,8045112238"
CLIENTE339,Ykoura,"0,8045627157"
CLIENTE446,Limoria,"0,8045878017"
CLIENTE86,Hogwarts,"0,8046946972"
CLIENTE45,Midgar,"0,8047864427"
CLIENTE703,Kobaris,"0,8048309775"
CLIENTE214,Ranskar,"0,8049825733"
CLIENTE443,Sunreach,"0,8049981577"
CLIENTE264,Pausen,"0,805037324"
CLIENTE442,Skellige,"0,8050531465"
CLIENTE234,Nosgoth,"0,8051674638"
CLIENTE539,Qineth,"0,8052354536"
CLIENTE415,Calcara,"0,8054120927"
CLIENTE95,Khengar,"0,8055657136"
CLIENTE115,Promethea,"0,8055668662"
CLIENTE370,Solstheim,"0,8055753844"
CLIENTE573,Swindale,"0,8057292311"
CLIENTE189,Memphos,"0,8057788456"
CLIENTE625,Dirtmouth,"0,8058242468"
CLIENTE592,Swindale,"0,8058523869"
CLIENTE497,Northfall,"0,8059130177"
CLIENTE47,Pillarreach,"0,8059454934"
CLIENTE630,Deeptrench,"0,8059471566"
CLIENTE128,Galdrin,"0,8059829411"
CLIENTE395,Lathen,"0,8061439673"
CLIENTE370,Deeptrench,"0,8062054307"
CLIENTE394,Solhara,"0,8062282585"
CLIENTE540,Aeusserst,"0,8062502143"
CLIENTE46,Nighthaven,"0,8063439468"
CLIENTE713,Tahlenwald,"0,8064643427"
CLIENTE233,Helheim,"0,8064685195"
CLIENTE580,Namek,"0,8065782875"
CLIENTE167,Azkaban,"0,8066153908"
CLIENTE514,Savois,"0,8066397906"
CLIENTE63,Inoria,"0,8066930841"
CLIENTE646,TwinPillars,"0,8067558645"
CLIENTE57,Quasmar,"0,8068598955"
CLIENTE625,Nosgoth,"0,8069007736"
CLIENTE672,Skyreach,"0,8069030318"
CLIENTE308,Humeria,"0,8069210976"
CLIENTE6,Nenaris,"0,8069399833"
CLIENTE261,Stormhold,"0,8069514927"
CLIENTE660,Dornfall,"0,8069954068"
CLIENTE656,Iskeld,"0,8071036198"
CLIENTE457,Rivenspire,"0,8071060839"
CLIENTE515,Imre,"0,8071970538"
CLIENTE434,Brightfall,"0,8073565599"
CLIENTE3,Ossandor,"0,8074532173"
CLIENTE625,Chenara,"0,8074630906"
CLIENTE95,Koktahl,"0,807471928"
CLIENTE392,Aeusserst,"0,8074989543"
CLIENTE389,Mythra,"0,8074997937"
CLIENTE488,Nyagara,"0,8076081715"
CLIENTE708,Ossandor,"0,8078144143"
CLIENTE515,Yokara,"0,8083294208"
CLIENTE302,Nibelheim,"0,8084941239"
CLIENTE665,Ishgard,"0,8084970674"
CLIENTE691,Ulthar,"0,8085815975"
CLIENTE131,Lathen,"0,8085827275"
CLIENTE565,Thalassar,"0,8086162562"
CLIENTE172,Casperia,"0,8086329429"
CLIENTE553,Nassauia,"0,8086889214"
CLIENTE369,Midgar,"0,8087270084"
CLIENTE306,Nyagara,"0,8087687469"
CLIENTE435,Pangara,"0,8088111272"
CLIENTE346,Rlyeh,"0,8088174308"
CLIENTE24,Swindale,"0,8088378194"
CLIENTE167,Cairhien,"0,8089037809"
CLIENTE327,Melvara,"0,808907782"
CLIENTE630,Nenaris,"0,8089593927"
CLIENTE211,Johto,"0,8089863691"
CLIENTE490,Lathen,"0,8092796761"
CLIENTE217,Yenfall,"0,8092948875"
CLIENTE5,Skyreach,"0,8093551663"
CLIENTE198,Kobaris,"0,8094757909"
CLIENTE519,Hazoria,"0,8095509006"
CLIENTE370,Tutira,"0,8095732539"
CLIENTE587,Stevanor,"0,8095915797"
CLIENTE217,Tempestia,"0,8096404017"
CLIENTE192,Ichoris,"0,8097156544"
CLIENTE387,Laputa,"0,8097795347"
CLIENTE468,Hollowmar,"0,809783888"
CLIENTE575,Shadowpeak,"0,8097845107"
CLIENTE117,Solstheim,"0,8097951476"
CLIENTE52,Glenhaven,"0,8098295438"
CLIENTE440,Targalon,"0,8098720363"
CLIENTE259,Uinhold,"0,809901585"
CLIENTE388,Valisthea,"0,8100642915"
CLIENTE319,Limoria,"0,810115707"
CLIENTE417,Huern,"0,8102698683"
CLIENTE239,Nibelheim,"0,8102816953"
CLIENTE619,Paldea,"0,8102957288"
CLIENTE470,Tahlenwald,"0,8104689357"
CLIENTE433,Iyomar,"0,8106572131"
CLIENTE233,Johto,"0,8106573293"
CLIENTE118,Tahlenwald,"0,8107187498"
CLIENTE249,Ulthar,"0,8109951144"
CLIENTE178,Uinhold,"0,8110037481"
CLIENTE627,Yjigar,"0,8111149328"
CLIENTE47,Bethlehem,"0,8112701955"
CLIENTE651,Promethea,"0,8113623811"
CLIENTE517,Huern,"0,8117004163"
CLIENTE565,Swindale,"0,8117559291"
CLIENTE471,Cartheia,"0,8118177455"
CLIENTE303,Stormbar,"0,8118668292"
CLIENTE427,Skellige,"0,8118953589"
CLIENTE95,Tutira,"0,8120165444"
CLIENTE437,Eredin,"0,8120259309"
CLIENTE103,Muskara,"0,812117096"
CLIENTE566,Seireitei,"0,8122506198"
CLIENTE508,Manifold,"0,8123364605"
CLIENTE407,Stonegate,"0,8123957385"
CLIENTE111,Dirtmouth,"0,8123986787"
CLIENTE40,Gerudo,"0,8124511342"
CLIENTE204,Muskara,"0,8125632992"
CLIENTE616,Cairhien,"0,8127639559"
CLIENTE28,Tomarath,"0,8127907883"
CLIENTE182,Jakura,"0,8127916423"
CLIENTE12,Tuxara,"0,813035553"
CLIENTE669,Kharon,"0,8131636327"
CLIENTE76,Elzion,"0,8132957954"
CLIENTE300,Brightfall,"0,8133010218"
CLIENTE166,Sunreach,"0,8133341753"
CLIENTE677,Grimvale,"0,8134632096"
CLIENTE495,Elysor,"0,8135709463"
CLIENTE504,Kandor,"0,8136053905"
CLIENTE576,Melvara,"0,8136902171"
CLIENTE253,Zaphura,"0,813718152"
CLIENTE436,Uinhold,"0,8138582459"
CLIENTE445,Eredin,"0,8139493341"
CLIENTE446,Dirtmouth,"0,8139633296"
CLIENTE168,Windscar,"0,8140137739"
CLIENTE57,Calcara,"0,8140917645"
CLIENTE49,Marineford,"0,8140999712"
CLIENTE327,Helheim,"0,8141443233"
CLIENTE692,Ironfall,"0,8141646839"
CLIENTE198,Laputa,"0,814203301"
CLIENTE438,Rivenspire,"0,8142329392"
CLIENTE686,Northfall,"0,81423677"
CLIENTE33,Tempestia,"0,8142788093"
CLIENTE314,Bethlehem,"0,8144585227"
CLIENTE93,Alabasta,"0,8144962131"
CLIENTE696,Pillarreach,"0,8145533183"
CLIENTE399,Drinmoor,"0,8146301268"
CLIENTE648,Marineford,"0,8146673225"
CLIENTE172,Altissia,"0,814681523"
CLIENTE541,Nenaris,"0,8147052131"
CLIENTE173,Solstheim,"0,8147755571"
CLIENTE59,Philgaia,"0,8148124777"
CLIENTE603,Mondstadt,"0,8148420208"
CLIENTE15,Azkaban,"0,8149635106"
CLIENTE262,Windscar,"0,8151969066"
CLIENTE235,Alabasta,"0,8152299599"
CLIENTE265,Inoria,"0,8155267867"
CLIENTE296,Helheim,"0,8156983456"
CLIENTE392,Lyngard,"0,8158289101"
CLIENTE237,Northfall,"0,8158552371"
CLIENTE89,Stormbar,"0,8159754274"
CLIENTE9,Sableport,"0,8159801918"
CLIENTE711,Kharon,"0,8160756702"
CLIENTE208,Solstheim,"0,8161300443"
CLIENTE453,Limoria,"0,8162726665"
CLIENTE65,Tahlenwald,"0,816351108"
CLIENTE328,Imre,"0,8163512789"
CLIENTE702,Pangara,"0,8163914991"
CLIENTE679,Hogwarts,"0,8164180254"
CLIENTE127,Dragmere,"0,8164555177"
CLIENTE228,Noctis,"0,8164621416"
CLIENTE481,Elzion,"0,8165765215"
CLIENTE400,Xinthar,"0,816612726"
CLIENTE504,Nurmengard,"0,8166666133"
CLIENTE57,Yjigar,"0,8167172715"
CLIENTE240,Alabasta,"0,8169423355"
CLIENTE503,Alabasta,"0,8169462005"
CLIENTE546,Sethera,"0,8169599649"
CLIENTE375,Yatora,"0,8170785739"
CLIENTE67,Highspire,"0,8171660072"
CLIENTE76,Quasmar,"0,8173056516"
CLIENTE171,Johto,"0,8175807874"
CLIENTE290,Bethlehem,"0,8177079503"
CLIENTE287,Brakmar,"0,8177905805"
CLIENTE283,Galdrin,"0,8178752639"
CLIENTE215,Termina,"0,81802132"
CLIENTE676,Mythra,"0,8180540768"
CLIENTE76,Inoria,"0,8180942512"
CLIENTE237,Stonegate,"0,8182591827"
CLIENTE330,Targalon,"0,8183474243"
CLIENTE50,Deeptrench,"0,8184827482"
CLIENTE404,Chenara,"0,8185384159"
CLIENTE596,Fernwall,"0,8185474818"
CLIENTE377,Ashkora,"0,8186275897"
CLIENTE530,Obsidian,"0,8186588506"
CLIENTE96,Manifold,"0,8186880895"
CLIENTE600,Highspire,"0,8187457355"
CLIENTE288,Uinhold,"0,8187712343"
CLIENTE182,Bethlehem,"0,8189635161"
CLIENTE589,Obsidian,"0,8189787786"
CLIENTE669,Muskara,"0,8189982234"
CLIENTE416,Koktahl,"0,8190854094"
CLIENTE94,Fernwall,"0,8191380913"
CLIENTE252,Zanarkand,"0,8191618075"
CLIENTE448,Liones,"0,8194076405"
CLIENTE61,Targalon,"0,8194585688"
CLIENTE285,Ossandor,"0,8194705888"
CLIENTE464,Kakariko,"0,8195052375"
CLIENTE455,Termina,"0,8195410805"
CLIENTE438,Memphos,"0,8196251868"
CLIENTE369,Inoria,"0,819812136"
CLIENTE617,Thalassar,"0,8199400654"
CLIENTE445,Viscara,"0,8199652439"
CLIENTE437,Elzion,"0,8199692077"
CLIENTE514,Ashkora,"0,8199774921"
CLIENTE158,Memphos,"0,8201407822"
CLIENTE84,Highspire,"0,820334241"
CLIENTE108,Sidora,"0,8203452896"
CLIENTE616,Ngorim,"0,8203894304"
CLIENTE274,Liones,"0,8203955163"
CLIENTE544,Rivenspire,"0,8205565193"
CLIENTE685,Nurmengard,"0,8206384392"
CLIENTE169,Ngorim,"0,8206770184"
CLIENTE154,Paldea,"0,8207487071"
CLIENTE276,Noctis,"0,8208454458"
CLIENTE375,Imre,"0,8208515707"
CLIENTE408,Yenfall,"0,8209489444"
CLIENTE501,Tahlenwald,"0,821054956"
CLIENTE159,Hollowmar,"0,8210724139"
CLIENTE390,Shadowpeak,"0,8211554992"
CLIENTE692,Sethera,"0,8212463637"
CLIENTE465,Jindara,"0,8215005082"
CLIENTE156,Kakariko,"0,8215537878"
CLIENTE263,Skyreach,"0,82165614"
CLIENTE271,Grimvale,"0,8217433992"
CLIENTE415,Tutira,"0,8218130928"
CLIENTE487,Gerudo,"0,8218393282"
CLIENTE400,Helheim,"0,8218969569"
CLIENTE296,Elysor,"0,8219101353"
CLIENTE637,Gerudo,"0,8220426811"
CLIENTE406,Johto,"0,822088152"
CLIENTE100,Ykoura,"0,8220937721"
CLIENTE259,Limoria,"0,8221680277"
CLIENTE669,Sectorium,"0,8222275465"
CLIENTE498,Swindale,"0,8223449777"
CLIENTE79,Askr,"0,8224529866"
CLIENTE311,Windscar,"0,8224538051"
CLIENTE687,Stormhold,"0,822716792"
CLIENTE343,Vancross,"0,8227182215"
CLIENTE507,Jindara,"0,8227601152"
CLIENTE683,Sethera,"0,8228074941"
CLIENTE28,Kandor,"0,8228170282"
CLIENTE294,Dragmere,"0,8229173904"
CLIENTE289,Midgar,"0,8231355798"
CLIENTE509,Tuxara,"0,8232191769"
CLIENTE177,Kharon,"0,8232254657"
CLIENTE288,Nurmengard,"0,8236731014"
CLIENTE240,Thalassar,"0,8236944542"
CLIENTE446,Nosgoth,"0,8237645341"
CLIENTE424,Nassauia,"0,8238111674"
CLIENTE712,Promethea,"0,823878769"
CLIENTE427,Greywatch,"0,8238842119"
CLIENTE242,Besaid,"0,8241535228"
CLIENTE206,Tutira,"0,8243455986"
CLIENTE156,Yjigar,"0,8245119488"
CLIENTE399,Lothlorien,"0,8245267507"
CLIENTE132,Targalon,"0,8245418682"
CLIENTE675,Perseon,"0,8246517759"
CLIENTE272,Mondstadt,"0,8246772886"
CLIENTE54,Altissia,"0,8247894291"
CLIENTE31,Tchurion,"0,8247941427"
CLIENTE592,Deeptrench,"0,8249712326"
CLIENTE110,Deeptrench,"0,8249764523"
CLIENTE311,Perseon,"0,8249768728"
CLIENTE56,Dragmere,"0,8249897726"
CLIENTE421,Konoha,"0,8250511229"
CLIENTE700,Solhara,"0,8250943266"
CLIENTE269,Sethera,"0,8251496344"
CLIENTE15,Hogwarts,"0,8251962421"
CLIENTE152,Sableport,"0,8252426447"
CLIENTE152,Nassauia,"0,8252469632"
CLIENTE341,Wuhaven,"0,825255132"
CLIENTE329,Hyrule,"0,8252799434"
CLIENTE198,Morrowind,"0,8254728571"
CLIENTE11,Elysor,"0,8254802666"
CLIENTE254,Gerudo,"0,8255082172"
CLIENTE589,Gerudo,"0,825674681"
CLIENTE628,Ranskar,"0,8257978208"
CLIENTE461,Ironfall,"0,8258874471"
CLIENTE58,Gerudo,"0,8259191928"
CLIENTE573,Chenara,"0,8260622579"
CLIENTE85,Imre,"0,8260966499"
CLIENTE317,Cartheia,"0,8261309967"
CLIENTE360,Rlyeh,"0,8261418235"
CLIENTE617,Cairhien,"0,8261587295"
CLIENTE370,Fernwall,"0,8262324785"
CLIENTE614,Cairhien,"0,8262545153"
CLIENTE523,Drinmoor,"0,8263425302"
CLIENTE583,Melvara,"0,8265015761"
CLIENTE2,Lochbar,"0,8265298853"
CLIENTE424,Zanarkand,"0,8265374502"
CLIENTE10,Tchurion,"0,8265804846"
CLIENTE171,Konoha,"0,8266544281"
CLIENTE389,Prontera,"0,8268097651"
CLIENTE645,Huern,"0,8268407842"
CLIENTE710,Valyria,"0,8268825658"
CLIENTE707,Quasmar,"0,8270117951"
CLIENTE414,Jakura,"0,8270533199"
CLIENTE484,Askr,"0,827128839"
CLIENTE413,Paldea,"0,8271323541"
CLIENTE436,Yeygard,"0,8274121633"
CLIENTE144,Uinhold,"0,8274144241"
CLIENTE698,Rocabar,"0,8274551154"
CLIENTE501,Casperia,"0,8274661099"
CLIENTE599,Wuhaven,"0,8275164916"
CLIENTE23,Nurmengard,"0,8275764904"
CLIENTE77,Lathen,"0,8277692449"
CLIENTE215,Valyria,"0,8277753863"
CLIENTE703,Zuldazar,"0,8279412433"
CLIENTE190,Savois,"0,8280088104"
CLIENTE369,Manifold,"0,8281852221"
CLIENTE161,Lothlorien,"0,8282499012"
CLIENTE414,Humeria,"0,8282825121"
CLIENTE162,Savois,"0,8283098183"
CLIENTE437,TwinPillars,"0,8283138332"
CLIENTE508,Prontera,"0,8283409444"
CLIENTE498,Solstheim,"0,8284630854"
CLIENTE539,Midgar,"0,8285119042"
CLIENTE184,Lochbar,"0,8285601198"
CLIENTE681,Lothlorien,"0,8285722764"
CLIENTE678,Piscara,"0,8287533522"
CLIENTE487,Brightfall,"0,8287905629"
CLIENTE430,Zuldazar,"0,82883824"
CLIENTE605,Frosthelm,"0,8289140415"
CLIENTE670,Zanarkand,"0,8289957372"
CLIENTE181,Eredin,"0,8290375203"
CLIENTE60,Tartarus,"0,8290391551"
CLIENTE589,Calcara,"0,8290902951"
CLIENTE53,Yeygard,"0,8291875624"
CLIENTE259,Kharon,"0,8292271038"
CLIENTE369,Iyomar,"0,8292651"
CLIENTE157,Lyngard,"0,8292665351"
CLIENTE702,Zaphura,"0,8294185723"
CLIENTE337,Mountglass,"0,8294466503"
CLIENTE438,Mountglass,"0,8295610404"
CLIENTE339,Manshade,"0,8295709872"
CLIENTE697,Skyreach,"0,829734903"
CLIENTE201,Altissia,"0,8298371556"
CLIENTE693,Laputa,"0,8299500476"
CLIENTE595,Mountglass,"0,8300601425"
CLIENTE630,Muskara,"0,8300856367"
CLIENTE272,Duskwall,"0,830139358"
CLIENTE520,Iskeld,"0,8302103944"
CLIENTE354,Nenaris,"0,8304730182"
CLIENTE449,Frosthelm,"0,830491978"
CLIENTE685,Tchurion,"0,8306199358"
CLIENTE562,Tempestia,"0,8306754773"
CLIENTE307,Namek,"0,8308329964"
CLIENTE548,Solhara,"0,8308672631"
CLIENTE298,Rivenspire,"0,8308931284"
CLIENTE674,Obsidian,"0,8309843178"
CLIENTE95,Manshade,"0,8310570605"
CLIENTE148,Tomarath,"0,8311286881"
CLIENTE302,Drinmoor,"0,8314266668"
CLIENTE264,Perseon,"0,8314841257"
CLIENTE203,Osaria,"0,8317242188"
CLIENTE399,Frosthelm,"0,8317631515"
CLIENTE504,Kakariko,"0,8317777198"
CLIENTE383,Winhill,"0,8317937114"
CLIENTE627,Limoria,"0,8319067881"
CLIENTE88,Kandor,"0,8319881906"
CLIENTE677,Huern,"0,8320066389"
CLIENTE357,Swindale,"0,8321028514"
CLIENTE501,Glenhaven,"0,8321777144"
CLIENTE310,Muskara,"0,8322521704"
CLIENTE242,Glenhaven,"0,8324046783"
CLIENTE297,Azkaban,"0,8324501"
CLIENTE158,Sethera,"0,8325556694"
CLIENTE379,Ngorim,"0,8325995791"
CLIENTE703,Limoria,"0,8328321679"
CLIENTE265,Aeusserst,"0,832894545"
CLIENTE123,Kandor,"0,8329124168"
CLIENTE284,Thalassar,"0,8330095681"
CLIENTE324,Glenhaven,"0,8330141342"
CLIENTE422,Azural,"0,8330306739"
CLIENTE619,Konoha,"0,8331157398"
CLIENTE382,Hyrule,"0,8332544573"
CLIENTE649,Nibelheim,"0,8333006681"
CLIENTE189,Riorin,"0,8333024962"
CLIENTE4,Obsidian,"0,8333553392"
CLIENTE565,Duskwall,"0,8336095973"
CLIENTE447,Yenfall,"0,8338158575"
CLIENTE164,Dornfall,"0,8339847452"
CLIENTE587,Gerudo,"0,8340363999"
CLIENTE590,TwinPillars,"0,8342015288"
CLIENTE476,Amoneth,"0,8343202694"
CLIENTE676,Duskwall,"0,8344657117"
CLIENTE416,Nenaris,"0,834629965"
CLIENTE236,Thalassar,"0,8346478384"
CLIENTE306,Nenaris,"0,8347304223"
CLIENTE418,Fernwall,"0,8347727743"
CLIENTE250,Hollowmar,"0,8348470613"
CLIENTE527,Thalassar,"0,8349196648"
CLIENTE269,Hazoria,"0,8349397288"
CLIENTE8,Casperia,"0,8349639618"
CLIENTE705,Stormbar,"0,8349991482"
CLIENTE189,Manifold,"0,8350465572"
CLIENTE386,Stormbar,"0,8350476802"
CLIENTE381,Muskara,"0,8352152626"
CLIENTE689,Rocabar,"0,8352562524"
CLIENTE78,Cartheia,"0,8353664803"
CLIENTE494,Mythra,"0,835426484"
CLIENTE35,Haldryn,"0,8354584643"
CLIENTE475,Perseon,"0,83557242"
CLIENTE625,Kharon,"0,8356490053"
CLIENTE667,Dornfall,"0,8356512245"
CLIENTE350,Aeusserst,"0,835689973"
CLIENTE396,Glenhaven,"0,8357270223"
CLIENTE267,Noctis,"0,8358184469"
CLIENTE104,Walden,"0,835858043"
CLIENTE194,Cairhien,"0,8359366917"
CLIENTE522,Tomarath,"0,8359508008"
CLIENTE180,Uinhold,"0,8361081359"
CLIENTE63,Rocabar,"0,8362902259"
CLIENTE141,Ivalice,"0,8363756746"
CLIENTE596,Sableport,"0,8365631694"
CLIENTE588,Galdrin,"0,8365831591"
CLIENTE251,Lochbar,"0,8367210375"
CLIENTE149,Lathen,"0,8367382833"
CLIENTE115,Bethlehem,"0,8368497398"
CLIENTE627,Drinmoor,"0,8368550966"
CLIENTE162,Jakura,"0,8368924112"
CLIENTE440,Xinthar,"0,8370604304"
CLIENTE547,Yatora,"0,8370645921"
CLIENTE45,Ykoura,"0,8371391063"
CLIENTE8,Elzion,"0,8371969239"
CLIENTE443,Quasmar,"0,8372477055"
CLIENTE407,Surakai,"0,8374030201"
CLIENTE167,Lyngard,"0,8374481242"
CLIENTE183,Northfall,"0,8376547505"
CLIENTE523,Koktahl,"0,8376732612"
CLIENTE243,Raumor,"0,8376801032"
CLIENTE458,Tchurion,"0,837813501"
CLIENTE529,Hogwarts,"0,837982403"
CLIENTE40,Fernwall,"0,8381890555"
CLIENTE701,Shadowpeak,"0,8382250745"
CLIENTE222,Yjigar,"0,8383376766"
CLIENTE469,Imre,"0,8383908444"
CLIENTE495,Windscar,"0,8384170648"
CLIENTE626,Imre,"0,8385065615"
CLIENTE557,Helheim,"0,8385195923"
CLIENTE225,Bethlehem,"0,8385621927"
CLIENTE50,Tutira,"0,838564129"
CLIENTE681,Philgaia,"0,8386589207"
CLIENTE654,Jakura,"0,8386744445"
CLIENTE156,Imre,"0,8387353874"
CLIENTE276,Sectorium,"0,8387706896"
CLIENTE240,Northfall,"0,838803253"
CLIENTE686,Dornfall,"0,8388574878"
CLIENTE131,Tchurion,"0,8388787266"
CLIENTE556,Paldea,"0,8388904483"
CLIENTE525,Muskara,"0,8388993773"
CLIENTE206,Ishgard,"0,8389010998"
CLIENTE530,Windscar,"0,8391025013"
CLIENTE473,Mondstadt,"0,8391560228"
CLIENTE390,Humeria,"0,8394069059"
CLIENTE162,Jindara,"0,8394697051"
CLIENTE206,Piscara,"0,8397927225"
CLIENTE172,Hollowmar,"0,8399224472"
CLIENTE169,Hyrule,"0,8401318028"
CLIENTE342,Ishgard,"0,8401555959"
CLIENTE171,Manshade,"0,8403025921"
CLIENTE264,Bethlehem,"0,8403595987"
CLIENTE172,Gerudo,"0,8403679847"
CLIENTE534,Osaria,"0,8404587213"
CLIENTE488,Termina,"0,840513207"
CLIENTE505,Morrowind,"0,8405570073"
CLIENTE91,Tempestia,"0,8405755785"
CLIENTE589,Ironfall,"0,8406240222"
CLIENTE407,Memphos,"0,840631541"
CLIENTE176,Limoria,"0,8406620401"
CLIENTE108,Zuldazar,"0,8406674658"
CLIENTE548,Ashkora,"0,8407878164"
CLIENTE294,Tarbean,"0,8408728932"
CLIENTE7,Ranskar,"0,8408731579"
CLIENTE592,Ykoura,"0,840881744"
CLIENTE282,Alabasta,"0,8409918451"
CLIENTE711,Solstheim,"0,8410416345"
CLIENTE587,Lathen,"0,8410992518"
CLIENTE595,Brightfall,"0,8412103424"
CLIENTE299,Marineford,"0,8413594335"
CLIENTE625,Dragmere,"0,841386552"
CLIENTE142,Altissia,"0,8414279747"
CLIENTE694,Dornfall,"0,8415766478"
CLIENTE152,Jadehold,"0,8417166039"
CLIENTE625,Inoria,"0,8417659512"
CLIENTE272,Skellige,"0,8418031076"
CLIENTE28,Nurmengard,"0,8418226848"
CLIENTE552,Seireitei,"0,8419055938"
CLIENTE299,Casperia,"0,8420319859"
CLIENTE329,Muskara,"0,8421213429"
CLIENTE51,Khengar,"0,8422174571"
CLIENTE167,Northfall,"0,8424075162"
CLIENTE89,Quasmar,"0,8426536839"
CLIENTE201,Pandora,"0,8426928871"
CLIENTE618,Kragspire,"0,8427723381"
CLIENTE302,Hogwarts,"0,8428655592"
CLIENTE40,Hollowmar,"0,8431717882"
CLIENTE535,Targalon,"0,8433190552"
CLIENTE573,Limoria,"0,8434172283"
CLIENTE626,Fernwall,"0,843524651"
CLIENTE549,Muskara,"0,8435700792"
CLIENTE323,Promethea,"0,843577428"
CLIENTE86,Bethlehem,"0,8436121984"
CLIENTE596,Surakai,"0,843772249"
CLIENTE361,Koktahl,"0,8438065973"
CLIENTE10,Lochbar,"0,8438662191"
CLIENTE587,Fernwall,"0,8439454141"
CLIENTE359,Iyomar,"0,8441236457"
CLIENTE460,Ulthar,"0,8442270493"
CLIENTE605,Kandor,"0,8442766736"
CLIENTE339,Highspire,"0,8443400536"
CLIENTE25,Posthaven,"0,8443642265"
CLIENTE306,Alabasta,"0,8444027288"
CLIENTE203,Philgaia,"0,8444566126"
CLIENTE128,Midgar,"0,8444901263"
CLIENTE694,Manifold,"0,8445399435"
CLIENTE159,Chenara,"0,8448231136"
CLIENTE560,Ishgard,"0,8449413614"
CLIENTE9,Dirtmouth,"0,8449968423"
CLIENTE79,Duskwall,"0,8450344567"
CLIENTE362,Deeptrench,"0,8450486118"
CLIENTE6,Stevanor,"0,845295319"
CLIENTE700,Chenara,"0,8453562373"
CLIENTE28,Tempestia,"0,8453989568"
CLIENTE555,Posthaven,"0,8454582645"
CLIENTE113,Jindara,"0,8455195025"
CLIENTE298,Greywatch,"0,8455195196"
CLIENTE471,Targalon,"0,8455215136"
CLIENTE632,Jakura,"0,8456181843"
CLIENTE393,Lyngard,"0,8457406025"
CLIENTE298,Deeptrench,"0,8457456731"
CLIENTE302,Northfall,"0,845757867"
CLIENTE67,Deepwater,"0,845823213"
CLIENTE249,Mythra,"0,8458362276"
CLIENTE175,Johto,"0,8458528782"
CLIENTE299,Quasmar,"0,8458990807"
CLIENTE160,Elzion,"0,8462303903"
CLIENTE320,Mythra,"0,846241134"
CLIENTE668,Tarbean,"0,8463064983"
CLIENTE398,Mythra,"0,8463077476"
CLIENTE553,Ashkora,"0,8463847152"
CLIENTE78,Rlyeh,"0,8464601645"
CLIENTE131,Kandor,"0,8464619127"
CLIENTE541,Deeptrench,"0,8465782399"
CLIENTE491,Drinmoor,"0,8465896126"
CLIENTE65,Klunheim,"0,8466085923"
CLIENTE531,Azkaban,"0,8466651531"
CLIENTE180,Deliora,"0,8466817979"
CLIENTE36,Shadowpeak,"0,8467719267"
CLIENTE598,Posthaven,"0,8470332591"
CLIENTE335,Spira,"0,8471687716"
CLIENTE115,Nenaris,"0,8472483522"
CLIENTE541,Nosgoth,"0,8472606208"
CLIENTE470,Iskeld,"0,8472689633"
CLIENTE505,Galdrin,"0,8473064468"
CLIENTE393,Besaid,"0,8473225319"
CLIENTE617,Lathen,"0,8474436506"
CLIENTE328,Cartheia,"0,8474597628"
CLIENTE186,Tahlenwald,"0,8474918103"
CLIENTE307,Hyrule,"0,8475016637"
CLIENTE182,Nyagara,"0,8475945978"
CLIENTE300,Ykoura,"0,8476271646"
CLIENTE530,Pillarreach,"0,8476646661"
CLIENTE665,Tartarus,"0,8481065751"
CLIENTE603,Alabasta,"0,8481794091"
CLIENTE685,Sunreach,"0,8482578936"
CLIENTE467,Yenfall,"0,8483634732"
CLIENTE667,Lochbar,"0,848414543"
CLIENTE638,Manifold,"0,8484832791"
CLIENTE490,Prontera,"0,8485594685"
CLIENTE492,Cartheia,"0,8485986427"
CLIENTE690,Northfall,"0,8488066214"
CLIENTE502,Skellige,"0,8488294089"
CLIENTE281,Stormhold,"0,8488384868"
CLIENTE446,Konoha,"0,8489508334"
CLIENTE494,Humeria,"0,8489615458"
CLIENTE508,Tahlenwald,"0,8489741815"
CLIENTE62,Cartheia,"0,8490084026"
CLIENTE184,Elysor,"0,8490741812"
CLIENTE408,Grimvale,"0,8490965411"
CLIENTE340,Piscara,"0,8492275605"
CLIENTE325,Konoha,"0,8494506776"
CLIENTE389,Nyagara,"0,8495371463"
CLIENTE301,Ykoura,"0,8497993754"
CLIENTE269,Wuhaven,"0,8498405032"
CLIENTE16,Solhara,"0,8499548204"
CLIENTE213,Sableport,"0,8500205022"
CLIENTE253,Tarbean,"0,8500249053"
CLIENTE74,Casperia,"0,8500688191"
CLIENTE699,Solhara,"0,8500838239"
CLIENTE97,Galdrin,"0,8501248278"
CLIENTE115,Midgar,"0,8502844832"
CLIENTE73,Stormbar,"0,8503514968"
CLIENTE634,Mondstadt,"0,8504060557"
CLIENTE500,Sunreach,"0,850744067"
CLIENTE505,Vancross,"0,8510509823"
CLIENTE617,Amoneth,"0,8513237428"
CLIENTE656,Philgaia,"0,8513446274"
CLIENTE503,Tchurion,"0,8514074367"
CLIENTE183,Skyreach,"0,851442386"
CLIENTE233,Swindale,"0,8514693832"
CLIENTE554,Highspire,"0,8515348745"
CLIENTE405,Northfall,"0,8515411197"
CLIENTE463,Ironfall,"0,8515730445"
CLIENTE546,Walden,"0,851833282"
CLIENTE587,Hogwarts,"0,8518370516"
CLIENTE215,Viscara,"0,8522488523"
CLIENTE430,Iskeld,"0,852251478"
CLIENTE593,Windscar,"0,8522708023"
CLIENTE101,Mythra,"0,8523235212"
CLIENTE569,Frosthelm,"0,8523849506"
CLIENTE328,Brightfall,"0,8524086905"
CLIENTE358,Ivalice,"0,8528704885"
CLIENTE109,Memphos,"0,8528779616"
CLIENTE400,Tarbean,"0,8529041159"
CLIENTE553,Dirtmouth,"0,8529097959"
CLIENTE512,Skyreach,"0,852929559"
CLIENTE184,Swindale,"0,8529370293"
CLIENTE532,Jindara,"0,8529865962"
CLIENTE259,Ichoris,"0,8531169823"
CLIENTE385,Jakura,"0,8532925409"
CLIENTE177,Johto,"0,8533250126"
CLIENTE277,Skellige,"0,8534347583"
CLIENTE206,Zanarkand,"0,8534695015"
CLIENTE326,Iskeld,"0,8536100766"
CLIENTE91,Hyrule,"0,8536843144"
CLIENTE508,Valyria,"0,8536934044"
CLIENTE515,Nyagara,"0,8537808134"
CLIENTE93,Mountglass,"0,8537886123"
CLIENTE108,Ichoris,"0,853860617"
CLIENTE592,Iskeld,"0,8538738573"
CLIENTE597,Stormbar,"0,8539655102"
CLIENTE59,Amoneth,"0,8540429417"
CLIENTE328,Midgar,"0,8540685928"
CLIENTE523,Jadehold,"0,854082924"
CLIENTE485,Lothlorien,"0,8541918667"
CLIENTE449,Cartheia,"0,8542177271"
CLIENTE318,Iskeld,"0,8542338707"
CLIENTE437,Deeptrench,"0,8543140896"
CLIENTE109,Pillarreach,"0,8544188361"
CLIENTE557,Frosthelm,"0,8545448354"
CLIENTE624,Ashkora,"0,8546686421"
CLIENTE668,Liones,"0,8546799417"
CLIENTE288,Yokara,"0,8548635455"
CLIENTE359,Kakariko,"0,8548637308"
CLIENTE699,Stormbar,"0,8548860117"
CLIENTE42,Sectorium,"0,8549408173"
CLIENTE479,Viscara,"0,8551216934"
CLIENTE620,Tomarath,"0,8551413861"
CLIENTE631,Namek,"0,8552301096"
CLIENTE106,Rocabar,"0,855274968"
CLIENTE22,Greywatch,"0,8552782041"
CLIENTE218,Swindale,"0,8552957963"
CLIENTE647,Deliora,"0,8553760615"
CLIENTE481,Ykoura,"0,8554563248"
CLIENTE470,Frosthelm,"0,8554821703"
CLIENTE138,Namek,"0,8556276019"
CLIENTE377,Deepwater,"0,8557379408"
CLIENTE314,Hazoria,"0,8558889115"
CLIENTE172,Greywatch,"0,8559064306"
CLIENTE648,Valyria,"0,8559200545"
CLIENTE163,Pausen,"0,8559434596"
CLIENTE367,Kakariko,"0,8559454215"
CLIENTE602,Lochbar,"0,8559513279"
CLIENTE37,Dornfall,"0,8559684913"
CLIENTE385,Chenara,"0,8560163371"
CLIENTE147,Fernwall,"0,8560222447"
CLIENTE74,Spira,"0,8562914381"
CLIENTE452,Sethera,"0,8563812672"
CLIENTE508,Yjigar,"0,856458203"
CLIENTE490,Laputa,"0,8565106258"
CLIENTE260,Northfall,"0,8566860825"
CLIENTE294,Skellige,"0,8567286731"
CLIENTE500,Tartarus,"0,856746602"
CLIENTE197,Kobaris,"0,8567584228"
CLIENTE616,Rocabar,"0,8568264276"
CLIENTE460,Skyreach,"0,8568663987"
CLIENTE37,Helheim,"0,8568941288"
CLIENTE167,Namek,"0,8569443004"
CLIENTE398,Deeptrench,"0,8572131737"
CLIENTE36,Sidora,"0,8572789017"
CLIENTE365,Azural,"0,8573459604"
CLIENTE432,Ivalice,"0,8574642986"
CLIENTE427,Rlyeh,"0,8577154824"
CLIENTE207,Tutira,"0,8577262989"
CLIENTE631,Dirtmouth,"0,8577622636"
CLIENTE338,Yokara,"0,8578671369"
CLIENTE183,Termina,"0,8580721076"
CLIENTE255,Valyria,"0,8581058808"
CLIENTE315,Tomarath,"0,8581234267"
CLIENTE591,Manshade,"0,8582386348"
CLIENTE256,Ichoris,"0,8582438864"
CLIENTE699,Pillarreach,"0,8583757624"
CLIENTE104,Tomarath,"0,8584738003"
CLIENTE595,Iskeld,"0,8586655525"
CLIENTE221,Mondstadt,"0,8587911057"
CLIENTE344,Cartheia,"0,8588437768"
CLIENTE438,Viscara,"0,8591663781"
CLIENTE239,Hyrule,"0,8593136541"
CLIENTE559,Valyria,"0,8593492151"
CLIENTE474,Melvara,"0,859363681"
CLIENTE523,Kakariko,"0,8594272178"
CLIENTE90,Konoha,"0,8594917934"
CLIENTE490,Valyria,"0,8594944858"
CLIENTE533,Surakai,"0,8598430637"
CLIENTE206,Mythra,"0,8599040791"
CLIENTE33,Noctis,"0,8600006985"
CLIENTE441,Glenhaven,"0,8600500282"
CLIENTE515,Huern,"0,8600560931"
CLIENTE371,Nassauia,"0,8601982244"
CLIENTE708,Perseon,"0,8602150904"
CLIENTE381,Humeria,"0,8602272919"
CLIENTE213,Surakai,"0,860251636"
CLIENTE579,Sectorium,"0,8603637111"
CLIENTE224,Windscar,"0,8605087252"
CLIENTE9,Elysor,"0,8605260197"
CLIENTE370,Laputa,"0,8605358733"
CLIENTE249,Seireitei,"0,8606351345"
CLIENTE416,Klunheim,"0,8606798497"
CLIENTE5,Spira,"0,8608084658"
CLIENTE188,Gerudo,"0,8610502119"
CLIENTE675,Iskeld,"0,8611043358"
CLIENTE616,Vancross,"0,8611102239"
CLIENTE658,Calcara,"0,8614793503"
CLIENTE364,Philgaia,"0,8615271476"
CLIENTE502,Targalon,"0,8615777591"
CLIENTE648,Aeusserst,"0,8616424176"
CLIENTE534,Brightfall,"0,8616948457"
CLIENTE309,Rlyeh,"0,8617856348"
CLIENTE453,Swindale,"0,8618834816"
CLIENTE504,Elzion,"0,8619812812"
CLIENTE425,Nassauia,"0,8622670591"
CLIENTE665,Zanarkand,"0,8623442418"
CLIENTE300,Promethea,"0,8624046369"
CLIENTE657,Resembool,"0,8624122562"
CLIENTE50,Sableport,"0,8624440481"
CLIENTE130,Helheim,"0,8624909441"
CLIENTE85,Galdrin,"0,8625603896"
CLIENTE308,Imre,"0,8626459494"
CLIENTE155,Shadowpeak,"0,8626618564"
CLIENTE457,Lochbar,"0,8627150423"
CLIENTE39,Rlyeh,"0,8628508662"
CLIENTE187,Sableport,"0,862972208"
CLIENTE101,Inoria,"0,8629732453"
CLIENTE526,Ichoris,"0,8629767491"
CLIENTE346,Johto,"0,863291584"
CLIENTE319,Vancross,"0,8633262942"
CLIENTE269,Pillarreach,"0,8634971057"
CLIENTE459,Solhara,"0,8638101667"
CLIENTE344,Ashkora,"0,8639485494"
CLIENTE170,Johto,"0,8639985354"
CLIENTE390,Azkaban,"0,8640457346"
CLIENTE422,Xinthar,"0,8640926641"
CLIENTE329,Targalon,"0,8642095305"
CLIENTE62,Dragmere,"0,8642956327"
CLIENTE326,Stevanor,"0,8644845433"
CLIENTE63,Skyreach,"0,8645166292"
CLIENTE586,Klunheim,"0,8645692307"
CLIENTE554,Melvara,"0,8645952796"
CLIENTE377,Solstheim,"0,8647571952"
CLIENTE174,Kharon,"0,8647841785"
CLIENTE276,Galdrin,"0,8649129186"
CLIENTE24,Tempestia,"0,8649840112"
CLIENTE533,Cartheia,"0,865043574"
CLIENTE302,Cartheia,"0,86504733"
CLIENTE645,Perseon,"0,8650636804"
CLIENTE573,Highspire,"0,8650953926"
CLIENTE674,Mythra,"0,8651737605"
CLIENTE679,Amoneth,"0,8651771123"
CLIENTE443,Alabasta,"0,8652899301"
CLIENTE678,Windscar,"0,8653078166"
CLIENTE271,Nenaris,"0,8653366531"
CLIENTE225,Pangara,"0,8653525898"
CLIENTE670,Morrowind,"0,8655783485"
CLIENTE457,Obsidian,"0,8657077447"
CLIENTE614,Termina,"0,8657844938"
CLIENTE138,Targalon,"0,865827101"
CLIENTE481,Tempestia,"0,8659311898"
CLIENTE578,Lothlorien,"0,8660697805"
CLIENTE532,Kharon,"0,8661082434"
CLIENTE584,Yjigar,"0,8663046952"
CLIENTE682,Spira,"0,8663628868"
CLIENTE369,Jadehold,"0,8663689027"
CLIENTE465,Manifold,"0,8664929281"
CLIENTE355,Mondstadt,"0,8665908642"
CLIENTE286,Qineth,"0,8666171614"
CLIENTE246,Alabasta,"0,8667449525"
CLIENTE263,Duskwall,"0,8670184353"
CLIENTE550,Spira,"0,8670592559"
CLIENTE417,Azural,"0,8671103395"
CLIENTE294,Tchurion,"0,8671253014"
CLIENTE425,Tuxara,"0,86725175"
CLIENTE294,Ulthar,"0,8673325733"
CLIENTE171,Hogwarts,"0,8673949237"
CLIENTE435,Kragspire,"0,8675425977"
CLIENTE522,Ossandor,"0,8675747528"
CLIENTE205,Melvara,"0,8677233028"
CLIENTE15,Sectorium,"0,8677572551"
CLIENTE649,Lyngard,"0,8678013173"
CLIENTE342,Haldryn,"0,8680593844"
CLIENTE555,Ironfall,"0,8681047867"
CLIENTE608,Tempestia,"0,8681520985"
CLIENTE537,Hogwarts,"0,868216431"
CLIENTE502,Shadowpeak,"0,8682271715"
CLIENTE249,Pillarreach,"0,8682504131"
CLIENTE448,Memphos,"0,8682803132"
CLIENTE375,Bethlehem,"0,8683361438"
CLIENTE596,Targalon,"0,8684109058"
CLIENTE345,Elzion,"0,86847734"
CLIENTE37,Hollowmar,"0,8685247057"
CLIENTE124,Amoneth,"0,868701108"
CLIENTE469,Thalassar,"0,8688647807"
CLIENTE24,Uinhold,"0,8689501687"
CLIENTE12,Valyria,"0,8689724844"
CLIENTE433,Nurmengard,"0,8690730869"
CLIENTE575,Eredin,"0,8691066253"
CLIENTE165,Solhara,"0,8691831788"
CLIENTE313,Fernwall,"0,8692484156"
CLIENTE52,Imre,"0,8692955267"
CLIENTE473,Yeygard,"0,8693161998"
CLIENTE448,Calcara,"0,8693403456"
CLIENTE578,Savois,"0,869351397"
CLIENTE24,Altissia,"0,8694058454"
CLIENTE657,Hyrule,"0,8694451859"
CLIENTE162,Ichoris,"0,8694705402"
CLIENTE4,Vancross,"0,8698256914"
CLIENTE364,Stormhold,"0,8698583818"
CLIENTE207,Klunheim,"0,8698788348"
CLIENTE435,Ossandor,"0,869975372"
CLIENTE245,Spira,"0,8699878854"
CLIENTE354,Manshade,"0,8700801695"
CLIENTE507,Yeygard,"0,8701158836"
CLIENTE418,Piscara,"0,8701548148"
CLIENTE58,Riorin,"0,8701915381"
CLIENTE516,Yatora,"0,8702203608"
CLIENTE610,Greywatch,"0,8702728926"
CLIENTE100,Viscara,"0,8705187618"
CLIENTE374,Liones,"0,8707330951"
CLIENTE110,Pandora,"0,8707364581"
CLIENTE230,Huern,"0,8707715487"
CLIENTE222,Tahlenwald,"0,8708351785"
CLIENTE256,Johto,"0,8708880732"
CLIENTE646,Nurmengard,"0,8709179579"
CLIENTE671,Pillarreach,"0,8711691906"
CLIENTE576,Brakmar,"0,8712155331"
CLIENTE494,Rocabar,"0,8712210583"
CLIENTE367,Elysor,"0,8712219762"
CLIENTE5,Pausen,"0,8713648328"
CLIENTE253,Resembool,"0,8713830322"
CLIENTE235,Pangara,"0,871607271"
CLIENTE414,Zanarkand,"0,8716570024"
CLIENTE414,Rlyeh,"0,8716603546"
CLIENTE96,Yjigar,"0,8716837086"
CLIENTE595,Dornfall,"0,8716872875"
CLIENTE5,Yjigar,"0,8718930702"
CLIENTE56,Galdrin,"0,8719580805"
CLIENTE410,Stormbar,"0,8721640866"
CLIENTE143,Yeygard,"0,8723954787"
CLIENTE506,Klunheim,"0,8724211948"
CLIENTE645,Highspire,"0,8725020152"
CLIENTE5,Glenhaven,"0,8725794711"
CLIENTE448,Ngorim,"0,8725817644"
CLIENTE121,Kandor,"0,8725904431"
CLIENTE328,Riorin,"0,8726379851"
CLIENTE453,Termina,"0,8726639588"
CLIENTE328,Altissia,"0,8726816681"
CLIENTE710,Sunreach,"0,8727716363"
CLIENTE322,Tuxara,"0,8728049636"
CLIENTE669,Posthaven,"0,8730494571"
CLIENTE441,Philgaia,"0,8731038706"
CLIENTE278,Casperia,"0,8731284033"
CLIENTE700,Iskeld,"0,8732799243"
CLIENTE507,Zanarkand,"0,8733492233"
CLIENTE527,Brightfall,"0,8733674426"
CLIENTE603,Tempestia,"0,873462821"
CLIENTE510,Ykoura,"0,8735295058"
CLIENTE352,Elzion,"0,8736111938"
CLIENTE428,Galdrin,"0,873631994"
CLIENTE532,Cartheia,"0,8737040306"
CLIENTE14,Nibelheim,"0,8737441352"
CLIENTE531,Brakmar,"0,8737649312"
CLIENTE67,Skyreach,"0,873825529"
CLIENTE29,Elzion,"0,8738804104"
CLIENTE501,Deliora,"0,8739278997"
CLIENTE126,Bethlehem,"0,8739480456"
CLIENTE658,Yokara,"0,8740494023"
CLIENTE652,Tempestia,"0,8740748095"
CLIENTE502,Huern,"0,874082732"
CLIENTE564,Nurmengard,"0,8742807351"
CLIENTE535,Perseon,"0,8743110031"
CLIENTE46,Noctis,"0,8743460855"
CLIENTE378,Nosgoth,"0,8744343034"
CLIENTE367,Hazoria,"0,8746484098"
CLIENTE605,Zanarkand,"0,8746572314"
CLIENTE364,Mondstadt,"0,8747008418"
CLIENTE521,Pangara,"0,874793033"
CLIENTE709,Pandora,"0,8748099005"
CLIENTE441,Ashkora,"0,8749049142"
CLIENTE331,Jakura,"0,8749079317"
CLIENTE652,Greywatch,"0,8750009179"
CLIENTE581,Midgar,"0,8750786684"
CLIENTE699,Nosgoth,"0,8750821574"
CLIENTE82,Zaphura,"0,8752306082"
CLIENTE276,Lathen,"0,875326249"
CLIENTE644,Cairhien,"0,8753470169"
CLIENTE151,Zaphura,"0,8755010548"
CLIENTE566,Azural,"0,8755779694"
CLIENTE474,Midgar,"0,8756967512"
CLIENTE541,Laputa,"0,8757429004"
CLIENTE324,Helheim,"0,8757986875"
CLIENTE24,Highspire,"0,8758183572"
CLIENTE571,Perseon,"0,8759120412"
CLIENTE294,Klunheim,"0,8759126682"
CLIENTE382,Muskara,"0,8760370657"
CLIENTE220,Skellige,"0,8760402802"
CLIENTE710,Tartarus,"0,8761737695"
CLIENTE595,Kobaris,"0,8761764279"
CLIENTE346,Ivalice,"0,8762010359"
CLIENTE5,Khengar,"0,8762143592"
CLIENTE477,Sunreach,"0,8762230573"
CLIENTE34,Noctis,"0,876332434"
CLIENTE706,Noctis,"0,8764359027"
CLIENTE611,Jadehold,"0,8764887046"
CLIENTE53,Solstheim,"0,8765724578"
CLIENTE285,Qineth,"0,8766333706"
CLIENTE709,Tempestia,"0,8766526125"
CLIENTE553,Windscar,"0,8768511045"
CLIENTE223,Perseon,"0,8770365514"
CLIENTE241,Tempestia,"0,8771179592"
CLIENTE251,Posthaven,"0,8771548752"
CLIENTE678,Kandor,"0,8773238985"
CLIENTE187,Iyomar,"0,8773390567"
CLIENTE192,Liones,"0,877366758"
CLIENTE303,Ulthar,"0,8773732536"
CLIENTE590,Surakai,"0,8774769959"
CLIENTE584,Deliora,"0,8775630327"
CLIENTE565,Targalon,"0,8775690952"
CLIENTE427,Stonegate,"0,8775778955"
CLIENTE117,Melvara,"0,8776837722"
CLIENTE325,Skyreach,"0,8776934953"
CLIENTE682,Quasmar,"0,8776998515"
CLIENTE642,Azkaban,"0,8776998805"
CLIENTE421,Hazoria,"0,877769478"
CLIENTE434,Obsidian,"0,8779903301"
CLIENTE150,Ykoura,"0,8780226746"
CLIENTE491,Sableport,"0,8782139083"
CLIENTE343,Noctis,"0,8782277426"
CLIENTE657,Drinmoor,"0,878447985"
CLIENTE328,Deliora,"0,8785493805"
CLIENTE324,Piscara,"0,8786510126"
CLIENTE247,Helheim,"0,8787168146"
CLIENTE245,Quasmar,"0,8788148368"
CLIENTE296,Elzion,"0,878982226"
CLIENTE635,Manifold,"0,879236644"
CLIENTE307,Lothlorien,"0,8792937087"
CLIENTE582,Nassauia,"0,8793078639"
CLIENTE197,Klunheim,"0,879359211"
CLIENTE31,Lathen,"0,8793947436"
CLIENTE373,Duskwall,"0,8793955748"
CLIENTE310,Philgaia,"0,8795224383"
CLIENTE501,Nighthaven,"0,879529584"
CLIENTE520,Pillarreach,"0,8796164913"
CLIENTE67,Hyrule,"0,8796987335"
CLIENTE350,Kakariko,"0,8798320348"
CLIENTE710,Osaria,"0,8798813473"
CLIENTE37,Osaria,"0,8801185293"
CLIENTE597,Zanarkand,"0,8801233127"
CLIENTE283,Resembool,"0,880172121"
CLIENTE593,Humeria,"0,8801755627"
CLIENTE211,Valyria,"0,8802473884"
CLIENTE259,Windscar,"0,8803791666"
CLIENTE475,Rocabar,"0,8807943225"
CLIENTE314,Philgaia,"0,880951361"
CLIENTE362,Namek,"0,88105327"
CLIENTE148,Thalassar,"0,881284197"
CLIENTE303,Nenaris,"0,8814800637"
CLIENTE551,Zuldazar,"0,8815210876"
CLIENTE286,Hazoria,"0,8815211055"
CLIENTE17,Zanarkand,"0,881577909"
CLIENTE203,Solstheim,"0,8816564454"
CLIENTE695,Morrowind,"0,8817105027"
CLIENTE691,Resembool,"0,8817166691"
CLIENTE137,Tchurion,"0,8817309969"
CLIENTE21,Manifold,"0,8818130094"
CLIENTE296,Sidora,"0,8819376415"
CLIENTE710,Azural,"0,8821194513"
CLIENTE125,Savois,"0,88244433"
CLIENTE703,Stevanor,"0,8825474904"
CLIENTE141,Besaid,"0,8825792719"
CLIENTE85,Koktahl,"0,8826934981"
CLIENTE524,Savois,"0,8827052118"
CLIENTE122,Jakura,"0,8827175831"
CLIENTE711,Ykoura,"0,8827448553"
CLIENTE214,Tahlenwald,"0,8828096389"
CLIENTE266,Ironfall,"0,882815059"
CLIENTE618,Ashkora,"0,8828752811"
CLIENTE585,Khengar,"0,8828833382"
CLIENTE93,Chenara,"0,8831058815"
CLIENTE394,Dragmere,"0,8831426211"
CLIENTE523,Elysor,"0,8831446155"
CLIENTE490,Nosgoth,"0,8831784393"
CLIENTE102,Inoria,"0,8833118035"
CLIENTE326,Termina,"0,8834444546"
CLIENTE449,Mountglass,"0,883585617"
CLIENTE266,Ngorim,"0,8836017297"
CLIENTE56,Nassauia,"0,8838588186"
CLIENTE221,Tuxara,"0,8839143889"
CLIENTE1,Savois,"0,8840049433"
CLIENTE454,Lothlorien,"0,88404476"
CLIENTE65,Huern,"0,8841766005"
CLIENTE187,Raumor,"0,884210881"
CLIENTE312,Elzion,"0,8842465438"
CLIENTE238,Skyreach,"0,8842525901"
CLIENTE491,Mountglass,"0,8842563593"
CLIENTE569,Stormbar,"0,8842586048"
CLIENTE369,Viscara,"0,8842822136"
CLIENTE81,Yjigar,"0,8843047852"
CLIENTE642,Riorin,"0,8844273777"
CLIENTE162,Tarbean,"0,8845294622"
CLIENTE446,Nassauia,"0,8845923866"
CLIENTE391,Eredin,"0,8846663411"
CLIENTE320,Resembool,"0,8848697583"
CLIENTE50,Ironfall,"0,8849238128"
CLIENTE270,Greywatch,"0,8849872111"
CLIENTE308,Manshade,"0,8850092775"
CLIENTE655,Aeusserst,"0,8850218503"
CLIENTE38,Altissia,"0,8850645306"
CLIENTE600,Namek,"0,8850761575"
CLIENTE191,Dragmere,"0,8851210043"
CLIENTE393,Melvara,"0,8851577227"
CLIENTE135,Bethlehem,"0,885241914"
CLIENTE700,Elzion,"0,8854307805"
CLIENTE46,Perseon,"0,8855327191"
CLIENTE609,Klunheim,"0,8855553862"
CLIENTE247,Dirtmouth,"0,8855752118"
CLIENTE547,Imre,"0,8857163676"
CLIENTE373,Aeusserst,"0,8857458573"
CLIENTE598,Azural,"0,8858464325"
CLIENTE58,Sableport,"0,8860181363"
CLIENTE667,Zanarkand,"0,8860847744"
CLIENTE558,Manshade,"0,8861202787"
CLIENTE611,Kobaris,"0,8862648337"
CLIENTE251,Dragmere,"0,8862945533"
CLIENTE195,Glenhaven,"0,8863722609"
CLIENTE144,Yjigar,"0,8864009149"
CLIENTE654,Drinmoor,"0,8864210012"
CLIENTE83,Paldea,"0,8864940132"
CLIENTE225,Valyria,"0,8865394425"
CLIENTE11,Muskara,"0,8866064127"
CLIENTE133,Azkaban,"0,8866833032"
CLIENTE437,Kakariko,"0,8867094448"
CLIENTE619,Calcara,"0,8868186983"
CLIENTE105,Aeusserst,"0,8868674935"
CLIENTE193,Cairhien,"0,8869283851"
CLIENTE304,Hogwarts,"0,8872026413"
CLIENTE706,Cairhien,"0,8872215367"
CLIENTE172,Chenara,"0,8873102166"
CLIENTE353,Imre,"0,8873342875"
CLIENTE292,Iskeld,"0,8874062564"
CLIENTE624,Calcara,"0,8874228388"
CLIENTE70,Deeptrench,"0,887426819"
CLIENTE636,Prontera,"0,887491009"
CLIENTE346,Pausen,"0,8877749439"
CLIENTE307,Kobaris,"0,8877797377"
CLIENTE703,Glenhaven,"0,8879630431"
CLIENTE353,Tchurion,"0,8879698827"
CLIENTE544,Sidora,"0,8881149307"
CLIENTE348,Askr,"0,8883318778"
CLIENTE394,Imre,"0,888525268"
CLIENTE687,Mythra,"0,8886206054"
CLIENTE218,Frosthelm,"0,8886879726"
CLIENTE112,Kandor,"0,888804553"
CLIENTE631,Wuhaven,"0,8888384341"
CLIENTE83,Quasmar,"0,888843615"
CLIENTE645,Nosgoth,"0,8889676709"
CLIENTE62,Xinthar,"0,8891490594"
CLIENTE435,Hollowmar,"0,8891538654"
CLIENTE147,Cairhien,"0,8892414441"
CLIENTE59,Tahlenwald,"0,8893090116"
CLIENTE427,Uinhold,"0,8893168177"
CLIENTE569,Zanarkand,"0,8893204393"
CLIENTE687,Tuxara,"0,8893931857"
CLIENTE497,Shadowpeak,"0,8893979613"
CLIENTE22,Iskeld,"0,8894458567"
CLIENTE556,Savois,"0,8894937045"
CLIENTE79,Nyagara,"0,8894995943"
CLIENTE309,Valyria,"0,8896389691"
CLIENTE517,Ngorim,"0,8897046715"
CLIENTE152,Dirtmouth,"0,8897255815"
CLIENTE707,Pandora,"0,8898095995"
CLIENTE277,Ulthar,"0,8899522522"
CLIENTE60,Cartheia,"0,8899814654"
CLIENTE180,Elzion,"0,8902328089"
CLIENTE464,Limoria,"0,8904182821"
CLIENTE658,Fernwall,"0,890438598"
CLIENTE312,Savois,"0,8904616469"
CLIENTE96,Stonegate,"0,890493767"
CLIENTE485,Nurmengard,"0,8905999367"
CLIENTE595,Altissia,"0,8906618803"
CLIENTE486,Chenara,"0,8906934427"
CLIENTE515,Sableport,"0,8907156597"
CLIENTE475,Spira,"0,8909357965"
CLIENTE237,Pillarreach,"0,8909569349"
CLIENTE244,Ulthar,"0,8910123275"
CLIENTE635,Stevanor,"0,8910575748"
CLIENTE602,Yatora,"0,8910842171"
CLIENTE311,Targalon,"0,8911775339"
CLIENTE589,Solstheim,"0,891207698"
CLIENTE476,Kandor,"0,8913730744"
CLIENTE557,Piscara,"0,8914213671"
CLIENTE384,Melvara,"0,8916168627"
CLIENTE148,Helheim,"0,8918387816"
CLIENTE102,Calcara,"0,8919369958"
CLIENTE696,Deeptrench,"0,8919950589"
CLIENTE273,Liones,"0,8921372821"
CLIENTE217,Azural,"0,8921980616"
CLIENTE128,Ashkora,"0,8922328875"
CLIENTE677,Humeria,"0,8923022681"
CLIENTE203,Helheim,"0,8923037967"
CLIENTE142,Khengar,"0,8923489416"
CLIENTE612,Deeptrench,"0,8924371339"
CLIENTE195,Aeusserst,"0,8924589205"
CLIENTE339,Seireitei,"0,892486838"
CLIENTE205,Zanarkand,"0,8926405979"
CLIENTE542,Ivalice,"0,8927410461"
CLIENTE58,Yokara,"0,8927661179"
CLIENTE598,Prontera,"0,8927680327"
CLIENTE362,Philgaia,"0,892913704"
CLIENTE699,Kakariko,"0,8930055601"
CLIENTE147,Ykoura,"0,8931038142"
CLIENTE696,Bethlehem,"0,8931600506"
CLIENTE538,Wuhaven,"0,8931985201"
CLIENTE377,Tarbean,"0,893257953"
CLIENTE382,Savois,"0,8932643448"
CLIENTE148,Hazoria,"0,8933325864"
CLIENTE1,Deeptrench,"0,8934374515"
CLIENTE439,Muskara,"0,8934578513"
CLIENTE173,Northfall,"0,8934917025"
CLIENTE237,Nyagara,"0,8935073819"
CLIENTE644,Brightfall,"0,8935171747"
CLIENTE124,Gerudo,"0,8935336822"
CLIENTE500,Eredin,"0,8935838822"
CLIENTE309,Namek,"0,8935845073"
CLIENTE472,Savois,"0,8936483212"
CLIENTE477,Windscar,"0,8938778343"
CLIENTE544,Laputa,"0,893894624"
CLIENTE516,Hyrule,"0,8942710067"
CLIENTE205,Lothlorien,"0,8942916531"
CLIENTE338,Lyngard,"0,8942999744"
CLIENTE531,Osaria,"0,8943139067"
CLIENTE67,Kobaris,"0,8943487569"
CLIENTE590,Sectorium,"0,8944151531"
CLIENTE654,Dragmere,"0,8944519113"
CLIENTE280,Skyreach,"0,8946057292"
CLIENTE446,Muskara,"0,894835872"
CLIENTE510,Sunreach,"0,89490494"
CLIENTE150,Iyomar,"0,8949445282"
CLIENTE693,TwinPillars,"0,8949659583"
CLIENTE624,Grimvale,"0,8949729964"
CLIENTE192,Pangara,"0,8949739986"
CLIENTE451,Inoria,"0,8949993885"
CLIENTE318,Posthaven,"0,8951304043"
CLIENTE273,Jadehold,"0,8951461519"
CLIENTE163,Skellige,"0,8952926838"
CLIENTE144,Stormbar,"0,8954323132"
CLIENTE162,Qineth,"0,895498923"
CLIENTE286,Melvara,"0,8955067605"
CLIENTE622,Paldea,"0,8957172504"
CLIENTE219,Chenara,"0,8957745299"
CLIENTE317,Prontera,"0,8958315547"
CLIENTE554,Valyria,"0,8958403357"
CLIENTE335,Laputa,"0,8958997122"
CLIENTE45,Cartheia,"0,8959065093"
CLIENTE56,Lathen,"0,8959195962"
CLIENTE28,Thalassar,"0,8959737429"
CLIENTE585,Rocabar,"0,8960239289"
CLIENTE621,Zanarkand,"0,8960310444"
CLIENTE687,Kakariko,"0,8960435192"
CLIENTE29,Promethea,"0,8960486462"
CLIENTE253,Dornfall,"0,8960744728"
CLIENTE308,Yokara,"0,8961366092"
CLIENTE229,Brakmar,"0,8961690531"
CLIENTE684,Qineth,"0,8962033866"
CLIENTE572,Posthaven,"0,8962253348"
CLIENTE89,Greywatch,"0,8963022851"
CLIENTE115,Stormbar,"0,8963162089"
CLIENTE21,Aeusserst,"0,896401771"
CLIENTE369,Uinhold,"0,8964735452"
CLIENTE636,Winhill,"0,8966177762"
CLIENTE273,Imre,"0,8968444122"
CLIENTE175,Swindale,"0,8968784946"
CLIENTE223,Khengar,"0,8969545666"
CLIENTE68,Ranskar,"0,8969885235"
CLIENTE516,Xinthar,"0,8970381539"
CLIENTE178,Haldryn,"0,8970478069"
CLIENTE39,Pillarreach,"0,8970553131"
CLIENTE639,Sidora,"0,8970656993"
CLIENTE336,Muskara,"0,897276048"
CLIENTE73,Pillarreach,"0,8973260109"
CLIENTE18,Noctis,"0,8973847182"
CLIENTE422,Yenfall,"0,8974150129"
CLIENTE457,Liones,"0,8974456807"
CLIENTE272,Morrowind,"0,8975033298"
CLIENTE479,Yatora,"0,8975096985"
CLIENTE149,Mythra,"0,8975830681"
CLIENTE288,Osaria,"0,8976317501"
CLIENTE297,Solhara,"0,8977989799"
CLIENTE165,Pangara,"0,8979080316"
CLIENTE477,Brakmar,"0,8979728072"
CLIENTE331,Morrowind,"0,8980147438"
CLIENTE203,Swindale,"0,8980167497"
CLIENTE429,Manshade,"0,898140389"
CLIENTE530,Yokara,"0,8981987557"
CLIENTE44,Galdrin,"0,8985541529"
CLIENTE589,Elzion,"0,898555352"
CLIENTE640,Pillarreach,"0,8986077703"
CLIENTE621,Nibelheim,"0,8986247726"
CLIENTE539,Resembool,"0,8986637608"
CLIENTE281,Melvara,"0,8987378295"
CLIENTE330,Chenara,"0,8987503019"
CLIENTE375,Shadowpeak,"0,898804226"
CLIENTE525,Liones,"0,8990641396"
CLIENTE490,Osaria,"0,8991072431"
CLIENTE356,Sidora,"0,8992102785"
CLIENTE202,Elysor,"0,899256617"
CLIENTE6,Valyria,"0,8992718637"
CLIENTE677,Manifold,"0,8992790451"
CLIENTE65,Iskeld,"0,8993625517"
CLIENTE40,Greywatch,"0,8994023589"
CLIENTE690,Stormhold,"0,8996430227"
CLIENTE252,Morrowind,"0,8996488512"
CLIENTE27,Haldryn,"0,8996908903"
CLIENTE372,Cartheia,"0,8997405341"
CLIENTE405,Skellige,"0,8997885391"
CLIENTE375,Deeptrench,"0,900081729"
CLIENTE552,Ivalice,"0,9001439437"
CLIENTE602,Sunreach,"0,9002943832"
CLIENTE74,Stonegate,"0,9002958915"
CLIENTE360,Skellige,"0,9003781306"
CLIENTE449,Qineth,"0,9004732689"
CLIENTE301,Hyrule,"0,9005786967"
CLIENTE224,Alabasta,"0,9006010038"
CLIENTE695,Kobaris,"0,9006930857"
CLIENTE648,Laputa,"0,9007677391"
CLIENTE241,Stormhold,"0,9008182077"
CLIENTE222,Humeria,"0,9008311285"
CLIENTE559,Ykoura,"0,9008706337"
CLIENTE66,Walden,"0,9009455341"
CLIENTE584,Ulthar,"0,9010283078"
CLIENTE367,Namek,"0,9011130899"
CLIENTE235,Swindale,"0,9011233103"
CLIENTE633,Ykoura,"0,901134767"
CLIENTE559,Drinmoor,"0,901143897"
CLIENTE440,Stonegate,"0,9012312588"
CLIENTE470,Piscara,"0,9013564776"
CLIENTE509,Manifold,"0,9015395529"
CLIENTE217,Rivenspire,"0,9015781521"
CLIENTE479,Ironfall,"0,9018437305"
CLIENTE708,Namek,"0,9018955754"
CLIENTE184,Manshade,"0,9019400714"
CLIENTE439,Namek,"0,9020194141"
CLIENTE78,Amoneth,"0,902027638"
CLIENTE483,Nosgoth,"0,9020329983"
CLIENTE527,Tutira,"0,9021386821"
CLIENTE86,Imre,"0,9022478546"
CLIENTE209,Calcara,"0,9024011374"
CLIENTE363,Promethea,"0,9024890049"
CLIENTE287,Greywatch,"0,9024961078"
CLIENTE295,Rlyeh,"0,9025209442"
CLIENTE553,Yeygard,"0,9026802329"
CLIENTE618,Tomarath,"0,902831222"
CLIENTE433,Hyrule,"0,9028622042"
CLIENTE416,Kandor,"0,9029043985"
CLIENTE406,Stonegate,"0,9029428508"
CLIENTE176,Alabasta,"0,902971509"
CLIENTE393,Resembool,"0,9031387458"
CLIENTE390,Pausen,"0,9032457038"
CLIENTE343,Midgar,"0,9032681934"
CLIENTE604,Vancross,"0,9034550535"
CLIENTE460,Alabasta,"0,9034967031"
CLIENTE208,Cairhien,"0,9035842238"
CLIENTE659,Tarbean,"0,903797214"
CLIENTE1,Xinthar,"0,9039122654"
CLIENTE66,Mythra,"0,9039156079"
CLIENTE613,Piscara,"0,9039252231"
CLIENTE468,Riorin,"0,9040183477"
CLIENTE10,Kakariko,"0,9041071102"
CLIENTE669,Memphos,"0,9041767389"
CLIENTE246,Konoha,"0,90432596"
CLIENTE397,Obsidian,"0,9044746228"
CLIENTE292,Nibelheim,"0,9045320131"
CLIENTE527,Shadowpeak,"0,9045648076"
CLIENTE49,Sunreach,"0,9046467529"
CLIENTE669,Resembool,"0,9046762644"
CLIENTE167,Manshade,"0,90468861"
CLIENTE138,Valyria,"0,9047482013"
CLIENTE530,Yenfall,"0,9047692193"
CLIENTE590,Hyrule,"0,9048348968"
CLIENTE205,Tuxara,"0,9050056867"
CLIENTE21,Memphos,"0,9050798635"
CLIENTE207,Haldryn,"0,9050801021"
CLIENTE513,Besaid,"0,9052168627"
CLIENTE534,Solhara,"0,9053132644"
CLIENTE568,Resembool,"0,9053822537"
CLIENTE258,Iskeld,"0,9054644209"
CLIENTE344,Pausen,"0,9055521098"
CLIENTE64,Mountglass,"0,9055735205"
CLIENTE132,Deliora,"0,9056448257"
CLIENTE377,Yeygard,"0,9057390996"
CLIENTE612,Deepwater,"0,9058981127"
CLIENTE314,Tempestia,"0,9059070687"
CLIENTE482,Elzion,"0,9060471838"
CLIENTE389,Tchurion,"0,9060518248"
CLIENTE518,Brakmar,"0,9061780627"
CLIENTE525,Yenfall,"0,9062141721"
CLIENTE259,Marineford,"0,9062918438"
CLIENTE541,Grimvale,"0,9063219846"
CLIENTE110,Philgaia,"0,9063349949"
CLIENTE22,Ngorim,"0,9066436536"
CLIENTE631,Nibelheim,"0,9068576244"
CLIENTE671,Klunheim,"0,9070403374"
CLIENTE272,Lyngard,"0,9071216437"
CLIENTE702,Calcara,"0,9071366481"
CLIENTE593,Nenaris,"0,9071938518"
CLIENTE365,Piscara,"0,9072185027"
CLIENTE217,Deliora,"0,90722145"
CLIENTE633,Konoha,"0,9072403156"
CLIENTE405,Midgar,"0,9072888864"
CLIENTE482,Lochbar,"0,9075161086"
CLIENTE102,Quasmar,"0,9077086185"
CLIENTE318,Frosthelm,"0,9077463648"
CLIENTE529,Chenara,"0,9077899836"
CLIENTE252,Yenfall,"0,9078193215"
CLIENTE374,Johto,"0,9078602218"
CLIENTE559,Thalassar,"0,9078680218"
CLIENTE209,Zuldazar,"0,9079764929"
CLIENTE36,Yeygard,"0,9080158616"
CLIENTE686,Hogwarts,"0,9080288228"
CLIENTE217,Rocabar,"0,9080633994"
CLIENTE88,Limoria,"0,9081417295"
CLIENTE355,Humeria,"0,9081693899"
CLIENTE576,Nosgoth,"0,9081901137"
CLIENTE222,Tuxara,"0,9082833524"
CLIENTE320,Raumor,"0,9083264951"
CLIENTE659,Ironfall,"0,9084436525"
CLIENTE512,Gerudo,"0,9084930102"
CLIENTE48,Pausen,"0,9086234674"
CLIENTE698,Wuhaven,"0,9088072023"
CLIENTE615,Iyomar,"0,9088294491"
CLIENTE14,Piscara,"0,9089829527"
CLIENTE541,Prontera,"0,908983616"
CLIENTE647,Azkaban,"0,9090605119"
CLIENTE568,Inoria,"0,9091637738"
CLIENTE158,Highspire,"0,9092673794"
CLIENTE518,Deeptrench,"0,9093060805"
CLIENTE573,Mythra,"0,9093076094"
CLIENTE646,Valyria,"0,9093322135"
CLIENTE362,Grimvale,"0,9093334854"
CLIENTE478,Laputa,"0,909731154"
CLIENTE296,Amoneth,"0,9098407378"
CLIENTE340,Nurmengard,"0,9098669366"
CLIENTE52,Iyomar,"0,9098803285"
CLIENTE228,Tahlenwald,"0,9098989132"
CLIENTE368,Pillarreach,"0,909901692"
CLIENTE707,Sethera,"0,909910627"
CLIENTE650,Stormbar,"0,9099689497"
CLIENTE480,Skellige,"0,9100988379"
CLIENTE243,Eredin,"0,9102409375"
CLIENTE570,Pillarreach,"0,9102572906"
CLIENTE365,Termina,"0,9103061335"
CLIENTE238,Spira,"0,9104010413"
CLIENTE504,Deliora,"0,9105806977"
CLIENTE26,Tartarus,"0,9105947682"
CLIENTE443,Jakura,"0,9106622348"
CLIENTE445,Valyria,"0,9109217823"
CLIENTE301,Ichoris,"0,9109839729"
CLIENTE16,Hogwarts,"0,9110515445"
CLIENTE21,Savois,"0,9111738128"
CLIENTE138,Lathen,"0,9112696454"
CLIENTE375,Ironfall,"0,911438673"
CLIENTE545,Osaria,"0,9115438257"
CLIENTE58,Winhill,"0,9117714692"
CLIENTE167,Galdrin,"0,9118090353"
CLIENTE546,Vancross,"0,9118702486"
CLIENTE432,Walden,"0,9118786418"
CLIENTE622,Duskwall,"0,9119140705"
CLIENTE331,Klunheim,"0,9120766893"
CLIENTE170,Deeptrench,"0,9123754335"
CLIENTE91,Imre,"0,9125228636"
CLIENTE621,Tuxara,"0,9126799384"
CLIENTE99,Ashkora,"0,9127866012"
CLIENTE12,Winhill,"0,9127888168"
CLIENTE474,Manshade,"0,9128036625"
CLIENTE293,Osaria,"0,9130737948"
CLIENTE578,Piscara,"0,9130782258"
CLIENTE292,Laputa,"0,9131777055"
CLIENTE59,Yokara,"0,9131869221"
CLIENTE674,Pausen,"0,9132291284"
CLIENTE418,Jindara,"0,9132909058"
CLIENTE510,Duskwall,"0,9133045348"
CLIENTE151,Quasmar,"0,9133085755"
CLIENTE406,Ngorim,"0,9133815654"
CLIENTE133,Deliora,"0,9134038764"
CLIENTE353,Riorin,"0,913425746"
CLIENTE685,Wuhaven,"0,91347322"
CLIENTE416,Yenfall,"0,9135427631"
CLIENTE334,Memphos,"0,913597607"
CLIENTE367,Amoneth,"0,9136988993"
CLIENTE534,Deepwater,"0,9137193254"
CLIENTE75,Nibelheim,"0,9138155112"
CLIENTE623,Yokara,"0,9138800047"
CLIENTE116,Zuldazar,"0,9138988634"
CLIENTE320,Cairhien,"0,9139716163"
CLIENTE399,Yeygard,"0,9139882769"
CLIENTE550,Tempestia,"0,9140623745"
CLIENTE651,Altissia,"0,914318041"
CLIENTE618,Pillarreach,"0,9143237595"
CLIENTE638,Glenhaven,"0,9143296869"
CLIENTE574,Jindara,"0,9145825843"
CLIENTE538,Posthaven,"0,9146343429"
CLIENTE420,Thalassar,"0,9146710344"
CLIENTE175,Bethlehem,"0,9147911125"
CLIENTE594,Ishgard,"0,9148791454"
CLIENTE527,Inoria,"0,9149087247"
CLIENTE500,Lochbar,"0,9150270273"
CLIENTE539,Tomarath,"0,9151250257"
CLIENTE423,Cartheia,"0,9151326002"
CLIENTE709,Grimvale,"0,9151402988"
CLIENTE674,Eredin,"0,9151594767"
CLIENTE146,Manshade,"0,9151770947"
CLIENTE370,Pandora,"0,9151856523"
CLIENTE19,Ironfall,"0,9153016261"
CLIENTE255,Noctis,"0,9153297429"
CLIENTE667,Shadowpeak,"0,9153414466"
CLIENTE329,Paldea,"0,9153940177"
CLIENTE633,Lothlorien,"0,9154683324"
CLIENTE113,Ichoris,"0,9155019907"
CLIENTE36,Lothlorien,"0,9156556197"
CLIENTE173,Promethea,"0,9157301017"
CLIENTE383,Nenaris,"0,9157627137"
CLIENTE674,Rivenspire,"0,9158304295"
CLIENTE481,Deepwater,"0,9158458686"
CLIENTE4,Limoria,"0,9158553029"
CLIENTE703,Cartheia,"0,9158751627"
CLIENTE95,Alabasta,"0,9161163836"
CLIENTE250,Prontera,"0,9161553369"
CLIENTE19,Nurmengard,"0,9163045823"
CLIENTE640,Vancross,"0,9163816065"
CLIENTE617,Morrowind,"0,9163968504"
CLIENTE223,Drinmoor,"0,9164102635"
CLIENTE393,Deeptrench,"0,9165060497"
CLIENTE143,Iskeld,"0,9165668"
CLIENTE592,Kandor,"0,9165802482"
CLIENTE522,Ishgard,"0,9165959417"
CLIENTE122,Koktahl,"0,9166209004"
CLIENTE637,Valisthea,"0,9166288026"
CLIENTE641,Aeusserst,"0,916942939"
CLIENTE249,Chenara,"0,9170268519"
CLIENTE161,Rocabar,"0,917127818"
CLIENTE315,Rivenspire,"0,9171419669"
CLIENTE683,Northfall,"0,9171483983"
CLIENTE122,Sethera,"0,9172019453"
CLIENTE77,Dirtmouth,"0,9173528067"
CLIENTE191,Alabasta,"0,9174840898"
CLIENTE446,Uinhold,"0,9174875529"
CLIENTE638,Deliora,"0,9175797665"
CLIENTE468,Koktahl,"0,9175800542"
CLIENTE690,Swindale,"0,9175825145"
CLIENTE622,Swindale,"0,9176002298"
CLIENTE667,Alabasta,"0,9176837614"
CLIENTE29,Yenfall,"0,9177912594"
CLIENTE182,Cartheia,"0,9179511199"
CLIENTE58,Tomarath,"0,9180054499"
CLIENTE186,Stormhold,"0,9180085411"
CLIENTE561,Humeria,"0,9180853986"
CLIENTE700,Qineth,"0,9181802634"
CLIENTE167,Windscar,"0,9182848579"
CLIENTE303,Nassauia,"0,9183482022"
CLIENTE541,Salvaris,"0,9183973249"
CLIENTE167,Stonegate,"0,9184004747"
CLIENTE678,Pillarreach,"0,9184553633"
CLIENTE35,Brakmar,"0,9185092444"
CLIENTE129,Uinhold,"0,9188759172"
CLIENTE455,Stormbar,"0,9190752767"
CLIENTE19,Marineford,"0,9190988695"
CLIENTE299,Eredin,"0,9191319763"
CLIENTE456,Jakura,"0,919144453"
CLIENTE708,Sidora,"0,9193175968"
CLIENTE57,Kobaris,"0,9196669822"
CLIENTE302,Lyngard,"0,919753115"
CLIENTE493,Iskeld,"0,9198333442"
CLIENTE287,Surakai,"0,919854549"
CLIENTE44,Johto,"0,9199474159"
CLIENTE635,Posthaven,"0,9199489579"
CLIENTE694,Huern,"0,9199647193"
CLIENTE37,Amoneth,"0,9200507343"
CLIENTE115,Ashkora,"0,9201124048"
CLIENTE635,Ulthar,"0,9201612824"
CLIENTE325,Haldryn,"0,9202128282"
CLIENTE216,Bethlehem,"0,9204001516"
CLIENTE148,Dirtmouth,"0,9205001767"
CLIENTE543,Laputa,"0,9206308585"
CLIENTE440,Lyngard,"0,9206871084"
CLIENTE694,Stonegate,"0,9207875332"
CLIENTE151,Deeptrench,"0,9208478254"
CLIENTE323,Huern,"0,920942234"
CLIENTE126,Lochbar,"0,9209423099"
CLIENTE222,Osaria,"0,9209903736"
CLIENTE483,Valyria,"0,9211873528"
CLIENTE526,Surakai,"0,9212381529"
CLIENTE241,Brakmar,"0,9212523303"
CLIENTE657,Ishgard,"0,9212822885"
CLIENTE588,Klunheim,"0,9213801571"
CLIENTE222,Iyomar,"0,9214701406"
CLIENTE399,Brightfall,"0,9216086352"
CLIENTE354,Johto,"0,9217141381"
CLIENTE189,Mondstadt,"0,9217189842"
CLIENTE618,Hyrule,"0,9217578905"
CLIENTE429,Casperia,"0,9217816641"
CLIENTE20,Skellige,"0,9218186213"
CLIENTE339,Kakariko,"0,9218439871"
CLIENTE433,Paldea,"0,9218605948"
CLIENTE358,Tutira,"0,9218842109"
CLIENTE35,Lochbar,"0,9218852959"
CLIENTE77,Marineford,"0,92199923"
CLIENTE575,Johto,"0,9220569853"
CLIENTE331,Kobaris,"0,9220622925"
CLIENTE408,Morrowind,"0,9220928089"
CLIENTE74,Viscara,"0,922179315"
CLIENTE276,Hazoria,"0,9223024032"
CLIENTE650,Sunreach,"0,9223387406"
CLIENTE528,Rlyeh,"0,9223587748"
CLIENTE362,Jindara,"0,9224733387"
CLIENTE26,Khengar,"0,9224919298"
CLIENTE573,Hazoria,"0,9225588705"
CLIENTE308,Xinthar,"0,9227013912"
CLIENTE609,Ichoris,"0,922981241"
CLIENTE331,Yenfall,"0,9230171003"
CLIENTE1,Haldryn,"0,9230961064"
CLIENTE26,Solstheim,"0,9231361187"
CLIENTE161,Marineford,"0,9232006481"
CLIENTE498,Viscara,"0,9233859004"
CLIENTE580,Paldea,"0,9233996027"
CLIENTE368,Konoha,"0,9234814663"
CLIENTE146,Skellige,"0,9236246002"
CLIENTE124,Galdrin,"0,9236649669"
CLIENTE347,Northfall,"0,9236687056"
CLIENTE320,Yatora,"0,9237171079"
CLIENTE601,Elysor,"0,9237478627"
CLIENTE511,Ichoris,"0,9238300268"
CLIENTE466,Nurmengard,"0,9239197498"
CLIENTE712,Tarbean,"0,9239282733"
CLIENTE43,Nighthaven,"0,9239774363"
CLIENTE443,Calcara,"0,9240057527"
CLIENTE429,Melvara,"0,9242151156"
CLIENTE479,Spira,"0,9242761896"
CLIENTE577,Tchurion,"0,9242767882"
CLIENTE585,Sectorium,"0,9243208759"
CLIENTE247,Khengar,"0,9244698111"
CLIENTE620,Prontera,"0,9245119005"
CLIENTE670,Lathen,"0,9245329279"
CLIENTE233,Northfall,"0,924575459"
CLIENTE548,Memphos,"0,9246419674"
CLIENTE471,Valisthea,"0,9246725819"
CLIENTE613,Gerudo,"0,9247923351"
CLIENTE264,Deepwater,"0,9248410922"
CLIENTE140,Greywatch,"0,9250219"
CLIENTE267,Nassauia,"0,9250936039"
CLIENTE405,Hogwarts,"0,9251526544"
CLIENTE578,Tempestia,"0,9251621032"
CLIENTE249,Amoneth,"0,9251992368"
CLIENTE37,Pangara,"0,9254241331"
CLIENTE540,Tuxara,"0,9255626645"
CLIENTE185,Posthaven,"0,9257675673"
CLIENTE263,Valisthea,"0,9260608072"
CLIENTE18,Inoria,"0,9260906633"
CLIENTE181,Solhara,"0,9262029134"
CLIENTE383,Kragspire,"0,9262308442"
CLIENTE312,Kobaris,"0,9262343084"
CLIENTE35,Nibelheim,"0,9262370788"
CLIENTE115,Frosthelm,"0,9262733335"
CLIENTE159,Solhara,"0,926339101"
CLIENTE213,Hazoria,"0,9267762327"
CLIENTE90,Wuhaven,"0,9269599633"
CLIENTE592,Haldryn,"0,9270023609"
CLIENTE170,Duskwall,"0,9270471738"
CLIENTE713,Dragmere,"0,9271424886"
CLIENTE509,Stormbar,"0,9271774746"
CLIENTE322,Quasmar,"0,9272145659"
CLIENTE618,Yjigar,"0,9272804851"
CLIENTE124,Hyrule,"0,9273438724"
CLIENTE446,Humeria,"0,9274624642"
CLIENTE373,Manifold,"0,9274981112"
CLIENTE514,Shadowpeak,"0,9275382911"
CLIENTE82,Fernwall,"0,9275606259"
CLIENTE620,Viscara,"0,9277489944"
CLIENTE325,Huern,"0,9278624711"
CLIENTE371,Helheim,"0,9278778901"
CLIENTE348,Nurmengard,"0,927953621"
CLIENTE68,Viscara,"0,9279847748"
CLIENTE264,Deliora,"0,9282230161"
CLIENTE320,Ranskar,"0,9283131694"
CLIENTE308,Fernwall,"0,9283514888"
CLIENTE395,Imre,"0,9284685336"
CLIENTE34,Aeusserst,"0,9285065386"
CLIENTE178,Klunheim,"0,9285256232"
CLIENTE255,Frosthelm,"0,928556105"
CLIENTE133,Swindale,"0,9287064808"
CLIENTE600,Melvara,"0,9290462025"
CLIENTE515,Tahlenwald,"0,9291341016"
CLIENTE545,Zuldazar,"0,9291700794"
CLIENTE353,Tahlenwald,"0,9291927478"
CLIENTE491,Johto,"0,9292484195"
CLIENTE46,Stonegate,"0,9293889696"
CLIENTE192,Yokara,"0,9297067823"
CLIENTE578,Huern,"0,9297722558"
CLIENTE635,Pandora,"0,9300029847"
CLIENTE228,Viscara,"0,930186524"
CLIENTE73,Iskeld,"0,9302096022"
CLIENTE614,Nenaris,"0,9302675492"
CLIENTE605,Ashkora,"0,9302700237"
CLIENTE178,Midgar,"0,9303698465"
CLIENTE84,Morrowind,"0,9304143446"
CLIENTE634,Huern,"0,9305693788"
CLIENTE508,Highspire,"0,9307525302"
CLIENTE299,Memphos,"0,9307798308"
CLIENTE56,Altissia,"0,9308972218"
CLIENTE45,Spira,"0,9310160066"
CLIENTE608,Resembool,"0,9311475224"
CLIENTE315,Koktahl,"0,931222406"
CLIENTE348,Shadowpeak,"0,931344598"
CLIENTE383,Yenfall,"0,9314551468"
CLIENTE465,Sethera,"0,9314675379"
CLIENTE378,Tempestia,"0,9316473871"
CLIENTE275,Mondstadt,"0,9316540135"
CLIENTE18,Deeptrench,"0,9317146674"
CLIENTE347,Termina,"0,9318268004"
CLIENTE184,Deeptrench,"0,9318362798"
CLIENTE24,Zanarkand,"0,9318558116"
CLIENTE588,Ironfall,"0,9320801142"
CLIENTE270,Bethlehem,"0,9320864493"
CLIENTE143,Dirtmouth,"0,9321176853"
CLIENTE71,Eredin,"0,9321470498"
CLIENTE537,Tartarus,"0,9323040127"
CLIENTE691,Huern,"0,9324902714"
CLIENTE698,Mondstadt,"0,9325078736"
CLIENTE208,Kobaris,"0,9325185446"
CLIENTE134,TwinPillars,"0,9325754861"
CLIENTE243,Elzion,"0,9327311437"
CLIENTE465,Deepwater,"0,9328118265"
CLIENTE122,Skellige,"0,9329892353"
CLIENTE379,Melvara,"0,933042457"
CLIENTE713,Salvaris,"0,9330618082"
CLIENTE313,Ulthar,"0,9331399013"
CLIENTE589,Stonegate,"0,9332261808"
CLIENTE83,Walden,"0,9333756562"
CLIENTE171,Sableport,"0,9334765683"
CLIENTE707,Walden,"0,9335024801"
CLIENTE84,Tartarus,"0,933583714"
CLIENTE212,Khengar,"0,9336336498"
CLIENTE690,Ironfall,"0,9336864279"
CLIENTE559,Lathen,"0,9339873349"
CLIENTE103,Vancross,"0,9341994685"
CLIENTE486,Alabasta,"0,9342126276"
CLIENTE695,Ossandor,"0,9342137238"
CLIENTE653,Chenara,"0,9344396236"
CLIENTE7,Ishgard,"0,9345096583"
CLIENTE357,Fernwall,"0,9345317368"
CLIENTE421,Nosgoth,"0,9345584916"
CLIENTE256,Solstheim,"0,9349346157"
CLIENTE416,Xinthar,"0,9349396781"
CLIENTE346,Chenara,"0,9351166244"
CLIENTE99,Pillarreach,"0,9352761385"
CLIENTE626,Hogwarts,"0,9352895295"
CLIENTE707,Lyngard,"0,935548219"
CLIENTE266,Frosthelm,"0,9359350839"
CLIENTE712,Lochbar,"0,9359548808"
CLIENTE38,Winhill,"0,9360003849"
CLIENTE400,Kharon,"0,9361383366"
CLIENTE163,Lathen,"0,9362300954"
CLIENTE313,Huern,"0,9362765133"
CLIENTE483,Memphos,"0,9363459879"
CLIENTE245,Manifold,"0,936448774"
CLIENTE62,Wuhaven,"0,9366076663"
CLIENTE579,Azural,"0,9366349043"
CLIENTE419,Posthaven,"0,9366884087"
CLIENTE572,Osaria,"0,9368129311"
CLIENTE137,Windscar,"0,9368598906"
CLIENTE549,Imre,"0,9368791105"
CLIENTE169,Winhill,"0,9368794494"
CLIENTE133,Lyngard,"0,9368801917"
CLIENTE225,Valisthea,"0,9369078496"
CLIENTE13,Cairhien,"0,9373017402"
CLIENTE459,Ykoura,"0,9373742379"
CLIENTE62,Walden,"0,9374221197"
CLIENTE480,Nenaris,"0,9376583124"
CLIENTE631,Deepwater,"0,9376729252"
CLIENTE435,Solhara,"0,9376857721"
CLIENTE290,Nighthaven,"0,9376895465"
CLIENTE33,Thalassar,"0,9377728774"
CLIENTE439,Morrowind,"0,9378021721"
CLIENTE294,Namek,"0,9378075705"
CLIENTE155,Ulthar,"0,9379181001"
CLIENTE638,Perseon,"0,9381582287"
CLIENTE356,Cartheia,"0,9382680525"
CLIENTE540,Seireitei,"0,9382775618"
CLIENTE252,Klunheim,"0,938348448"
CLIENTE106,Deeptrench,"0,9384006577"
CLIENTE560,Solstheim,"0,9384979505"
CLIENTE690,Kharon,"0,9385649968"
CLIENTE312,Nyagara,"0,9386957729"
CLIENTE200,Deepwater,"0,9387845687"
CLIENTE603,Johto,"0,9389003986"
CLIENTE130,Humeria,"0,9389047085"
CLIENTE482,Eredin,"0,9389237244"
CLIENTE322,Elysor,"0,9389631015"
CLIENTE185,Klunheim,"0,9389646558"
CLIENTE161,Nibelheim,"0,938977617"
CLIENTE165,Nyagara,"0,9390169916"
CLIENTE445,Morrowind,"0,9391047909"
CLIENTE198,Hazoria,"0,9392002169"
CLIENTE345,Ossandor,"0,9392754033"
CLIENTE470,Inoria,"0,9393066746"
CLIENTE452,Askr,"0,9393976522"
CLIENTE513,Inoria,"0,9395471563"
CLIENTE91,Konoha,"0,9395846697"
CLIENTE540,Ironfall,"0,9396521149"
CLIENTE497,Tartarus,"0,939669219"
CLIENTE537,Dirtmouth,"0,9397935803"
CLIENTE42,Tartarus,"0,9398109742"
CLIENTE384,Besaid,"0,9398647542"
CLIENTE283,Haldryn,"0,9399121778"
CLIENTE202,Duskwall,"0,9400769125"
CLIENTE31,Prontera,"0,9400939249"
CLIENTE367,Mountglass,"0,940106453"
CLIENTE133,Namek,"0,9401287947"
CLIENTE490,Sunreach,"0,940338408"
CLIENTE489,Besaid,"0,9403730187"
CLIENTE308,Ulthar,"0,9403851879"
CLIENTE189,Cairhien,"0,9403965551"
CLIENTE574,Windscar,"0,9406201535"
CLIENTE2,Solstheim,"0,9407304309"
CLIENTE493,Kandor,"0,9409288726"
CLIENTE380,Galdrin,"0,941035451"
CLIENTE254,Prontera,"0,9411190297"
CLIENTE203,Nassauia,"0,9411304442"
CLIENTE594,Philgaia,"0,9412806417"
CLIENTE599,Rivenspire,"0,9414652593"
CLIENTE394,Qineth,"0,9414668281"
CLIENTE220,Mountglass,"0,9415112025"
CLIENTE353,Brightfall,"0,9415261339"
CLIENTE108,Ironfall,"0,9415293342"
CLIENTE677,Cartheia,"0,9415395156"
CLIENTE217,Paldea,"0,9415477828"
CLIENTE426,Jakura,"0,9416341311"
CLIENTE222,Pausen,"0,9416853893"
CLIENTE405,Rocabar,"0,9418771207"
CLIENTE673,Rocabar,"0,9420823856"
CLIENTE450,Hogwarts,"0,942114627"
CLIENTE619,Hollowmar,"0,9421283458"
CLIENTE380,Yeygard,"0,9422266433"
CLIENTE133,Kandor,"0,942245315"
CLIENTE475,Ranskar,"0,9422586959"
CLIENTE564,Valyria,"0,9423622121"
CLIENTE411,Haldryn,"0,9425149293"
CLIENTE657,Ivalice,"0,9425279966"
CLIENTE131,Sidora,"0,9425392495"
CLIENTE452,Deepwater,"0,9426073934"
CLIENTE409,Koktahl,"0,9426926296"
CLIENTE86,Mythra,"0,9427166312"
CLIENTE189,Sectorium,"0,9427946663"
CLIENTE132,Imre,"0,9428353587"
CLIENTE220,Termina,"0,9430781816"
CLIENTE363,Hazoria,"0,9430921951"
CLIENTE494,Alabasta,"0,943111599"
CLIENTE621,Jadehold,"0,9432422119"
CLIENTE502,Zanarkand,"0,943291454"
CLIENTE551,Deliora,"0,9433873091"
CLIENTE661,Solhara,"0,9434768947"
CLIENTE544,Melvara,"0,9434874182"
CLIENTE667,Stevanor,"0,9435234722"
CLIENTE618,Savois,"0,9435286685"
CLIENTE352,Salvaris,"0,9435504273"
CLIENTE266,Marineford,"0,943804766"
CLIENTE479,Ishgard,"0,9438932855"
CLIENTE203,Inoria,"0,9439838076"
CLIENTE297,Perseon,"0,9441469882"
CLIENTE598,Osaria,"0,9442918411"
CLIENTE41,Tartarus,"0,9443790061"
CLIENTE457,Stormbar,"0,9444455216"
CLIENTE82,Surakai,"0,9444611699"
CLIENTE432,Zaphura,"0,9444679946"
CLIENTE170,Viscara,"0,9446591259"
CLIENTE296,Tahlenwald,"0,9446765713"
CLIENTE651,Sunreach,"0,9446865793"
CLIENTE412,Brakmar,"0,9448734826"
CLIENTE192,Bethlehem,"0,9449114454"
CLIENTE401,Tomarath,"0,9449668798"
CLIENTE97,Midgar,"0,9449822968"
CLIENTE582,Jadehold,"0,9450389756"
CLIENTE567,Lochbar,"0,9451295232"
CLIENTE520,Fernwall,"0,9452029523"
CLIENTE466,Valyria,"0,9454180645"
CLIENTE103,Surakai,"0,9454656254"
CLIENTE268,Zanarkand,"0,9454898632"
CLIENTE224,Uinhold,"0,9454996703"
CLIENTE189,Kakariko,"0,9456292675"
CLIENTE283,Mythra,"0,9459326011"
CLIENTE395,Drinmoor,"0,9459588221"
CLIENTE314,Nibelheim,"0,9459849727"
CLIENTE393,Nosgoth,"0,9460316428"
CLIENTE16,Seireitei,"0,9461139187"
CLIENTE11,Valisthea,"0,9461740864"
CLIENTE633,Hazoria,"0,9463252659"
CLIENTE59,Aeusserst,"0,9463796064"
CLIENTE399,Nibelheim,"0,9464347127"
CLIENTE253,Sunreach,"0,9464821867"
CLIENTE267,Targalon,"0,9464920038"
CLIENTE700,Lathen,"0,9465132145"
CLIENTE426,Namek,"0,9465205699"
CLIENTE42,Deeptrench,"0,9468772759"
CLIENTE280,Aeusserst,"0,9469195178"
CLIENTE286,Zuldazar,"0,9470320973"
CLIENTE92,Nibelheim,"0,9470386717"
CLIENTE271,Jadehold,"0,9471029898"
CLIENTE475,Salvaris,"0,9471854943"
CLIENTE323,Mythra,"0,9472104959"
CLIENTE669,Thalassar,"0,9472922364"
CLIENTE144,Ivalice,"0,9473211966"
CLIENTE648,Perseon,"0,9475236021"
CLIENTE593,Kandor,"0,9475387937"
CLIENTE154,Stormbar,"0,9478156063"
CLIENTE193,Uinhold,"0,9478353308"
CLIENTE221,Brightfall,"0,9478820589"
CLIENTE388,Manifold,"0,9479534359"
CLIENTE619,Quasmar,"0,9480017756"
CLIENTE45,Inoria,"0,9480667041"
CLIENTE612,Huern,"0,9480906804"
CLIENTE648,Savois,"0,948105908"
CLIENTE254,Muskara,"0,9482284948"
CLIENTE299,Solstheim,"0,9482684152"
CLIENTE440,Hyrule,"0,948466315"
CLIENTE429,Hogwarts,"0,9484851732"
CLIENTE139,Azural,"0,9485428952"
CLIENTE582,Posthaven,"0,9485499244"
CLIENTE47,Salvaris,"0,9487915397"
CLIENTE216,Tempestia,"0,9488106602"
CLIENTE242,Mythra,"0,9488302395"
CLIENTE427,Koktahl,"0,9488657892"
CLIENTE177,Mountglass,"0,9488925841"
CLIENTE658,Ichoris,"0,948911412"
CLIENTE207,Riorin,"0,9490052271"
CLIENTE538,Amoneth,"0,9491014079"
CLIENTE333,Walden,"0,9491623321"
CLIENTE475,Quasmar,"0,9492425284"
CLIENTE582,Imre,"0,9494291953"
CLIENTE596,Azkaban,"0,9494613283"
CLIENTE173,Kharon,"0,9495705972"
CLIENTE577,Shadowpeak,"0,9498077277"
CLIENTE463,Hogwarts,"0,9499981338"
CLIENTE505,Cartheia,"0,9501067333"
CLIENTE28,Chenara,"0,9501358189"
CLIENTE469,Deeptrench,"0,9504510946"
CLIENTE567,Northfall,"0,9504926421"
CLIENTE399,Mountglass,"0,9505152275"
CLIENTE632,Noctis,"0,9506462165"
CLIENTE108,Jindara,"0,9507111818"
CLIENTE361,Wuhaven,"0,9507728016"
CLIENTE689,Duskwall,"0,9508801546"
CLIENTE414,Limoria,"0,9508990444"
CLIENTE562,Tchurion,"0,9509126417"
CLIENTE173,Lothlorien,"0,9509232737"
CLIENTE452,Perseon,"0,9509500347"
CLIENTE148,Tutira,"0,9509533576"
CLIENTE368,Bethlehem,"0,9511373057"
CLIENTE527,Kobaris,"0,9511489199"
CLIENTE353,Besaid,"0,9511662133"
CLIENTE42,Azkaban,"0,9512941657"
CLIENTE174,Perseon,"0,9513667118"
CLIENTE68,Yatora,"0,9514222764"
CLIENTE599,Valyria,"0,9514783013"
CLIENTE88,Mythra,"0,9516434008"
CLIENTE188,Deepwater,"0,9516441897"
CLIENTE209,Kobaris,"0,9516627909"
CLIENTE280,Kobaris,"0,9517208181"
CLIENTE94,Zanarkand,"0,9517577115"
CLIENTE395,Winhill,"0,9517802246"
CLIENTE249,Skyreach,"0,9518090634"
CLIENTE269,Glenhaven,"0,9518151208"
CLIENTE613,Altissia,"0,9519193493"
CLIENTE476,Tuxara,"0,9519616205"
CLIENTE112,Jadehold,"0,9521228626"
CLIENTE36,Quasmar,"0,9523313546"
CLIENTE493,Kobaris,"0,9523333924"
CLIENTE122,Kandor,"0,9523881406"
CLIENTE343,Jindara,"0,9526734953"
CLIENTE112,Sableport,"0,9527059227"
CLIENTE269,Northfall,"0,9528215762"
CLIENTE669,Obsidian,"0,9529406096"
CLIENTE341,Seireitei,"0,9529427674"
CLIENTE269,Humeria,"0,9529784487"
CLIENTE521,Osaria,"0,9530144283"
CLIENTE80,Xinthar,"0,9530536872"
CLIENTE170,Raumor,"0,9531566996"
CLIENTE80,Tempestia,"0,9532942545"
CLIENTE312,Wuhaven,"0,9532978511"
CLIENTE631,Humeria,"0,953680575"
CLIENTE454,Brightfall,"0,9539224488"
CLIENTE458,Bethlehem,"0,9542144149"
CLIENTE467,Valyria,"0,9542438404"
CLIENTE596,Nenaris,"0,954288741"
CLIENTE399,Swindale,"0,9544017412"
CLIENTE73,Seireitei,"0,9545901458"
CLIENTE66,Ishgard,"0,9545906117"
CLIENTE135,Deeptrench,"0,9546879158"
CLIENTE299,Frosthelm,"0,9549155266"
CLIENTE597,Wuhaven,"0,9550241498"
CLIENTE621,Uinhold,"0,9550767727"
CLIENTE405,Wuhaven,"0,9551522137"
CLIENTE467,Besaid,"0,955178557"
CLIENTE641,Salvaris,"0,9552622132"
CLIENTE595,Walden,"0,955560942"
CLIENTE92,Altissia,"0,9555955433"
CLIENTE336,Ishgard,"0,9556042252"
CLIENTE477,Calcara,"0,9557542231"
CLIENTE270,Kharon,"0,9558102429"
CLIENTE156,Fernwall,"0,9558291309"
CLIENTE360,Sectorium,"0,9558352464"
CLIENTE645,Grimvale,"0,9558434648"
CLIENTE135,Hollowmar,"0,955862566"
CLIENTE340,Greywatch,"0,955921281"
CLIENTE513,Stevanor,"0,9559238966"
CLIENTE424,Khengar,"0,9561076022"
CLIENTE16,Imre,"0,9562251353"
CLIENTE110,Tuxara,"0,9562734941"
CLIENTE372,Kharon,"0,9564250059"
CLIENTE438,Piscara,"0,9565310576"
CLIENTE683,Drinmoor,"0,956564041"
CLIENTE167,Brakmar,"0,9568496134"
CLIENTE394,Thalassar,"0,9568771521"
CLIENTE654,Ranskar,"0,957055163"
CLIENTE429,Walden,"0,9570558389"
CLIENTE568,Johto,"0,9570614358"
CLIENTE335,Kragspire,"0,9571373203"
CLIENTE663,Yokara,"0,957243645"
CLIENTE66,Windscar,"0,9573102091"
CLIENTE265,Jindara,"0,9574643145"
CLIENTE397,Sethera,"0,9575254414"
CLIENTE360,Calcara,"0,9575695021"
CLIENTE152,Lathen,"0,9576266808"
CLIENTE251,Helheim,"0,9576392672"
CLIENTE601,Mountglass,"0,9577146143"
CLIENTE448,Ichoris,"0,9577359951"
CLIENTE470,Windscar,"0,9577412686"
CLIENTE582,Aeusserst,"0,9577541916"
CLIENTE524,Stonegate,"0,9578850213"
CLIENTE460,Prontera,"0,9579190326"
CLIENTE401,Surakai,"0,9581521387"
CLIENTE514,Solstheim,"0,9581786322"
CLIENTE83,Sunreach,"0,9582252319"
CLIENTE499,Jindara,"0,9582833853"
CLIENTE82,Casperia,"0,9583474076"
CLIENTE267,Besaid,"0,9586250091"
CLIENTE710,Rlyeh,"0,9588305497"
CLIENTE470,Highspire,"0,9588438257"
CLIENTE577,Marineford,"0,9590215382"
CLIENTE499,Fernwall,"0,9591529669"
CLIENTE105,Mountglass,"0,9591870689"
CLIENTE507,Tchurion,"0,9592447425"
CLIENTE504,Laputa,"0,9592847001"
CLIENTE167,Dragmere,"0,9593670838"
CLIENTE447,Galdrin,"0,9596453333"
CLIENTE230,Promethea,"0,9597395075"
CLIENTE519,Melvara,"0,9597630929"
CLIENTE653,Kharon,"0,9600129682"
CLIENTE25,Brightfall,"0,9600188073"
CLIENTE259,Brightfall,"0,9600755508"
CLIENTE639,Glenhaven,"0,9603050503"
CLIENTE326,Swindale,"0,960427004"
CLIENTE465,Mondstadt,"0,9604474703"
CLIENTE229,Duskwall,"0,960489264"
CLIENTE453,Tutira,"0,960514733"
CLIENTE689,Hollowmar,"0,9605401694"
CLIENTE625,Perseon,"0,9606053728"
CLIENTE14,Nurmengard,"0,9606423499"
CLIENTE160,Ranskar,"0,9607148354"
CLIENTE417,Tchurion,"0,9608432457"
CLIENTE179,TwinPillars,"0,9608865076"
CLIENTE32,Ishgard,"0,9609327815"
CLIENTE618,Iyomar,"0,9610278922"
CLIENTE21,Duskwall,"0,9610283379"
CLIENTE489,Zaphura,"0,9610561692"
CLIENTE425,Hazoria,"0,9610610847"
CLIENTE585,Iyomar,"0,9613186925"
CLIENTE471,Uinhold,"0,9613966221"
CLIENTE378,Manshade,"0,9614669364"
CLIENTE211,Tempestia,"0,9615148919"
CLIENTE416,Philgaia,"0,961795372"
CLIENTE128,Huern,"0,9620040594"
CLIENTE130,Bethlehem,"0,9620153192"
CLIENTE552,Cairhien,"0,9620208759"
CLIENTE452,Humeria,"0,9621558409"
CLIENTE685,Rivenspire,"0,962217179"
CLIENTE464,Manshade,"0,9626018512"
CLIENTE249,Koktahl,"0,9626172351"
CLIENTE420,Hyrule,"0,9629479676"
CLIENTE370,Resembool,"0,9629687717"
CLIENTE299,Ichoris,"0,9629743818"
CLIENTE2,Amoneth,"0,9630207065"
CLIENTE83,Tahlenwald,"0,9631066597"
CLIENTE563,Alabasta,"0,9632687988"
CLIENTE233,Yenfall,"0,9632786765"
CLIENTE319,Zanarkand,"0,9633125097"
CLIENTE331,Shadowpeak,"0,9633803922"
CLIENTE2,Uinhold,"0,9634573237"
CLIENTE291,Zuldazar,"0,9634699605"
CLIENTE408,Jindara,"0,963535903"
CLIENTE85,Johto,"0,9640398921"
CLIENTE367,Frosthelm,"0,964103061"
CLIENTE133,Zaphura,"0,964151495"
CLIENTE107,Resembool,"0,9642635714"
CLIENTE530,Kakariko,"0,9643409834"
CLIENTE674,Grimvale,"0,9643926131"
CLIENTE284,Shadowpeak,"0,9645332912"
CLIENTE556,Frosthelm,"0,9646351711"
CLIENTE197,Dirtmouth,"0,9647242617"
CLIENTE678,Highspire,"0,9647806305"
CLIENTE659,Philgaia,"0,9647898032"
CLIENTE227,Skyreach,"0,9651567706"
CLIENTE299,Tomarath,"0,9651777533"
CLIENTE9,Highspire,"0,9652552568"
CLIENTE571,Ashkora,"0,965339135"
CLIENTE110,Nenaris,"0,9655238644"
CLIENTE548,Pausen,"0,9656496125"
CLIENTE272,Philgaia,"0,9656563376"
CLIENTE531,Philgaia,"0,9657323022"
CLIENTE30,Xinthar,"0,9661446209"
CLIENTE158,Tarbean,"0,9663363333"
CLIENTE582,Chenara,"0,9664158374"
CLIENTE595,Grimvale,"0,9664598215"
CLIENTE606,Piscara,"0,9664635566"
CLIENTE386,Casperia,"0,9666227498"
CLIENTE172,Quasmar,"0,9668273322"
CLIENTE222,Tartarus,"0,9668315942"
CLIENTE569,Ngorim,"0,9668436283"
CLIENTE513,Lochbar,"0,9668691499"
CLIENTE498,Perseon,"0,9669590386"
CLIENTE690,Savois,"0,9669601272"
CLIENTE672,Rivenspire,"0,9670420303"
CLIENTE51,Valisthea,"0,9672000829"
CLIENTE672,Ashkora,"0,9672577525"
CLIENTE257,Shadowpeak,"0,9672708672"
CLIENTE363,Yeygard,"0,9672837042"
CLIENTE650,Morrowind,"0,9673425195"
CLIENTE249,Tempestia,"0,9674415073"
CLIENTE577,Amoneth,"0,9675126311"
CLIENTE81,Sidora,"0,9676585002"
CLIENTE298,TwinPillars,"0,9677401041"
CLIENTE711,Askr,"0,9678510558"
CLIENTE531,Jadehold,"0,9679057196"
CLIENTE138,Pillarreach,"0,9679306385"
CLIENTE630,Azural,"0,967932509"
CLIENTE402,Manshade,"0,9679448971"
CLIENTE130,Galdrin,"0,9679585062"
CLIENTE602,Lothlorien,"0,9679966859"
CLIENTE364,Xinthar,"0,9682601287"
CLIENTE78,Valyria,"0,9683577291"
CLIENTE433,Casperia,"0,9683693977"
CLIENTE652,Morrowind,"0,9687689963"
CLIENTE420,Jadehold,"0,9687847958"
CLIENTE392,Yenfall,"0,9688129965"
CLIENTE131,Morrowind,"0,96887568"
CLIENTE490,Tarbean,"0,9689102781"
CLIENTE208,Azkaban,"0,9689229852"
CLIENTE447,Marineford,"0,969080121"
CLIENTE146,Eredin,"0,9691341596"
CLIENTE142,Glenhaven,"0,9692520302"
CLIENTE574,Namek,"0,9692694812"
CLIENTE439,Skellige,"0,9693347418"
CLIENTE214,Viscara,"0,9695886558"
CLIENTE381,Nibelheim,"0,9697113689"
CLIENTE58,Nassauia,"0,9700052908"
CLIENTE133,Termina,"0,9700143714"
CLIENTE618,Raumor,"0,9700468023"
CLIENTE218,Johto,"0,9700590352"
CLIENTE630,Pillarreach,"0,9702744576"
CLIENTE79,Tutira,"0,9702809973"
CLIENTE31,Cairhien,"0,970371703"
CLIENTE597,Resembool,"0,9704037912"
CLIENTE652,Swindale,"0,9704971106"
CLIENTE438,Drinmoor,"0,9707525319"
CLIENTE498,Ironfall,"0,9708001635"
CLIENTE290,Fernwall,"0,9710708281"
CLIENTE553,Huern,"0,9711523412"
CLIENTE59,Tarbean,"0,9711770101"
CLIENTE38,Ossandor,"0,9711838205"
CLIENTE86,Zaphura,"0,9711927242"
CLIENTE225,Chenara,"0,9712377219"
CLIENTE500,Frosthelm,"0,9713059399"
CLIENTE405,Yatora,"0,9714719665"
CLIENTE489,Vancross,"0,9714962385"
CLIENTE62,Nighthaven,"0,9715304981"
CLIENTE54,Konoha,"0,9715537715"
CLIENTE61,Stevanor,"0,9715587768"
CLIENTE165,Mythra,"0,9716886131"
CLIENTE709,Hogwarts,"0,9718155802"
CLIENTE713,Skyreach,"0,9718389654"
CLIENTE278,Manifold,"0,9719062743"
CLIENTE74,Kharon,"0,9720030967"
CLIENTE432,Lathen,"0,972050228"
CLIENTE160,Imre,"0,9720579688"
CLIENTE203,Mondstadt,"0,9720737429"
CLIENTE488,Hyrule,"0,972128468"
CLIENTE595,Pausen,"0,9722677168"
CLIENTE355,Qineth,"0,972273913"
CLIENTE494,Solstheim,"0,9724526205"
CLIENTE610,Amoneth,"0,9727034736"
CLIENTE276,Targalon,"0,9728295448"
CLIENTE301,Tarbean,"0,9728404252"
CLIENTE6,Hollowmar,"0,973074281"
CLIENTE103,Haldryn,"0,9732859292"
CLIENTE43,Askr,"0,9733490911"
CLIENTE122,Surakai,"0,9735094066"
CLIENTE159,Ishgard,"0,9736355479"
CLIENTE238,Deepwater,"0,9737225832"
CLIENTE421,Lochbar,"0,9737659514"
CLIENTE710,Amoneth,"0,9738412513"
CLIENTE683,Johto,"0,9738437375"
CLIENTE78,Laputa,"0,9740074089"
CLIENTE399,Muskara,"0,9740540577"
CLIENTE504,Rlyeh,"0,9741152207"
CLIENTE12,Melvara,"0,974123677"
CLIENTE21,Raumor,"0,9741299757"
CLIENTE199,Hogwarts,"0,9741642563"
CLIENTE235,Limoria,"0,9742128842"
CLIENTE366,TwinPillars,"0,9743185748"
CLIENTE215,Johto,"0,9743992279"
CLIENTE415,Tomarath,"0,9744793183"
CLIENTE440,TwinPillars,"0,9745502117"
CLIENTE202,Mythra,"0,9746644011"
CLIENTE175,Morrowind,"0,9747222642"
CLIENTE420,Zaphura,"0,9747677687"
CLIENTE545,Riorin,"0,9747715298"
CLIENTE141,Skellige,"0,9747978608"
CLIENTE598,Mountglass,"0,9749813836"
CLIENTE186,Paldea,"0,975058948"
CLIENTE318,Brightfall,"0,9750696869"
CLIENTE495,Nenaris,"0,9751617721"
CLIENTE524,Windscar,"0,9753102367"
CLIENTE140,Lathen,"0,9753171543"
CLIENTE535,Gerudo,"0,9755294005"
CLIENTE185,Frosthelm,"0,9755301152"
CLIENTE37,Alabasta,"0,9756278193"
CLIENTE552,Kakariko,"0,9756484644"
CLIENTE633,Tarbean,"0,9756928794"
CLIENTE569,TwinPillars,"0,9757195007"
CLIENTE504,Prontera,"0,9757542363"
CLIENTE211,Resembool,"0,975804998"
CLIENTE507,Tahlenwald,"0,9758245175"
CLIENTE336,Nibelheim,"0,9758579261"
CLIENTE624,Seireitei,"0,9759737527"
CLIENTE322,Azural,"0,976080767"
CLIENTE545,Tartarus,"0,9760826442"
CLIENTE292,Lyngard,"0,9763959751"
CLIENTE619,Promethea,"0,9764718208"
CLIENTE638,Ranskar,"0,9766429435"
CLIENTE199,Sableport,"0,97674665"
CLIENTE59,Nurmengard,"0,9769219396"
CLIENTE372,Johto,"0,976946761"
CLIENTE474,Raumor,"0,9769765168"
CLIENTE486,Windscar,"0,9770232599"
CLIENTE627,Wuhaven,"0,9770258213"
CLIENTE677,Kragspire,"0,9770302919"
CLIENTE38,Calcara,"0,9771022673"
CLIENTE448,Lochbar,"0,9772162366"
CLIENTE296,Rocabar,"0,9774649796"
CLIENTE302,Pangara,"0,9775146514"
CLIENTE7,Jakura,"0,9775309727"
CLIENTE677,Prontera,"0,9775646148"
CLIENTE250,Cartheia,"0,977589158"
CLIENTE538,Solhara,"0,9777027703"
CLIENTE33,Muskara,"0,9780868468"
CLIENTE602,Seireitei,"0,9782827818"
CLIENTE620,Elysor,"0,9783425684"
CLIENTE646,Yenfall,"0,9783754401"
CLIENTE47,Cartheia,"0,9785944452"
CLIENTE80,Sectorium,"0,9786192689"
CLIENTE25,Rlyeh,"0,9787754114"
CLIENTE560,Mythra,"0,9787765459"
CLIENTE558,Tempestia,"0,9789353186"
CLIENTE567,Gerudo,"0,9791121615"
CLIENTE355,Besaid,"0,9791603977"
CLIENTE238,Klunheim,"0,979245909"
CLIENTE498,Deepwater,"0,9792883757"
CLIENTE343,Zaphura,"0,9794061663"
CLIENTE292,Nassauia,"0,9795438661"
CLIENTE454,Yenfall,"0,9797918825"
CLIENTE562,Chenara,"0,9798783653"
CLIENTE264,Humeria,"0,9799350205"
CLIENTE119,Highspire,"0,9800581715"
CLIENTE246,Zuldazar,"0,9801572774"
CLIENTE301,Tomarath,"0,9801852552"
CLIENTE513,Resembool,"0,9801885189"
CLIENTE309,Lothlorien,"0,980319353"
CLIENTE28,Walden,"0,9804293125"
CLIENTE389,Viscara,"0,9805345412"
CLIENTE299,Yenfall,"0,9805982239"
CLIENTE383,Obsidian,"0,9807576503"
CLIENTE333,Noctis,"0,9809658971"
CLIENTE8,Iyomar,"0,980980679"
CLIENTE146,Zanarkand,"0,9809833327"
CLIENTE55,Tartarus,"0,9810896272"
CLIENTE95,Hogwarts,"0,981119845"
CLIENTE417,Savois,"0,9811587709"
CLIENTE255,Tutira,"0,9815816531"
CLIENTE132,Skellige,"0,9816455202"
CLIENTE333,Jindara,"0,9819455697"
CLIENTE1,Posthaven,"0,9819795578"
CLIENTE68,Tarbean,"0,982113825"
CLIENTE507,Stonegate,"0,9822997683"
CLIENTE387,Targalon,"0,9823716943"
CLIENTE44,Hazoria,"0,9823824531"
CLIENTE564,Perseon,"0,9824206368"
CLIENTE591,Ashkora,"0,9825541599"
CLIENTE148,Hyrule,"0,9825669973"
CLIENTE240,Wuhaven,"0,9827606935"
CLIENTE592,Yenfall,"0,9827694796"
CLIENTE566,Mondstadt,"0,9828543894"
CLIENTE631,Nurmengard,"0,9829225025"
CLIENTE325,Pillarreach,"0,9829469201"
CLIENTE479,Kakariko,"0,9830876264"
CLIENTE62,Tahlenwald,"0,983299467"
CLIENTE399,Nighthaven,"0,9833070072"
CLIENTE465,Kakariko,"0,9836079991"
CLIENTE616,Sectorium,"0,9837221264"
CLIENTE164,Bethlehem,"0,98384028"
CLIENTE262,Northfall,"0,9839204469"
CLIENTE445,Salvaris,"0,9839443387"
CLIENTE400,Calcara,"0,9841131094"
CLIENTE88,Nighthaven,"0,9841260459"
CLIENTE128,Sectorium,"0,9841396671"
CLIENTE486,Deepwater,"0,9841729878"
CLIENTE436,Paldea,"0,984183198"
CLIENTE496,Tutira,"0,9841885198"
CLIENTE508,Dirtmouth,"0,9843239907"
CLIENTE355,Rocabar,"0,9844282564"
CLIENTE348,Casperia,"0,9845036912"
CLIENTE122,Hollowmar,"0,9846739577"
CLIENTE572,Ichoris,"0,9847371352"
CLIENTE349,Laputa,"0,9849354168"
CLIENTE525,Nenaris,"0,9850546228"
CLIENTE341,Helheim,"0,9851680302"
CLIENTE151,Lyngard,"0,9852852505"
CLIENTE294,Koktahl,"0,9852929946"
CLIENTE659,Surakai,"0,9853823441"
CLIENTE627,Cairhien,"0,9854109285"
CLIENTE165,Kakariko,"0,9855102555"
CLIENTE295,Pandora,"0,9855541847"
CLIENTE591,Philgaia,"0,9857252168"
CLIENTE147,Mythra,"0,9858400574"
CLIENTE101,Prontera,"0,9858469216"
CLIENTE222,Nenaris,"0,9858477516"
CLIENTE364,Stonegate,"0,9858843373"
CLIENTE410,Sunreach,"0,9859845353"
CLIENTE216,Azural,"0,9860248305"
CLIENTE191,Limoria,"0,9862137315"
CLIENTE89,Termina,"0,9862287693"
CLIENTE16,Ishgard,"0,9862369476"
CLIENTE498,Mythra,"0,9864930988"
CLIENTE171,Chenara,"0,9866357182"
CLIENTE301,Nibelheim,"0,9867398703"
CLIENTE399,Helheim,"0,9868500878"
CLIENTE119,Helheim,"0,986959928"
CLIENTE459,Deliora,"0,9870052567"
CLIENTE39,Windscar,"0,9870620631"
CLIENTE248,Koktahl,"0,9872900662"
CLIENTE65,Deeptrench,"0,9873930348"
CLIENTE514,Riorin,"0,9874504702"
CLIENTE433,Namek,"0,9875535283"
CLIENTE368,Huern,"0,987606384"
CLIENTE643,Nenaris,"0,987671242"
CLIENTE272,Drinmoor,"0,9877054302"
CLIENTE19,Jakura,"0,987747063"
CLIENTE513,Eredin,"0,9877803451"
CLIENTE268,Raumor,"0,9882018093"
CLIENTE227,Manifold,"0,9883214065"
CLIENTE699,Valyria,"0,988329406"
CLIENTE661,Galdrin,"0,9883642877"
CLIENTE221,Ichoris,"0,988423374"
CLIENTE399,Ulthar,"0,9886320237"
CLIENTE623,Zaphura,"0,9887437906"
CLIENTE517,Hollowmar,"0,9888323039"
CLIENTE288,Hyrule,"0,9889450607"
CLIENTE272,Prontera,"0,989055909"
CLIENTE72,Mondstadt,"0,9893454301"
CLIENTE346,Memphos,"0,9893590921"
CLIENTE194,Fernwall,"0,9893882205"
CLIENTE449,TwinPillars,"0,9894428125"
CLIENTE584,Kobaris,"0,9895253528"
CLIENTE677,Deeptrench,"0,989525367"
CLIENTE51,Ossandor,"0,9895462369"
CLIENTE376,Nenaris,"0,9896018169"
CLIENTE187,Grimvale,"0,9896275856"
CLIENTE106,Nenaris,"0,9897103684"
CLIENTE571,Mondstadt,"0,989712738"
CLIENTE412,Duskwall,"0,9898333409"
CLIENTE436,Klunheim,"0,9898693221"
CLIENTE659,Klunheim,"0,9899305359"
CLIENTE45,Noctis,"0,9900545483"
CLIENTE312,Yeygard,"0,9900773632"
CLIENTE371,Askr,"0,9900797359"
CLIENTE184,Jakura,"0,9900999184"
CLIENTE579,Drinmoor,"0,9901846448"
CLIENTE247,Posthaven,"0,9903157611"
CLIENTE647,Memphos,"0,9903459123"
CLIENTE311,Northfall,"0,9903755767"
CLIENTE309,Chenara,"0,9903950839"
CLIENTE451,Zaphura,"0,9904778308"
CLIENTE443,Cartheia,"0,9905288014"
CLIENTE642,Marineford,"0,9905980615"
CLIENTE627,Elzion,"0,9906010841"
CLIENTE298,Konoha,"0,9906726458"
CLIENTE462,Namek,"0,990724448"
CLIENTE634,Pausen,"0,9907557276"
CLIENTE700,Yatora,"0,9908920409"
CLIENTE601,Dragmere,"0,9909021384"
CLIENTE694,Altissia,"0,9909396494"
CLIENTE67,Walden,"0,991117658"
CLIENTE219,Alabasta,"0,9912815374"
CLIENTE297,Jakura,"0,9914669211"
CLIENTE190,Deeptrench,"0,9914722234"
CLIENTE267,Alabasta,"0,991625029"
CLIENTE418,Walden,"0,9916858089"
CLIENTE506,Azkaban,"0,9917420166"
CLIENTE580,Prontera,"0,9920623265"
CLIENTE470,Aeusserst,"0,992064648"
CLIENTE350,Amoneth,"0,992152971"
CLIENTE546,Yjigar,"0,9922103432"
CLIENTE638,Mondstadt,"0,9923208699"
CLIENTE631,Skyreach,"0,9923484215"
CLIENTE634,Manifold,"0,9924031919"
CLIENTE132,Nighthaven,"0,9925170749"
CLIENTE9,Quasmar,"0,9926272276"
CLIENTE165,Gerudo,"0,9926858602"
CLIENTE151,Shadowpeak,"0,9927207533"
CLIENTE398,Brakmar,"0,9930731838"
CLIENTE677,Thalassar,"0,9931158825"
CLIENTE96,Tutira,"0,9932319384"
CLIENTE654,Stevanor,"0,9932662471"
CLIENTE534,Tartarus,"0,9933069456"
CLIENTE58,Ranskar,"0,9933133314"
CLIENTE557,Hogwarts,"0,9934737042"
CLIENTE26,Haldryn,"0,9935019123"
CLIENTE653,Glenhaven,"0,9936250077"
CLIENTE290,Nenaris,"0,9938992678"
CLIENTE525,Raumor,"0,9939587075"
CLIENTE406,Swindale,"0,9941446266"
CLIENTE620,Greywatch,"0,9942365947"
CLIENTE341,Chenara,"0,9942491699"
CLIENTE511,Brightfall,"0,9942516647"
CLIENTE512,Highspire,"0,9943162506"
CLIENTE126,Valisthea,"0,9944302619"
CLIENTE473,Deliora,"0,9944719564"
CLIENTE586,Nenaris,"0,9945043656"
CLIENTE17,Wuhaven,"0,9947525471"
CLIENTE564,Jindara,"0,9947874929"
CLIENTE438,Deeptrench,"0,9947917289"
CLIENTE51,Hazoria,"0,9948018277"
CLIENTE370,Brightfall,"0,9948981457"
CLIENTE677,Osaria,"0,9949271794"
CLIENTE400,Glenhaven,"0,99498028"
CLIENTE303,Skellige,"0,9950694442"
CLIENTE572,Inoria,"0,9952351407"
CLIENTE54,Pausen,"0,9952469563"
CLIENTE52,Ishgard,"0,9954727776"
CLIENTE301,Dornfall,"0,995510236"
CLIENTE38,Liones,"0,9956286511"
CLIENTE473,Highspire,"0,9957863367"
CLIENTE460,Calcara,"0,9958789193"
CLIENTE251,Walden,"0,9960743036"
CLIENTE536,Nurmengard,"0,9964781724"
CLIENTE316,Brakmar,"0,9964843704"
CLIENTE601,Kragspire,"0,9965293515"
CLIENTE416,Iyomar,"0,9965625956"
CLIENTE74,Uinhold,"0,996823579"
CLIENTE174,Paldea,"0,9971096364"
CLIENTE422,Ngorim,"0,9971955036"
CLIENTE503,TwinPillars,"0,9972215411"
CLIENTE505,Ironfall,"0,9972278288"
CLIENTE534,Obsidian,"0,9973537208"
CLIENTE692,Kharon,"0,9973674304"
CLIENTE325,Yatora,"0,9973786052"
CLIENTE122,Muskara,"0,9974130389"
CLIENTE416,Noctis,"0,9976089499"
CLIENTE272,Lothlorien,"0,9977046689"
CLIENTE497,Solhara,"0,9977189676"
CLIENTE400,Stormhold,"0,9979739147"
CLIENTE427,Ngorim,"0,9981426335"
CLIENTE348,Walden,"0,9983457549"
CLIENTE223,Shadowpeak,"0,9983620373"
CLIENTE456,Mondstadt,"0,9983665611"
CLIENTE299,Salvaris,"0,998405931"
CLIENTE35,Deeptrench,"0,9985397561"
CLIENTE68,Pangara,"0,9987567318"
CLIENTE208,Amoneth,"0,9988942024"
CLIENTE440,Rivenspire,"0,9990208012"
CLIENTE509,Alabasta,"0,9991296499"
CLIENTE376,Solstheim,"0,9991302767"
CLIENTE150,Tchurion,"0,9991373388"
CLIENTE369,Azkaban,"0,9994187084"
CLIENTE443,Ishgard,"0,9994661955"
CLIENTE102,Raumor,"0,9995894202"
CLIENTE251,Ykoura,"0,9996851909"
CLIENTE407,Deliora,"0,9997782397"
CLIENTE394,Manshade,"0,9999437807"
CLIENTE457,Elzion,"1,000072226"
CLIENTE166,Lathen,"1,000147666"
CLIENTE52,Zanarkand,"1,000226229"
CLIENTE376,Quasmar,"1,000315887"
CLIENTE204,Shadowpeak,"1,000346268"
CLIENTE556,Koktahl,"1,000428217"
CLIENTE613,Swindale,"1,000604907"
CLIENTE21,Sableport,"1,000653034"
CLIENTE611,Tchurion,"1,000665852"
CLIENTE693,Ranskar,"1,00069326"
CLIENTE664,Shadowpeak,"1,000711056"
CLIENTE539,Pandora,"1,000825674"
CLIENTE85,Kragspire,"1,000918797"
CLIENTE553,Seireitei,"1,000940622"
CLIENTE82,Ossandor,"1,001030702"
CLIENTE117,Perseon,"1,001084263"
CLIENTE123,Targalon,"1,001295803"
CLIENTE699,Lothlorien,"1,001329055"
CLIENTE42,Raumor,"1,001469486"
CLIENTE315,Piscara,"1,001505375"
CLIENTE515,Muskara,"1,001593987"
CLIENTE265,Koktahl,"1,001855078"
CLIENTE572,Sethera,"1,001945485"
CLIENTE10,Quasmar,"1,002089125"
CLIENTE301,Galdrin,"1,002160143"
CLIENTE211,Iyomar,"1,002173112"
CLIENTE424,Lathen,"1,002205869"
CLIENTE227,Valisthea,"1,00221568"
CLIENTE621,Galdrin,"1,002268865"
CLIENTE189,Alabasta,"1,002302532"
CLIENTE593,Mythra,"1,002495475"
CLIENTE129,Zuldazar,"1,002501499"
CLIENTE53,Tchurion,"1,002640173"
CLIENTE62,Lothlorien,"1,002790714"
CLIENTE644,Iskeld,"1,003016914"
CLIENTE226,Lothlorien,"1,003044565"
CLIENTE170,Skyreach,"1,003115762"
CLIENTE582,Azkaban,"1,003204904"
CLIENTE266,Nurmengard,"1,003484777"
CLIENTE370,Hogwarts,"1,003625431"
CLIENTE257,Vancross,"1,003773679"
CLIENTE233,Surakai,"1,003794667"
CLIENTE531,Limoria,"1,004054184"
CLIENTE446,Promethea,"1,004524616"
CLIENTE305,Mondstadt,"1,004577271"
CLIENTE85,Rocabar,"1,004798256"
CLIENTE259,Hogwarts,"1,004953847"
CLIENTE596,Hogwarts,"1,004990062"
CLIENTE259,Sethera,"1,004991413"
CLIENTE383,Pausen,"1,005098901"
CLIENTE660,Hazoria,"1,005144553"
CLIENTE286,Sunreach,"1,005249606"
CLIENTE29,Humeria,"1,005345654"
CLIENTE235,Lochbar,"1,005426253"
CLIENTE687,Viscara,"1,005535255"
CLIENTE204,Imre,"1,005604048"
CLIENTE439,Jakura,"1,005646737"
CLIENTE94,Dirtmouth,"1,005649239"
CLIENTE533,Klunheim,"1,005826123"
CLIENTE31,Ishgard,"1,005848523"
CLIENTE484,TwinPillars,"1,005882453"
CLIENTE690,Ichoris,"1,005935204"
CLIENTE466,Deeptrench,"1,005947949"
CLIENTE98,Tutira,"1,005993062"
CLIENTE177,Khengar,"1,006126054"
CLIENTE305,Helheim,"1,006283666"
CLIENTE313,Alabasta,"1,006644941"
CLIENTE136,Viscara,"1,006796361"
CLIENTE228,Lathen,"1,006975777"
CLIENTE477,Hogwarts,"1,007011622"
CLIENTE398,Sectorium,"1,00703916"
CLIENTE281,Namek,"1,007160803"
CLIENTE617,Brightfall,"1,007206809"
CLIENTE514,Termina,"1,007266474"
CLIENTE700,Lochbar,"1,007296801"
CLIENTE517,Dragmere,"1,007297184"
CLIENTE184,Rocabar,"1,007318921"
CLIENTE39,Shadowpeak,"1,007556429"
CLIENTE44,Kharon,"1,007606548"
CLIENTE460,Xinthar,"1,007688844"
CLIENTE205,Manshade,"1,007761294"
CLIENTE52,Galdrin,"1,00797478"
CLIENTE28,Cartheia,"1,007980919"
CLIENTE280,Ulthar,"1,007998108"
CLIENTE596,Rlyeh,"1,00807514"
CLIENTE699,Promethea,"1,008090062"
CLIENTE1,Azural,"1,008324733"
CLIENTE110,Besaid,"1,008371226"
CLIENTE280,Deepwater,"1,008384852"
CLIENTE393,Brightfall,"1,008524927"
CLIENTE527,Eredin,"1,008534259"
CLIENTE254,Alabasta,"1,0086532"
CLIENTE629,Muskara,"1,008714975"
CLIENTE17,Lathen,"1,008915117"
CLIENTE507,Namek,"1,009174687"
CLIENTE482,Johto,"1,009298225"
CLIENTE87,Stormhold,"1,009310065"
CLIENTE46,Deliora,"1,00937438"
CLIENTE506,Greywatch,"1,00937766"
CLIENTE520,Lochbar,"1,0093966"
CLIENTE209,Qineth,"1,009403199"
CLIENTE554,Promethea,"1,00944997"
CLIENTE561,Khengar,"1,009554116"
CLIENTE74,Surakai,"1,009557417"
CLIENTE389,Walden,"1,009882406"
CLIENTE4,Northfall,"1,009883198"
CLIENTE332,Helheim,"1,010256306"
CLIENTE368,Hyrule,"1,010352074"
CLIENTE200,Xinthar,"1,010472717"
CLIENTE39,Zuldazar,"1,010542454"
CLIENTE176,Pangara,"1,010609402"
CLIENTE569,Dornfall,"1,010669323"
CLIENTE663,Haldryn,"1,011238931"
CLIENTE42,Kharon,"1,01141354"
CLIENTE694,Qineth,"1,011418907"
CLIENTE677,Ichoris,"1,011772653"
CLIENTE258,Liones,"1,011833858"
CLIENTE527,Klunheim,"1,011950698"
CLIENTE630,Iskeld,"1,011967001"
CLIENTE634,Cartheia,"1,012074264"
CLIENTE112,Humeria,"1,01208613"
CLIENTE599,Nosgoth,"1,012275333"
CLIENTE417,Northfall,"1,01231309"
CLIENTE124,Swindale,"1,012447788"
CLIENTE548,Ironfall,"1,012484013"
CLIENTE263,Sidora,"1,012534259"
CLIENTE587,Brakmar,"1,012719478"
CLIENTE7,Grimvale,"1,012836977"
CLIENTE466,Kobaris,"1,012914277"
CLIENTE416,Rlyeh,"1,013021048"
CLIENTE310,Windscar,"1,013077012"
CLIENTE522,Melvara,"1,013252467"
CLIENTE25,Highspire,"1,013360295"
CLIENTE11,Ngorim,"1,013373208"
CLIENTE123,Tuxara,"1,01345115"
CLIENTE78,Konoha,"1,013486863"
CLIENTE232,Laputa,"1,013588759"
CLIENTE607,Pangara,"1,013843938"
CLIENTE641,Stormbar,"1,013959363"
CLIENTE30,Vancross,"1,014089872"
CLIENTE649,Lothlorien,"1,014103167"
CLIENTE469,Azkaban,"1,01416209"
CLIENTE190,Lothlorien,"1,014250067"
CLIENTE495,Azkaban,"1,014251626"
CLIENTE265,Pangara,"1,014280083"
CLIENTE620,Tchurion,"1,014384317"
CLIENTE330,Jindara,"1,014561178"
CLIENTE542,Pandora,"1,014594526"
CLIENTE153,Nosgoth,"1,014601472"
CLIENTE632,Spira,"1,014651133"
CLIENTE370,TwinPillars,"1,014765875"
CLIENTE357,Obsidian,"1,014985169"
CLIENTE52,Bethlehem,"1,015174678"
CLIENTE707,Lochbar,"1,015184694"
CLIENTE256,Sunreach,"1,015217394"
CLIENTE620,Klunheim,"1,015366886"
CLIENTE164,Hogwarts,"1,015383294"
CLIENTE372,Hollowmar,"1,015436616"
CLIENTE216,Northfall,"1,015602122"
CLIENTE26,Pangara,"1,015711936"
CLIENTE480,Liones,"1,015810755"
CLIENTE198,Pausen,"1,016087425"
CLIENTE505,Lochbar,"1,016105923"
CLIENTE135,Eredin,"1,016130019"
CLIENTE450,Nighthaven,"1,016132235"
CLIENTE96,Termina,"1,016223905"
CLIENTE682,Yenfall,"1,016357589"
CLIENTE26,Sectorium,"1,016404869"
CLIENTE135,Melvara,"1,016609522"
CLIENTE22,Dornfall,"1,016789088"
CLIENTE411,Liones,"1,016829041"
CLIENTE609,Manifold,"1,016856148"
CLIENTE583,Nosgoth,"1,016880124"
CLIENTE522,Nenaris,"1,016950662"
CLIENTE232,Stonegate,"1,017174093"
CLIENTE475,Prontera,"1,017341504"
CLIENTE657,Kobaris,"1,017360848"
CLIENTE181,Kakariko,"1,017387243"
CLIENTE681,Ranskar,"1,017461219"
CLIENTE217,Perseon,"1,017565123"
CLIENTE80,Stormhold,"1,017587187"
CLIENTE672,Zuldazar,"1,017588394"
CLIENTE25,Eredin,"1,017597998"
CLIENTE253,Ashkora,"1,017857256"
CLIENTE283,Skellige,"1,017936913"
CLIENTE495,Altissia,"1,018030706"
CLIENTE381,Rlyeh,"1,018097707"
CLIENTE220,Viscara,"1,018105435"
CLIENTE133,Prontera,"1,018262129"
CLIENTE402,Viscara,"1,018332683"
CLIENTE694,Salvaris,"1,018584708"
CLIENTE123,Casperia,"1,01874011"
CLIENTE572,Frosthelm,"1,018754129"
CLIENTE512,Lyngard,"1,01891653"
CLIENTE302,Pandora,"1,019027564"
CLIENTE613,Shadowpeak,"1,019227779"
CLIENTE504,Dornfall,"1,019265993"
CLIENTE324,Dragmere,"1,019309858"
CLIENTE150,Zanarkand,"1,019391188"
CLIENTE151,Nyagara,"1,019503838"
CLIENTE95,Iyomar,"1,01951494"
CLIENTE616,Kakariko,"1,019592234"
CLIENTE231,Zaphura,"1,019622513"
CLIENTE243,Grimvale,"1,019702609"
CLIENTE691,Rlyeh,"1,01994669"
CLIENTE493,Hollowmar,"1,020024616"
CLIENTE176,Deliora,"1,020024707"
CLIENTE216,Memphos,"1,020327121"
CLIENTE303,Viscara,"1,020334386"
CLIENTE622,Ironfall,"1,020341636"
CLIENTE302,Glenhaven,"1,020490907"
CLIENTE419,Skyreach,"1,020518416"
CLIENTE99,Khengar,"1,020636447"
CLIENTE260,Pillarreach,"1,020715071"
CLIENTE507,Morrowind,"1,020738057"
CLIENTE619,Kobaris,"1,020823404"
CLIENTE631,Stormhold,"1,020881859"
CLIENTE52,Wuhaven,"1,021151468"
CLIENTE325,Kakariko,"1,021160793"
CLIENTE590,Nighthaven,"1,021208367"
CLIENTE259,Frosthelm,"1,021322798"
CLIENTE267,Winhill,"1,021708184"
CLIENTE357,Tempestia,"1,021758891"
CLIENTE22,Hogwarts,"1,021870383"
CLIENTE187,Riorin,"1,021873271"
CLIENTE557,Tchurion,"1,021894331"
CLIENTE307,Yatora,"1,021908309"
CLIENTE177,Sidora,"1,022064281"
CLIENTE711,Elzion,"1,022180516"
CLIENTE586,Imre,"1,022256542"
CLIENTE427,Manshade,"1,02232942"
CLIENTE349,Zaphura,"1,022444552"
CLIENTE487,Yokara,"1,022812702"
CLIENTE363,Wuhaven,"1,022853766"
CLIENTE419,Paldea,"1,022876257"
CLIENTE433,Jakura,"1,022971946"
CLIENTE120,Hyrule,"1,022973562"
CLIENTE243,Hazoria,"1,023041753"
CLIENTE208,Klunheim,"1,023260351"
CLIENTE707,Johto,"1,023272706"
CLIENTE100,Alabasta,"1,023361096"
CLIENTE625,Sethera,"1,023415102"
CLIENTE150,Zuldazar,"1,023453016"
CLIENTE286,Paldea,"1,023548653"
CLIENTE13,Dragmere,"1,023588059"
CLIENTE355,Ironfall,"1,023649559"
CLIENTE248,Swindale,"1,023798506"
CLIENTE157,TwinPillars,"1,02382102"
CLIENTE359,Riorin,"1,023898229"
CLIENTE156,Altissia,"1,023980442"
CLIENTE530,Philgaia,"1,023983431"
CLIENTE660,Philgaia,"1,024007963"
CLIENTE154,Ngorim,"1,024088011"
CLIENTE38,Solhara,"1,02428122"
CLIENTE290,Swindale,"1,024429172"
CLIENTE104,Piscara,"1,02449102"
CLIENTE568,Dornfall,"1,024647172"
CLIENTE403,Obsidian,"1,02473007"
CLIENTE361,Iyomar,"1,024923762"
CLIENTE284,Namek,"1,025075483"
CLIENTE313,Helheim,"1,025159057"
CLIENTE360,Frosthelm,"1,025198362"
CLIENTE207,Nenaris,"1,025344253"
CLIENTE375,Duskwall,"1,02539251"
CLIENTE707,Noctis,"1,02539394"
CLIENTE648,Azural,"1,025510429"
CLIENTE652,Altissia,"1,025595813"
CLIENTE702,Sethera,"1,025653248"
CLIENTE361,Piscara,"1,025699182"
CLIENTE526,Humeria,"1,02572159"
CLIENTE445,Manifold,"1,026238708"
CLIENTE502,Khengar,"1,026418049"
CLIENTE446,Tchurion,"1,026562224"
CLIENTE22,Stevanor,"1,026571755"
CLIENTE320,Sidora,"1,026663081"
CLIENTE408,Duskwall,"1,026688369"
CLIENTE18,Ranskar,"1,02669271"
CLIENTE272,Ykoura,"1,02679432"
CLIENTE520,Elzion,"1,026800474"
CLIENTE212,Zaphura,"1,027078735"
CLIENTE311,Jadehold,"1,027164543"
CLIENTE28,Midgar,"1,027432617"
CLIENTE40,Posthaven,"1,027466907"
CLIENTE360,Tahlenwald,"1,027881895"
CLIENTE713,Inoria,"1,027970625"
CLIENTE393,Hazoria,"1,028009419"
CLIENTE503,Tomarath,"1,028110984"
CLIENTE530,Casperia,"1,028150938"
CLIENTE238,Highspire,"1,028171716"
CLIENTE269,Klunheim,"1,028189063"
CLIENTE631,Rocabar,"1,028215861"
CLIENTE547,Sidora,"1,028268844"
CLIENTE539,Nibelheim,"1,028354586"
CLIENTE379,Lyngard,"1,028463144"
CLIENTE221,Viscara,"1,028621357"
CLIENTE282,Surakai,"1,028754849"
CLIENTE267,Laputa,"1,028884674"
CLIENTE379,Brightfall,"1,029023734"
CLIENTE12,Ranskar,"1,029229411"
CLIENTE463,Elysor,"1,029288343"
CLIENTE405,Nibelheim,"1,029490204"
CLIENTE443,Ashkora,"1,029538513"
CLIENTE372,Sethera,"1,029612128"
CLIENTE95,Stonegate,"1,029656297"
CLIENTE515,Elysor,"1,029794427"
CLIENTE343,Memphos,"1,029863557"
CLIENTE582,Skyreach,"1,029886031"
CLIENTE299,Klunheim,"1,029943006"
CLIENTE527,Ngorim,"1,029982497"
CLIENTE428,Elysor,"1,030084978"
CLIENTE705,Tchurion,"1,030176347"
CLIENTE409,Manifold,"1,0302134"
CLIENTE230,Vancross,"1,030370861"
CLIENTE631,Hyrule,"1,030382376"
CLIENTE570,Bethlehem,"1,030499312"
CLIENTE647,Pillarreach,"1,030623788"
CLIENTE572,Azkaban,"1,030744382"
CLIENTE88,Sableport,"1,030759212"
CLIENTE459,Quasmar,"1,030772596"
CLIENTE598,Kragspire,"1,030783868"
CLIENTE185,Tchurion,"1,030896792"
CLIENTE378,Solhara,"1,030977661"
CLIENTE658,Valyria,"1,031151554"
CLIENTE669,Yjigar,"1,031197803"
CLIENTE366,Lochbar,"1,031221672"
CLIENTE363,Tarbean,"1,031685241"
CLIENTE386,Spira,"1,031753663"
CLIENTE434,Laputa,"1,031782911"
CLIENTE597,Dirtmouth,"1,031790988"
CLIENTE217,Nassauia,"1,031821303"
CLIENTE660,Lyngard,"1,031905051"
CLIENTE620,Zanarkand,"1,031959059"
CLIENTE263,Jadehold,"1,031999469"
CLIENTE222,Ykoura,"1,03205905"
CLIENTE622,Perseon,"1,032188779"
CLIENTE260,Jindara,"1,032331859"
CLIENTE187,Mountglass,"1,03266349"
CLIENTE17,Walden,"1,032715506"
CLIENTE285,Pausen,"1,032750272"
CLIENTE696,Elysor,"1,032762557"
CLIENTE160,Muskara,"1,032765067"
CLIENTE146,Konoha,"1,032882207"
CLIENTE518,Sectorium,"1,033027455"
CLIENTE638,Laputa,"1,033205118"
CLIENTE91,Pangara,"1,033408574"
CLIENTE274,Manshade,"1,033585754"
CLIENTE79,Lyngard,"1,033829804"
CLIENTE43,Posthaven,"1,034056802"
CLIENTE130,Ulthar,"1,034143443"
CLIENTE346,Zanarkand,"1,034283728"
CLIENTE37,Jakura,"1,034311479"
CLIENTE319,Azural,"1,034401692"
CLIENTE679,Kobaris,"1,034440672"
CLIENTE180,Nosgoth,"1,034537216"
CLIENTE444,Resembool,"1,034611273"
CLIENTE315,Ykoura,"1,034619867"
CLIENTE679,Fernwall,"1,034650234"
CLIENTE364,Yeygard,"1,034721976"
CLIENTE701,Askr,"1,03477729"
CLIENTE324,Surakai,"1,034777543"
CLIENTE484,Piscara,"1,034846596"
CLIENTE171,Ishgard,"1,034996811"
CLIENTE133,Tartarus,"1,03518499"
CLIENTE9,Surakai,"1,035217626"
CLIENTE357,Spira,"1,035388844"
CLIENTE191,Swindale,"1,0354088"
CLIENTE151,Rivenspire,"1,035429522"
CLIENTE550,Uinhold,"1,035450198"
CLIENTE712,Jakura,"1,03550763"
CLIENTE248,Spira,"1,035510972"
CLIENTE254,Imre,"1,03552118"
CLIENTE392,Hazoria,"1,035522176"
CLIENTE703,Termina,"1,035623347"
CLIENTE699,Hazoria,"1,035659872"
CLIENTE372,Ashkora,"1,035751645"
CLIENTE182,Tartarus,"1,036073674"
CLIENTE519,Kharon,"1,036375358"
CLIENTE637,Shadowpeak,"1,036377587"
CLIENTE705,Vancross,"1,036404978"
CLIENTE625,Stormbar,"1,0365333"
CLIENTE676,Riorin,"1,036622904"
CLIENTE610,Yenfall,"1,036780709"
CLIENTE527,Nurmengard,"1,036928659"
CLIENTE613,Duskwall,"1,036946408"
CLIENTE597,Fernwall,"1,03719589"
CLIENTE4,Alabasta,"1,037301761"
CLIENTE9,Qineth,"1,037589323"
CLIENTE649,Morrowind,"1,03770518"
CLIENTE362,Sidora,"1,037785021"
CLIENTE180,Ulthar,"1,037827305"
CLIENTE387,Gerudo,"1,03802347"
CLIENTE652,Brakmar,"1,038025001"
CLIENTE609,Namek,"1,038057514"
CLIENTE102,Morrowind,"1,038219335"
CLIENTE121,Stonegate,"1,038438798"
CLIENTE315,Tartarus,"1,038495372"
CLIENTE574,Mountglass,"1,038526458"
CLIENTE562,Drinmoor,"1,038567399"
CLIENTE64,Viscara,"1,038579256"
CLIENTE670,Tutira,"1,038588435"
CLIENTE131,Nenaris,"1,03864858"
CLIENTE266,Besaid,"1,038754281"
CLIENTE487,Nibelheim,"1,038813745"
CLIENTE28,Swindale,"1,038873897"
CLIENTE125,Koktahl,"1,039055481"
CLIENTE472,Khengar,"1,039089379"
CLIENTE530,Dragmere,"1,039256304"
CLIENTE542,Liones,"1,039704776"
CLIENTE317,Viscara,"1,039995613"
CLIENTE259,Philgaia,"1,040066782"
CLIENTE499,Surakai,"1,040096043"
CLIENTE29,Termina,"1,040109587"
CLIENTE630,Besaid,"1,040137795"
CLIENTE165,Promethea,"1,040255595"
CLIENTE577,Imre,"1,040305347"
CLIENTE420,Nenaris,"1,040352509"
CLIENTE386,Yeygard,"1,040407989"
CLIENTE554,Kharon,"1,040420576"
CLIENTE82,Askr,"1,040800086"
CLIENTE65,Perseon,"1,040844602"
CLIENTE507,Xinthar,"1,041085675"
CLIENTE92,Lyngard,"1,041109214"
CLIENTE508,Eredin,"1,041171596"
CLIENTE244,Besaid,"1,041445487"
CLIENTE104,Yatora,"1,041509209"
CLIENTE144,Azkaban,"1,041584"
CLIENTE550,Yokara,"1,041643732"
CLIENTE649,Targalon,"1,04170727"
CLIENTE66,Lochbar,"1,041770773"
CLIENTE94,Nighthaven,"1,041822182"
CLIENTE96,Walden,"1,041886096"
CLIENTE207,Sethera,"1,042095971"
CLIENTE590,Tarbean,"1,042098757"
CLIENTE489,Drinmoor,"1,042134272"
CLIENTE459,Deepwater,"1,042193405"
CLIENTE495,Rlyeh,"1,042277234"
CLIENTE539,Nyagara,"1,042279248"
CLIENTE160,Iskeld,"1,042498273"
CLIENTE255,Duskwall,"1,042586355"
CLIENTE86,Brightfall,"1,042752584"
CLIENTE696,Manshade,"1,042809809"
CLIENTE401,Konoha,"1,042976673"
CLIENTE469,Midgar,"1,042998222"
CLIENTE605,Jindara,"1,043052332"
CLIENTE586,Azkaban,"1,043139955"
CLIENTE229,TwinPillars,"1,043331645"
CLIENTE262,Lothlorien,"1,043360987"
CLIENTE444,Amoneth,"1,043379029"
CLIENTE520,Memphos,"1,043407477"
CLIENTE185,Lothlorien,"1,043427167"
CLIENTE58,Thalassar,"1,043435425"
CLIENTE475,Highspire,"1,043507612"
CLIENTE58,Xinthar,"1,043540589"
CLIENTE507,Ironfall,"1,043551707"
CLIENTE652,Yeygard,"1,043904172"
CLIENTE109,Tutira,"1,043975043"
CLIENTE234,Wuhaven,"1,044218951"
CLIENTE676,Tchurion,"1,04436144"
CLIENTE286,Rivenspire,"1,0444257"
CLIENTE617,Yokara,"1,044456777"
CLIENTE442,Piscara,"1,044465113"
CLIENTE568,Stormhold,"1,044485422"
CLIENTE361,Seireitei,"1,044505582"
CLIENTE247,Iskeld,"1,044649616"
CLIENTE389,Ngorim,"1,044779958"
CLIENTE435,Mondstadt,"1,044891401"
CLIENTE128,Kakariko,"1,045114286"
CLIENTE86,Targalon,"1,045163501"
CLIENTE182,Rocabar,"1,045183025"
CLIENTE495,Promethea,"1,045287059"
CLIENTE137,Obsidian,"1,04534731"
CLIENTE30,Ykoura,"1,045358879"
CLIENTE64,Muskara,"1,045408063"
CLIENTE145,Chenara,"1,045448311"
CLIENTE67,Sidora,"1,045501676"
CLIENTE257,Xinthar,"1,045597811"
CLIENTE43,Termina,"1,045773959"
CLIENTE135,Dirtmouth,"1,045883444"
CLIENTE532,Zaphura,"1,045948045"
CLIENTE707,Kharon,"1,045957064"
CLIENTE680,Nassauia,"1,045978138"
CLIENTE608,Hollowmar,"1,046012358"
CLIENTE337,Ironfall,"1,046045961"
CLIENTE431,Eredin,"1,046074624"
CLIENTE13,Paldea,"1,046341725"
CLIENTE144,Khengar,"1,046370038"
CLIENTE700,Mondstadt,"1,046429442"
CLIENTE418,Helheim,"1,046489082"
CLIENTE476,Jadehold,"1,046522813"
CLIENTE116,Fernwall,"1,046526249"
CLIENTE673,Highspire,"1,046645004"
CLIENTE527,Kragspire,"1,046669603"
CLIENTE535,Thalassar,"1,046673653"
CLIENTE395,Ulthar,"1,046731163"
CLIENTE663,Noctis,"1,0468005"
CLIENTE377,Piscara,"1,046843804"
CLIENTE471,Quasmar,"1,047033372"
CLIENTE518,Cairhien,"1,047290958"
CLIENTE355,Yeygard,"1,047346147"
CLIENTE367,Ngorim,"1,047373829"
CLIENTE510,Wuhaven,"1,047466617"
CLIENTE47,Azural,"1,047501266"
CLIENTE557,Skyreach,"1,047575172"
CLIENTE528,Windscar,"1,047604344"
CLIENTE95,Hazoria,"1,047633179"
CLIENTE697,Jadehold,"1,047754021"
CLIENTE280,Midgar,"1,048052737"
CLIENTE115,Dragmere,"1,04830847"
CLIENTE115,Yatora,"1,048323382"
CLIENTE479,Mythra,"1,048611514"
CLIENTE98,Pausen,"1,048617365"
CLIENTE126,Hogwarts,"1,048685724"
CLIENTE638,Alabasta,"1,048868443"
CLIENTE398,Lochbar,"1,049198097"
CLIENTE640,Pausen,"1,049488781"
CLIENTE161,Stevanor,"1,049504448"
CLIENTE298,Solhara,"1,049536685"
CLIENTE465,Nighthaven,"1,049719755"
CLIENTE563,Salvaris,"1,049967297"
CLIENTE44,Konoha,"1,049973775"
CLIENTE593,Sethera,"1,050094672"
CLIENTE35,Ulthar,"1,050171053"
CLIENTE570,Xinthar,"1,050196266"
CLIENTE355,Stevanor,"1,050276442"
CLIENTE588,Nurmengard,"1,050323725"
CLIENTE476,Yokara,"1,050355954"
CLIENTE338,Ashkora,"1,050520097"
CLIENTE32,Tutira,"1,050558757"
CLIENTE669,Wuhaven,"1,050683511"
CLIENTE505,Pillarreach,"1,050710827"
CLIENTE533,Yenfall,"1,050797081"
CLIENTE367,Askr,"1,050864103"
CLIENTE125,Kragspire,"1,051149955"
CLIENTE565,Dirtmouth,"1,051158231"
CLIENTE591,Stormbar,"1,051235351"
CLIENTE655,Ironfall,"1,051455254"
CLIENTE588,Viscara,"1,051533827"
CLIENTE441,Targalon,"1,051534734"
CLIENTE404,Altissia,"1,051573621"
CLIENTE40,Stevanor,"1,051683894"
CLIENTE534,Huern,"1,05172878"
CLIENTE112,Sidora,"1,051766627"
CLIENTE308,Ranskar,"1,051824463"
CLIENTE250,Deeptrench,"1,052010752"
CLIENTE515,Savois,"1,052225795"
CLIENTE183,Brakmar,"1,052475725"
CLIENTE449,Besaid,"1,052508176"
CLIENTE317,Ashkora,"1,052761616"
CLIENTE602,Yjigar,"1,052824489"
CLIENTE427,Deliora,"1,052833788"
CLIENTE369,Brightfall,"1,05285244"
CLIENTE478,Mountglass,"1,052964575"
CLIENTE597,Morrowind,"1,052966621"
CLIENTE545,Ichoris,"1,053015922"
CLIENTE33,Elzion,"1,053103431"
CLIENTE112,Besaid,"1,053137634"
CLIENTE557,Deliora,"1,053349827"
CLIENTE33,Huern,"1,053785839"
CLIENTE492,Posthaven,"1,053829658"
CLIENTE273,Zanarkand,"1,053836064"
CLIENTE34,Nosgoth,"1,053914395"
CLIENTE235,Imre,"1,053916062"
CLIENTE175,Frosthelm,"1,05413019"
CLIENTE13,Memphos,"1,054192757"
CLIENTE88,Altissia,"1,054431031"
CLIENTE161,Yatora,"1,054543904"
CLIENTE627,Deliora,"1,054601441"
CLIENTE452,Savois,"1,05476164"
CLIENTE370,Dragmere,"1,054941219"
CLIENTE461,Manshade,"1,055042308"
CLIENTE544,Nenaris,"1,055260806"
CLIENTE203,Imre,"1,055338306"
CLIENTE7,Prontera,"1,055445407"
CLIENTE435,Lathen,"1,055446447"
CLIENTE281,Skellige,"1,055593657"
CLIENTE627,Yokara,"1,055688654"
CLIENTE687,Qineth,"1,05572579"
CLIENTE83,Kragspire,"1,056023117"
CLIENTE80,Memphos,"1,056109132"
CLIENTE27,Osaria,"1,056123047"
CLIENTE160,Yatora,"1,056172253"
CLIENTE239,Nassauia,"1,056295496"
CLIENTE287,Konoha,"1,056355291"
CLIENTE337,Northfall,"1,056463471"
CLIENTE405,Resembool,"1,056641666"
CLIENTE668,Targalon,"1,057048345"
CLIENTE231,Stormbar,"1,057061661"
CLIENTE704,Riorin,"1,057076419"
CLIENTE231,Shadowpeak,"1,057082307"
CLIENTE182,Chenara,"1,057174594"
CLIENTE146,Drinmoor,"1,057288659"
CLIENTE86,Greywatch,"1,057302675"
CLIENTE678,Ashkora,"1,057385675"
CLIENTE20,Lathen,"1,057426676"
CLIENTE254,Northfall,"1,057471833"
CLIENTE550,Brightfall,"1,057870698"
CLIENTE37,Quasmar,"1,057899573"
CLIENTE10,Brakmar,"1,057944433"
CLIENTE399,Qineth,"1,058110369"
CLIENTE669,Laputa,"1,058534023"
CLIENTE477,Ishgard,"1,05864064"
CLIENTE257,Liones,"1,058713267"
CLIENTE213,Elysor,"1,058909774"
CLIENTE450,Humeria,"1,058987409"
CLIENTE61,Muskara,"1,05925169"
CLIENTE657,Zaphura,"1,059290087"
CLIENTE214,Nyagara,"1,059381727"
CLIENTE639,Elzion,"1,059488005"
CLIENTE417,Riorin,"1,059589443"
CLIENTE213,Valisthea,"1,059666959"
CLIENTE440,Nibelheim,"1,060100671"
CLIENTE198,Northfall,"1,060295795"
CLIENTE2,Helheim,"1,060299201"
CLIENTE618,Altissia,"1,06061468"
CLIENTE630,Paldea,"1,060689424"
CLIENTE438,Termina,"1,060829685"
CLIENTE338,Helheim,"1,060873386"
CLIENTE91,Hazoria,"1,061093961"
CLIENTE171,Stormhold,"1,06116677"
CLIENTE435,Pandora,"1,061421137"
CLIENTE533,Winhill,"1,061464711"
CLIENTE597,Piscara,"1,061578083"
CLIENTE182,Uinhold,"1,061716267"
CLIENTE428,Uinhold,"1,062000681"
CLIENTE367,Obsidian,"1,062154303"
CLIENTE358,Marineford,"1,062277411"
CLIENTE345,Stevanor,"1,06231915"
CLIENTE66,Besaid,"1,062417557"
CLIENTE440,Konoha,"1,062570445"
CLIENTE452,Yokara,"1,062580669"
CLIENTE279,Salvaris,"1,062582236"
CLIENTE400,Zaphura,"1,062612336"
CLIENTE342,Klunheim,"1,062749714"
CLIENTE292,Piscara,"1,062758636"
CLIENTE5,Rivenspire,"1,062968744"
CLIENTE441,Humeria,"1,062987544"
CLIENTE304,Ichoris,"1,063044866"
CLIENTE41,Stormbar,"1,063129932"
CLIENTE468,Stormhold,"1,063175127"
CLIENTE687,Prontera,"1,063414193"
CLIENTE581,Haldryn,"1,063567116"
CLIENTE653,Greywatch,"1,063667325"
CLIENTE94,Jindara,"1,063692808"
CLIENTE383,Humeria,"1,063842589"
CLIENTE254,Lathen,"1,063875712"
CLIENTE415,Lyngard,"1,064054137"
CLIENTE9,Philgaia,"1,064111339"
CLIENTE665,Galdrin,"1,06411637"
CLIENTE333,Sethera,"1,064197094"
CLIENTE295,Valisthea,"1,064220694"
CLIENTE673,Nighthaven,"1,064376589"
CLIENTE406,Hyrule,"1,064377239"
CLIENTE380,Targalon,"1,064413602"
CLIENTE661,Kobaris,"1,064458729"
CLIENTE5,Duskwall,"1,064482717"
CLIENTE231,Cartheia,"1,06458442"
CLIENTE559,Iyomar,"1,0645956"
CLIENTE100,Besaid,"1,06460994"
CLIENTE619,Tutira,"1,064637882"
CLIENTE533,Zanarkand,"1,06469387"
CLIENTE610,Pangara,"1,065134582"
CLIENTE383,Midgar,"1,065215839"
CLIENTE206,Ossandor,"1,065298529"
CLIENTE75,Mountglass,"1,065332554"
CLIENTE634,Windscar,"1,065550802"
CLIENTE524,Tuxara,"1,065573782"
CLIENTE298,Dragmere,"1,065577514"
CLIENTE237,Kobaris,"1,065607555"
CLIENTE162,Hollowmar,"1,065608553"
CLIENTE516,Alabasta,"1,065681812"
CLIENTE46,Calcara,"1,06574635"
CLIENTE650,Hazoria,"1,06575363"
CLIENTE146,Windscar,"1,06600137"
CLIENTE647,Uinhold,"1,066029652"
CLIENTE211,Brakmar,"1,066030177"
CLIENTE410,Liones,"1,066205497"
CLIENTE514,Nighthaven,"1,066257954"
CLIENTE344,Ichoris,"1,066360101"
CLIENTE146,Thalassar,"1,066524536"
CLIENTE259,Yjigar,"1,066536856"
CLIENTE437,Amoneth,"1,066563603"
CLIENTE36,Sunreach,"1,066882696"
CLIENTE161,Dornfall,"1,066919103"
CLIENTE10,Johto,"1,067012933"
CLIENTE302,Gerudo,"1,06713211"
CLIENTE533,Perseon,"1,067286875"
CLIENTE188,Azkaban,"1,067322762"
CLIENTE99,Melvara,"1,067362577"
CLIENTE509,Haldryn,"1,067508801"
CLIENTE433,Greywatch,"1,067562404"
CLIENTE212,Solstheim,"1,067667559"
CLIENTE156,Savois,"1,067823146"
CLIENTE559,Manifold,"1,067880444"
CLIENTE47,Highspire,"1,067980286"
CLIENTE638,Prontera,"1,067987235"
CLIENTE643,Rocabar,"1,068032888"
CLIENTE436,Namek,"1,068076028"
CLIENTE427,Lochbar,"1,06807971"
CLIENTE142,Xinthar,"1,068208802"
CLIENTE204,Liones,"1,068296424"
CLIENTE490,Sectorium,"1,068403164"
CLIENTE633,Nassauia,"1,068515616"
CLIENTE605,Brakmar,"1,06862183"
CLIENTE186,Raumor,"1,068804868"
CLIENTE73,Yatora,"1,068814517"
CLIENTE467,Riorin,"1,069056199"
CLIENTE525,Besaid,"1,069201151"
CLIENTE16,Stonegate,"1,069280269"
CLIENTE629,Askr,"1,069389517"
CLIENTE254,Dornfall,"1,069444567"
CLIENTE499,Qineth,"1,069492095"
CLIENTE712,Ichoris,"1,070049692"
CLIENTE290,Grimvale,"1,070081419"
CLIENTE273,Mondstadt,"1,070081579"
CLIENTE241,Yatora,"1,070083342"
CLIENTE449,Marineford,"1,070259762"
CLIENTE711,Spira,"1,070265075"
CLIENTE711,Cartheia,"1,070534958"
CLIENTE276,Limoria,"1,071043761"
CLIENTE589,Eredin,"1,071150598"
CLIENTE641,Manifold,"1,071319005"
CLIENTE693,Stormhold,"1,071447891"
CLIENTE504,Nighthaven,"1,071543687"
CLIENTE371,Hollowmar,"1,071662785"
CLIENTE582,Nenaris,"1,07170749"
CLIENTE589,Cartheia,"1,071837164"
CLIENTE214,Jindara,"1,072063081"
CLIENTE575,Casperia,"1,072109776"
CLIENTE241,Deepwater,"1,072155595"
CLIENTE635,Hazoria,"1,072575504"
CLIENTE270,Grimvale,"1,072590735"
CLIENTE393,Tartarus,"1,072657526"
CLIENTE53,Kragspire,"1,072788624"
CLIENTE211,Deliora,"1,0730127"
CLIENTE400,Morrowind,"1,07308768"
CLIENTE699,Ivalice,"1,07310211"
CLIENTE527,Stormbar,"1,073146599"
CLIENTE540,Kragspire,"1,073211076"
CLIENTE660,Northfall,"1,073215072"
CLIENTE314,Stonegate,"1,073225704"
CLIENTE616,Deliora,"1,073300371"
CLIENTE229,Seireitei,"1,073388127"
CLIENTE139,Vancross,"1,07340443"
CLIENTE204,Hazoria,"1,073461272"
CLIENTE624,Frosthelm,"1,073555692"
CLIENTE15,Elzion,"1,073626602"
CLIENTE310,Brakmar,"1,073705057"
CLIENTE709,Skellige,"1,073752056"
CLIENTE599,Elysor,"1,073816207"
CLIENTE495,Qineth,"1,07397366"
CLIENTE208,Johto,"1,074098684"
CLIENTE492,Windscar,"1,07412041"
CLIENTE279,Gerudo,"1,07417973"
CLIENTE7,Noctis,"1,074259488"
CLIENTE64,Ykoura,"1,074262749"
CLIENTE681,Ivalice,"1,074529747"
CLIENTE495,Iyomar,"1,074552632"
CLIENTE492,Thalassar,"1,074705373"
CLIENTE377,Limoria,"1,074724606"
CLIENTE658,Iskeld,"1,075150749"
CLIENTE33,Raumor,"1,075359185"
CLIENTE286,Fernwall,"1,075588261"
CLIENTE508,Ykoura,"1,075604227"
CLIENTE78,Dragmere,"1,07569594"
CLIENTE705,Nibelheim,"1,075779486"
CLIENTE181,Shadowpeak,"1,075837793"
CLIENTE593,Perseon,"1,075981734"
CLIENTE15,Laputa,"1,076181721"
CLIENTE456,Stevanor,"1,076251473"
CLIENTE667,Pillarreach,"1,076750325"
CLIENTE409,Rocabar,"1,076766343"
CLIENTE156,Posthaven,"1,076821897"
CLIENTE339,Tahlenwald,"1,076840281"
CLIENTE250,Duskwall,"1,076857836"
CLIENTE247,Lochbar,"1,076925773"
CLIENTE272,Hyrule,"1,077048062"
CLIENTE135,Liones,"1,077048642"
CLIENTE509,TwinPillars,"1,077075383"
CLIENTE229,Ironfall,"1,077110543"
CLIENTE453,Skellige,"1,077447005"
CLIENTE368,Imre,"1,077490476"
CLIENTE1,Sethera,"1,078106234"
CLIENTE478,Deepwater,"1,07815525"
CLIENTE199,Khengar,"1,078257075"
CLIENTE337,Bethlehem,"1,07832788"
CLIENTE676,Posthaven,"1,078348286"
CLIENTE16,Perseon,"1,078526878"
CLIENTE325,Surakai,"1,078534938"
CLIENTE7,Resembool,"1,078608531"
CLIENTE295,Elysor,"1,078673527"
CLIENTE99,Jindara,"1,078725557"
CLIENTE9,Koktahl,"1,07876056"
CLIENTE33,Sunreach,"1,078839192"
CLIENTE145,Lothlorien,"1,078918853"
CLIENTE99,Stonegate,"1,079010189"
CLIENTE522,Hogwarts,"1,079152482"
CLIENTE518,Wuhaven,"1,079307874"
CLIENTE375,Iyomar,"1,079310332"
CLIENTE570,Rivenspire,"1,079468118"
CLIENTE283,Tchurion,"1,079472274"
CLIENTE534,Glenhaven,"1,079649162"
CLIENTE111,Haldryn,"1,079664338"
CLIENTE11,Nighthaven,"1,079712726"
CLIENTE182,Windscar,"1,079738013"
CLIENTE153,Manshade,"1,079755319"
CLIENTE324,Tempestia,"1,079996489"
CLIENTE378,Surakai,"1,080029529"
CLIENTE713,Pillarreach,"1,080090471"
CLIENTE94,Rocabar,"1,080096974"
CLIENTE552,Dornfall,"1,080298791"
CLIENTE525,Ranskar,"1,080461137"
CLIENTE450,Obsidian,"1,08050967"
CLIENTE593,Galdrin,"1,080941292"
CLIENTE549,Sunreach,"1,081104009"
CLIENTE582,Nurmengard,"1,081161354"
CLIENTE468,Glenhaven,"1,081165454"
CLIENTE68,Dornfall,"1,081380795"
CLIENTE678,Calcara,"1,08141476"
CLIENTE203,Frosthelm,"1,081515972"
CLIENTE303,Yeygard,"1,081612911"
CLIENTE660,Grimvale,"1,081878183"
CLIENTE334,Solhara,"1,082101525"
CLIENTE80,Zuldazar,"1,082137651"
CLIENTE60,Walden,"1,08216375"
CLIENTE235,Ranskar,"1,082181006"
CLIENTE337,Konoha,"1,082202768"
CLIENTE2,Hyrule,"1,08248159"
CLIENTE505,Solstheim,"1,082660682"
CLIENTE69,Dragmere,"1,082760747"
CLIENTE50,Sethera,"1,082885453"
CLIENTE651,Imre,"1,0834274"
CLIENTE497,Stormhold,"1,083519938"
CLIENTE160,Nurmengard,"1,083575268"
CLIENTE314,Paldea,"1,083652182"
CLIENTE297,Posthaven,"1,083652514"
CLIENTE109,Northfall,"1,083699981"
CLIENTE489,Nyagara,"1,083737789"
CLIENTE672,Pangara,"1,083783399"
CLIENTE320,Mondstadt,"1,083823537"
CLIENTE422,Elysor,"1,083906632"
CLIENTE520,Kharon,"1,084221864"
CLIENTE152,Imre,"1,084430084"
CLIENTE596,Deepwater,"1,084430108"
CLIENTE508,Pandora,"1,084459735"
CLIENTE384,Stormhold,"1,084633597"
CLIENTE302,Namek,"1,084731522"
CLIENTE417,Quasmar,"1,084816324"
CLIENTE241,Surakai,"1,084902675"
CLIENTE591,Skellige,"1,08510108"
CLIENTE536,Nibelheim,"1,085174505"
CLIENTE575,Walden,"1,085453568"
CLIENTE634,Grimvale,"1,085565229"
CLIENTE396,Kobaris,"1,085573906"
CLIENTE684,Lothlorien,"1,085583043"
CLIENTE556,Kandor,"1,085605188"
CLIENTE527,Rocabar,"1,085652341"
CLIENTE514,Lothlorien,"1,085728685"
CLIENTE17,Posthaven,"1,085749907"
CLIENTE196,Viscara,"1,085778428"
CLIENTE322,Hyrule,"1,085795285"
CLIENTE87,Deliora,"1,085807546"
CLIENTE54,Koktahl,"1,085834987"
CLIENTE207,Sableport,"1,085903371"
CLIENTE699,Noctis,"1,086078895"
CLIENTE189,Windscar,"1,086094573"
CLIENTE402,Jadehold,"1,086131844"
CLIENTE195,Azkaban,"1,086146694"
CLIENTE260,Sableport,"1,086256711"
CLIENTE209,Askr,"1,086297767"
CLIENTE628,Drinmoor,"1,086392696"
CLIENTE624,Besaid,"1,086929963"
CLIENTE142,Highspire,"1,087046898"
CLIENTE22,Nenaris,"1,087188746"
CLIENTE167,Dornfall,"1,087300007"
CLIENTE83,Liones,"1,087451461"
CLIENTE351,Deliora,"1,08773166"
CLIENTE1,Walden,"1,087766245"
CLIENTE489,Skyreach,"1,087924943"
CLIENTE527,Iyomar,"1,087938546"
CLIENTE239,Pausen,"1,087940482"
CLIENTE206,Zuldazar,"1,087981354"
CLIENTE515,Yeygard,"1,088017551"
CLIENTE554,Wuhaven,"1,088361155"
CLIENTE584,Posthaven,"1,088472373"
CLIENTE713,Altissia,"1,088480468"
CLIENTE225,TwinPillars,"1,088559661"
CLIENTE438,Zanarkand,"1,08871094"
CLIENTE79,Sethera,"1,088963404"
CLIENTE213,Tahlenwald,"1,089241697"
CLIENTE281,Manshade,"1,089307851"
CLIENTE346,Zaphura,"1,089435745"
CLIENTE703,Drinmoor,"1,089439708"
CLIENTE55,Kharon,"1,089468438"
CLIENTE42,Skellige,"1,089634408"
CLIENTE412,Paldea,"1,089770208"
CLIENTE179,Muskara,"1,089865503"
CLIENTE401,Valyria,"1,089965251"
CLIENTE483,Altissia,"1,090027082"
CLIENTE563,Zanarkand,"1,090080791"
CLIENTE645,Quasmar,"1,090115422"
CLIENTE706,Eredin,"1,090139627"
CLIENTE71,Nighthaven,"1,090163334"
CLIENTE583,Vancross,"1,090307297"
CLIENTE144,Calcara,"1,090467155"
CLIENTE108,Dornfall,"1,090537806"
CLIENTE651,Ishgard,"1,090656075"
CLIENTE556,Sableport,"1,090703493"
CLIENTE677,Imre,"1,09085976"
CLIENTE605,Chenara,"1,090870317"
CLIENTE45,Nosgoth,"1,091024464"
CLIENTE589,Duskwall,"1,091032806"
CLIENTE538,Besaid,"1,091033371"
CLIENTE698,Kakariko,"1,091084845"
CLIENTE523,Uinhold,"1,091092753"
CLIENTE390,Nassauia,"1,091332751"
CLIENTE369,Eredin,"1,091386684"
CLIENTE84,Galdrin,"1,091423774"
CLIENTE293,Sunreach,"1,091514982"
CLIENTE680,Kakariko,"1,091645896"
CLIENTE449,Noctis,"1,0917377"
CLIENTE182,Askr,"1,091766609"
CLIENTE303,Stormhold,"1,092013504"
CLIENTE224,Laputa,"1,092044432"
CLIENTE486,Iskeld,"1,092332529"
CLIENTE478,Ishgard,"1,092346249"
CLIENTE636,Tarbean,"1,092773668"
CLIENTE666,Mythra,"1,092807049"
CLIENTE111,Paldea,"1,092871505"
CLIENTE43,Yeygard,"1,093251716"
CLIENTE450,Yeygard,"1,093259616"
CLIENTE95,Paldea,"1,093512858"
CLIENTE433,Lyngard,"1,093518368"
CLIENTE504,Klunheim,"1,093529461"
CLIENTE220,Paldea,"1,093724736"
CLIENTE109,Askr,"1,093935233"
CLIENTE173,Zaphura,"1,094210221"
CLIENTE457,Kakariko,"1,094362956"
CLIENTE377,Konoha,"1,094484736"
CLIENTE429,Huern,"1,094769717"
CLIENTE290,Azkaban,"1,094885626"
CLIENTE286,Chenara,"1,094910418"
CLIENTE411,Thalassar,"1,094973299"
CLIENTE479,Tarbean,"1,095459031"
CLIENTE491,Brightfall,"1,095507465"
CLIENTE465,Casperia,"1,095586308"
CLIENTE670,Kragspire,"1,095717358"
CLIENTE663,Ivalice,"1,095754588"
CLIENTE533,Vancross,"1,095912219"
CLIENTE459,Fernwall,"1,095972467"
CLIENTE109,Klunheim,"1,096029723"
CLIENTE419,Cairhien,"1,096066234"
CLIENTE326,Solstheim,"1,09607194"
CLIENTE200,Humeria,"1,096075876"
CLIENTE85,Haldryn,"1,09608513"
CLIENTE130,Spira,"1,096093779"
CLIENTE687,Johto,"1,096218135"
CLIENTE137,Cartheia,"1,096227358"
CLIENTE680,Manifold,"1,096251576"
CLIENTE191,TwinPillars,"1,096527138"
CLIENTE575,Dragmere,"1,096706069"
CLIENTE556,Ykoura,"1,096850806"
CLIENTE368,Calcara,"1,096878619"
CLIENTE234,Klunheim,"1,096956107"
CLIENTE316,Lyngard,"1,097235636"
CLIENTE228,Morrowind,"1,097277688"
CLIENTE389,Ulthar,"1,097545684"
CLIENTE684,Seireitei,"1,097641841"
CLIENTE688,Noctis,"1,097686869"
CLIENTE575,Northfall,"1,097741147"
CLIENTE325,Dornfall,"1,097863785"
CLIENTE383,Wuhaven,"1,098072647"
CLIENTE410,Rivenspire,"1,098243673"
CLIENTE499,Duskwall,"1,098370606"
CLIENTE523,Kandor,"1,098434221"
CLIENTE419,Pillarreach,"1,098462461"
CLIENTE315,Iskeld,"1,098462949"
CLIENTE182,Stormbar,"1,098835392"
CLIENTE286,Quasmar,"1,098926706"
CLIENTE216,Muskara,"1,099146839"
CLIENTE658,Ishgard,"1,099420131"
CLIENTE387,Casperia,"1,099632136"
CLIENTE456,Perseon,"1,099740156"
CLIENTE245,Solstheim,"1,099944587"
CLIENTE640,Khengar,"1,100165755"
CLIENTE243,Tchurion,"1,100554699"
CLIENTE462,Dragmere,"1,100722567"
CLIENTE99,Wuhaven,"1,100751362"
CLIENTE259,Sectorium,"1,101440699"
CLIENTE386,Sableport,"1,101469793"
CLIENTE307,Sethera,"1,101528736"
CLIENTE566,Greywatch,"1,101532998"
CLIENTE114,Valisthea,"1,101585891"
CLIENTE162,Salvaris,"1,101598018"
CLIENTE229,Salvaris,"1,101716751"
CLIENTE70,Pandora,"1,101794391"
CLIENTE423,Highspire,"1,101852562"
CLIENTE675,Pausen,"1,101896723"
CLIENTE655,Riorin,"1,101924518"
CLIENTE528,Promethea,"1,102145541"
CLIENTE668,Nenaris,"1,102258361"
CLIENTE516,Piscara,"1,102302858"
CLIENTE84,Nyagara,"1,10243121"
CLIENTE99,Windscar,"1,102459106"
CLIENTE210,Tutira,"1,102468909"
CLIENTE181,Skyreach,"1,102722686"
CLIENTE360,Salvaris,"1,102969685"
CLIENTE706,Tahlenwald,"1,103048675"
CLIENTE237,Brightfall,"1,1030741"
CLIENTE303,Targalon,"1,103210538"
CLIENTE580,Shadowpeak,"1,103316066"
CLIENTE512,Promethea,"1,103604572"
CLIENTE296,Nibelheim,"1,103653542"
CLIENTE481,TwinPillars,"1,103705086"
CLIENTE618,Stevanor,"1,103885242"
CLIENTE66,Yeygard,"1,103989982"
CLIENTE435,Shadowpeak,"1,104007156"
CLIENTE387,Osaria,"1,10402803"
CLIENTE449,Ulthar,"1,104241618"
CLIENTE11,Aeusserst,"1,104281776"
CLIENTE430,Paldea,"1,104285488"
CLIENTE589,Ichoris,"1,104605295"
CLIENTE550,Amoneth,"1,104678172"
CLIENTE12,Pausen,"1,104744645"
CLIENTE55,Dragmere,"1,104980793"
CLIENTE186,Tuxara,"1,105115788"
CLIENTE516,Noctis,"1,105347111"
CLIENTE707,Ossandor,"1,105521501"
CLIENTE108,Highspire,"1,105533228"
CLIENTE141,Jadehold,"1,105663589"
CLIENTE440,Sethera,"1,10570861"
CLIENTE384,Termina,"1,105722188"
CLIENTE252,Viscara,"1,105772412"
CLIENTE501,Pangara,"1,105927131"
CLIENTE551,Casperia,"1,105966246"
CLIENTE281,Cairhien,"1,105983289"
CLIENTE527,Calcara,"1,105993738"
CLIENTE441,Xinthar,"1,106113284"
CLIENTE659,Skellige,"1,106219994"
CLIENTE583,Cairhien,"1,106224757"
CLIENTE46,Surakai,"1,106295086"
CLIENTE222,Nosgoth,"1,106312049"
CLIENTE356,Valyria,"1,106330457"
CLIENTE579,Hazoria,"1,106494867"
CLIENTE80,Hollowmar,"1,106570639"
CLIENTE11,Surakai,"1,10657255"
CLIENTE707,Tuxara,"1,106898051"
CLIENTE267,Huern,"1,106920463"
CLIENTE273,Konoha,"1,106970772"
CLIENTE674,Yokara,"1,107067076"
CLIENTE17,Tchurion,"1,107127604"
CLIENTE658,Lochbar,"1,107139891"
CLIENTE568,Zuldazar,"1,107377417"
CLIENTE74,Frosthelm,"1,107484895"
CLIENTE449,Johto,"1,107661777"
CLIENTE74,Midgar,"1,107823838"
CLIENTE575,Zanarkand,"1,107895604"
CLIENTE377,Ranskar,"1,10797395"
CLIENTE625,Imre,"1,108052671"
CLIENTE707,Cartheia,"1,108111144"
CLIENTE481,Frosthelm,"1,108154448"
CLIENTE571,Duskwall,"1,108513351"
CLIENTE317,Jakura,"1,10855884"
CLIENTE237,Salvaris,"1,108769861"
CLIENTE333,Tuxara,"1,108823923"
CLIENTE610,Tomarath,"1,109021496"
CLIENTE283,Osaria,"1,109068011"
CLIENTE502,Rocabar,"1,109143134"
CLIENTE435,Lochbar,"1,109331355"
CLIENTE495,Dirtmouth,"1,109609083"
CLIENTE673,Nosgoth,"1,109844817"
CLIENTE380,Eredin,"1,109908397"
CLIENTE364,Besaid,"1,110255405"
CLIENTE673,Resembool,"1,110290178"
CLIENTE539,Kobaris,"1,11043728"
CLIENTE172,Deeptrench,"1,110588763"
CLIENTE4,Solhara,"1,110671195"
CLIENTE475,Hazoria,"1,110707621"
CLIENTE664,Casperia,"1,110723216"
CLIENTE227,Iyomar,"1,11074079"
CLIENTE545,Tahlenwald,"1,110892998"
CLIENTE675,Stonegate,"1,110902116"
CLIENTE231,Quasmar,"1,111394182"
CLIENTE382,Manifold,"1,111468107"
CLIENTE244,Pandora,"1,111502181"
CLIENTE307,Hazoria,"1,111553985"
CLIENTE109,Frosthelm,"1,111636382"
CLIENTE506,Deepwater,"1,111863157"
CLIENTE273,Qineth,"1,111967793"
CLIENTE231,Fernwall,"1,112074281"
CLIENTE498,Muskara,"1,112110565"
CLIENTE18,Quasmar,"1,112170118"
CLIENTE528,Manshade,"1,112259679"
CLIENTE523,Haldryn,"1,11243184"
CLIENTE295,Deliora,"1,112468087"
CLIENTE487,Iyomar,"1,112502773"
CLIENTE21,Nassauia,"1,112918831"
CLIENTE698,Pillarreach,"1,1135766"
CLIENTE494,Lochbar,"1,113682394"
CLIENTE691,Posthaven,"1,113692935"
CLIENTE580,Vancross,"1,113820601"
CLIENTE186,Dirtmouth,"1,113921486"
CLIENTE452,Tempestia,"1,1140579"
CLIENTE298,Promethea,"1,114296095"
CLIENTE107,Helheim,"1,114446776"
CLIENTE277,Ishgard,"1,114468492"
CLIENTE630,Ngorim,"1,114718433"
CLIENTE614,Hazoria,"1,114752144"
CLIENTE704,Hazoria,"1,114948416"
CLIENTE370,Eredin,"1,115247095"
CLIENTE415,Yeygard,"1,115294845"
CLIENTE99,Kharon,"1,115338328"
CLIENTE653,Kandor,"1,11539397"
CLIENTE67,Skellige,"1,116039111"
CLIENTE264,Swindale,"1,116043061"
CLIENTE401,Ngorim,"1,116263302"
CLIENTE393,Askr,"1,116612398"
CLIENTE591,Tutira,"1,116716281"
CLIENTE399,Pandora,"1,116767251"
CLIENTE48,Valyria,"1,116824345"
CLIENTE214,Valyria,"1,117033204"
CLIENTE175,Midgar,"1,117082006"
CLIENTE462,Stonegate,"1,117131503"
CLIENTE579,Amoneth,"1,117162543"
CLIENTE583,Fernwall,"1,117313836"
CLIENTE187,Amoneth,"1,117317998"
CLIENTE16,Casperia,"1,117373304"
CLIENTE407,Dirtmouth,"1,117401294"
CLIENTE535,Liones,"1,117473352"
CLIENTE290,Mythra,"1,117706368"
CLIENTE131,Yenfall,"1,117765416"
CLIENTE400,Winhill,"1,117813435"
CLIENTE155,Yenfall,"1,117907397"
CLIENTE146,Skyreach,"1,117982212"
CLIENTE414,Elzion,"1,117999957"
CLIENTE94,Resembool,"1,118341259"
CLIENTE573,Ivalice,"1,11838556"
CLIENTE158,Laputa,"1,118476006"
CLIENTE319,Ironfall,"1,118536524"
CLIENTE672,Valyria,"1,118588252"
CLIENTE538,Glenhaven,"1,118878476"
CLIENTE394,Pandora,"1,11891055"
CLIENTE670,Lochbar,"1,119185081"
CLIENTE642,Mountglass,"1,11957642"
CLIENTE412,Ironfall,"1,119773441"
CLIENTE299,Swindale,"1,120087489"
CLIENTE591,Highspire,"1,120528629"
CLIENTE29,Ulthar,"1,120802558"
CLIENTE359,Mondstadt,"1,12104934"
CLIENTE148,Bethlehem,"1,121211026"
CLIENTE557,Tomarath,"1,121213919"
CLIENTE486,Yatora,"1,12122679"
CLIENTE5,Windscar,"1,121240971"
CLIENTE427,Glenhaven,"1,121413092"
CLIENTE574,Askr,"1,12142321"
CLIENTE388,Osaria,"1,121452868"
CLIENTE215,Nosgoth,"1,121560306"
CLIENTE141,Ironfall,"1,121693806"
CLIENTE294,Ishgard,"1,121871752"
CLIENTE31,Northfall,"1,121906859"
CLIENTE46,Lothlorien,"1,121955414"
CLIENTE73,Deliora,"1,122044342"
CLIENTE451,Yeygard,"1,122055406"
CLIENTE327,Philgaia,"1,122061393"
CLIENTE525,Paldea,"1,122070435"
CLIENTE675,Quasmar,"1,122154072"
CLIENTE270,Dragmere,"1,122164421"
CLIENTE394,Kandor,"1,122255649"
CLIENTE479,Ngorim,"1,122364401"
CLIENTE466,Altissia,"1,1225308"
CLIENTE507,Helheim,"1,122683421"
CLIENTE118,Dornfall,"1,122874431"
CLIENTE666,Kharon,"1,123024356"
CLIENTE60,Melvara,"1,123290163"
CLIENTE620,Stormbar,"1,123533205"
CLIENTE223,Liones,"1,123740006"
CLIENTE38,Zuldazar,"1,123796566"
CLIENTE170,Mountglass,"1,12380466"
CLIENTE571,Altissia,"1,123806782"
CLIENTE293,Askr,"1,123995128"
CLIENTE542,Tartarus,"1,124191331"
CLIENTE302,Zaphura,"1,124243525"
CLIENTE109,Rlyeh,"1,124370477"
CLIENTE424,Rocabar,"1,124407877"
CLIENTE298,Tempestia,"1,124507756"
CLIENTE104,Deepwater,"1,12461341"
CLIENTE151,Hyrule,"1,124682356"
CLIENTE700,Stevanor,"1,12483366"
CLIENTE317,Northfall,"1,125084249"
CLIENTE623,Khengar,"1,125198168"
CLIENTE249,Laputa,"1,125338972"
CLIENTE264,Tchurion,"1,12534046"
CLIENTE438,Philgaia,"1,125784718"
CLIENTE673,Termina,"1,125816532"
CLIENTE110,Dornfall,"1,126039899"
CLIENTE518,Jadehold,"1,126100781"
CLIENTE499,Lothlorien,"1,126209662"
CLIENTE157,Ishgard,"1,126316668"
CLIENTE262,Mondstadt,"1,126423637"
CLIENTE152,Pandora,"1,126428952"
CLIENTE524,Midgar,"1,126575364"
CLIENTE343,Greywatch,"1,126715258"
CLIENTE49,Helheim,"1,126759683"
CLIENTE615,Salvaris,"1,126836646"
CLIENTE430,Osaria,"1,126851376"
CLIENTE214,Raumor,"1,126892247"
CLIENTE618,Philgaia,"1,126965644"
CLIENTE188,Posthaven,"1,126980508"
CLIENTE469,Swindale,"1,127028268"
CLIENTE536,Laputa,"1,127288997"
CLIENTE592,Casperia,"1,127398174"
CLIENTE202,Northfall,"1,127541743"
CLIENTE256,Obsidian,"1,127599186"
CLIENTE711,Deepwater,"1,127607995"
CLIENTE219,Nyagara,"1,128097992"
CLIENTE616,Mondstadt,"1,128266708"
CLIENTE5,Johto,"1,128288952"
CLIENTE91,Surakai,"1,128366555"
CLIENTE339,Solhara,"1,128573571"
CLIENTE222,Pandora,"1,128577251"
CLIENTE295,Nighthaven,"1,128760053"
CLIENTE329,Askr,"1,129285258"
CLIENTE287,Altissia,"1,129480754"
CLIENTE52,Lathen,"1,129726916"
CLIENTE410,Tarbean,"1,129776708"
CLIENTE218,Amoneth,"1,129855905"
CLIENTE29,Mountglass,"1,130004604"
CLIENTE323,Ironfall,"1,130107001"
CLIENTE430,Ngorim,"1,130152223"
CLIENTE385,Elysor,"1,130177903"
CLIENTE551,Hogwarts,"1,130197863"
CLIENTE700,Nosgoth,"1,13024633"
CLIENTE522,Sectorium,"1,130397041"
CLIENTE279,Xinthar,"1,130533797"
CLIENTE329,Jindara,"1,130600983"
CLIENTE681,Hazoria,"1,130896331"
CLIENTE86,Sectorium,"1,130977669"
CLIENTE204,Bethlehem,"1,13134394"
CLIENTE627,Jindara,"1,131496362"
CLIENTE187,Askr,"1,131537598"
CLIENTE535,Xinthar,"1,131574606"
CLIENTE522,Piscara,"1,131581912"
CLIENTE78,Stonegate,"1,13172456"
CLIENTE561,Termina,"1,131863121"
CLIENTE661,Inoria,"1,132193849"
CLIENTE635,Kobaris,"1,132316004"
CLIENTE267,Mythra,"1,132358255"
CLIENTE110,Mondstadt,"1,132630476"
CLIENTE680,Marineford,"1,132642299"
CLIENTE493,Sidora,"1,132797039"
CLIENTE696,Lathen,"1,132810534"
CLIENTE23,Sethera,"1,132880487"
CLIENTE16,Tahlenwald,"1,132942863"
CLIENTE94,Zuldazar,"1,133016131"
CLIENTE211,Yjigar,"1,133129582"
CLIENTE563,Solhara,"1,133572537"
CLIENTE292,Besaid,"1,133812256"
CLIENTE390,Manifold,"1,134077836"
CLIENTE248,Paldea,"1,134163737"
CLIENTE306,Osaria,"1,134275168"
CLIENTE595,Rlyeh,"1,134361077"
CLIENTE523,Walden,"1,1344013"
CLIENTE495,Galdrin,"1,13455915"
CLIENTE134,Savois,"1,134687685"
CLIENTE357,Riorin,"1,134734437"
CLIENTE28,Ivalice,"1,13479294"
CLIENTE294,Solstheim,"1,13499712"
CLIENTE542,Zaphura,"1,135095801"
CLIENTE414,Nenaris,"1,135157467"
CLIENTE20,Chenara,"1,135267179"
CLIENTE621,Tartarus,"1,135445595"
CLIENTE455,Calcara,"1,135503518"
CLIENTE431,Tchurion,"1,13584327"
CLIENTE635,Prontera,"1,136020463"
CLIENTE397,Frosthelm,"1,136047697"
CLIENTE279,Lochbar,"1,136104735"
CLIENTE132,Nosgoth,"1,136170333"
CLIENTE103,Lathen,"1,136214516"
CLIENTE526,Philgaia,"1,1362232"
CLIENTE37,Stonegate,"1,136225776"
CLIENTE4,Aeusserst,"1,136269929"
CLIENTE500,Zaphura,"1,136273307"
CLIENTE440,Rocabar,"1,136445186"
CLIENTE264,Marineford,"1,136474532"
CLIENTE345,Ivalice,"1,136480937"
CLIENTE107,Zaphura,"1,136761567"
CLIENTE690,Riorin,"1,136768683"
CLIENTE285,Manifold,"1,136792144"
CLIENTE382,Tomarath,"1,136811738"
CLIENTE617,Chenara,"1,136817317"
CLIENTE625,Morrowind,"1,136943691"
CLIENTE161,Elzion,"1,13705175"
CLIENTE576,Ashkora,"1,137215669"
CLIENTE535,Prontera,"1,137283761"
CLIENTE134,Elzion,"1,13736077"
CLIENTE22,Yjigar,"1,137552284"
CLIENTE617,Hogwarts,"1,137792116"
CLIENTE570,Ichoris,"1,13785313"
CLIENTE357,Deliora,"1,137868162"
CLIENTE219,Casperia,"1,137966364"
CLIENTE542,Solhara,"1,138060243"
CLIENTE252,Humeria,"1,138064374"
CLIENTE362,Ranskar,"1,138275249"
CLIENTE426,Inoria,"1,138285371"
CLIENTE556,Ranskar,"1,138638334"
CLIENTE696,Johto,"1,138728844"
CLIENTE625,Stevanor,"1,138757768"
CLIENTE272,Imre,"1,13881524"
CLIENTE148,Pandora,"1,138958015"
CLIENTE230,Surakai,"1,13898573"
CLIENTE705,Thalassar,"1,13900378"
CLIENTE534,Wuhaven,"1,139010845"
CLIENTE590,Dirtmouth,"1,139264973"
CLIENTE128,Greywatch,"1,139319888"
CLIENTE505,Azkaban,"1,139342896"
CLIENTE182,Sectorium,"1,139584044"
CLIENTE37,Tuxara,"1,139634675"
CLIENTE625,Pangara,"1,139777594"
CLIENTE372,Yeygard,"1,139814446"
CLIENTE243,Kobaris,"1,13984181"
CLIENTE47,Ranskar,"1,139924515"
CLIENTE581,Walden,"1,140065321"
CLIENTE417,Nosgoth,"1,140135546"
CLIENTE334,Jadehold,"1,140900105"
CLIENTE295,Yeygard,"1,141135786"
CLIENTE332,Pandora,"1,141191524"
CLIENTE560,Riorin,"1,141267819"
CLIENTE411,Tarbean,"1,141323516"
CLIENTE402,Galdrin,"1,141379976"
CLIENTE698,Azural,"1,141412161"
CLIENTE231,Kandor,"1,141491542"
CLIENTE470,Brightfall,"1,141540893"
CLIENTE638,Ashkora,"1,141607798"
CLIENTE55,Ykoura,"1,141703376"
CLIENTE613,Stevanor,"1,141940318"
CLIENTE689,Kandor,"1,141973398"
CLIENTE562,Shadowpeak,"1,142281419"
CLIENTE294,Jindara,"1,142401309"
CLIENTE118,Limoria,"1,142545471"
CLIENTE435,Northfall,"1,142568185"
CLIENTE295,Noctis,"1,142952727"
CLIENTE288,Ngorim,"1,143014016"
CLIENTE202,Deepwater,"1,143118495"
CLIENTE520,Rocabar,"1,143237277"
CLIENTE697,Liones,"1,143916066"
CLIENTE359,Mythra,"1,144004435"
CLIENTE437,Iskeld,"1,144113587"
CLIENTE392,Swindale,"1,144162771"
CLIENTE663,Tomarath,"1,144244321"
CLIENTE674,Walden,"1,144485323"
CLIENTE99,Liones,"1,144536255"
CLIENTE185,Surakai,"1,14475411"
CLIENTE186,Seireitei,"1,144815997"
CLIENTE224,Klunheim,"1,144824032"
CLIENTE160,Stormhold,"1,144853326"
CLIENTE404,Tomarath,"1,144879556"
CLIENTE507,Solhara,"1,144882898"
CLIENTE10,Amoneth,"1,144917074"
CLIENTE76,Tempestia,"1,145090969"
CLIENTE38,Brightfall,"1,145278278"
CLIENTE217,Ichoris,"1,145396955"
CLIENTE558,Amoneth,"1,145495534"
CLIENTE295,Resembool,"1,145505048"
CLIENTE420,Drinmoor,"1,145595038"
CLIENTE439,Sidora,"1,145775769"
CLIENTE565,Hyrule,"1,145785924"
CLIENTE59,Solstheim,"1,145821493"
CLIENTE538,Askr,"1,145851949"
CLIENTE431,Stormbar,"1,145875891"
CLIENTE256,Qineth,"1,14597412"
CLIENTE139,Drinmoor,"1,14600383"
CLIENTE215,Hazoria,"1,146277593"
CLIENTE94,Solhara,"1,146300158"
CLIENTE118,Tuxara,"1,146481295"
CLIENTE530,Tempestia,"1,146800553"
CLIENTE465,Pangara,"1,14685191"
CLIENTE41,Brakmar,"1,146979928"
CLIENTE17,Solstheim,"1,147036172"
CLIENTE660,Calcara,"1,147124891"
CLIENTE536,Ossandor,"1,147325738"
CLIENTE5,Manifold,"1,1473379"
CLIENTE118,Spira,"1,147510938"
CLIENTE361,Inoria,"1,147578111"
CLIENTE651,Huern,"1,148240656"
CLIENTE320,Brightfall,"1,148714246"
CLIENTE532,Besaid,"1,148716187"
CLIENTE314,Kragspire,"1,148727544"
CLIENTE49,Hazoria,"1,149163382"
CLIENTE690,Promethea,"1,149215184"
CLIENTE600,Brakmar,"1,14941882"
CLIENTE242,Gerudo,"1,149569287"
CLIENTE88,Elysor,"1,149601834"
CLIENTE51,Nurmengard,"1,149674626"
CLIENTE517,TwinPillars,"1,149764978"
CLIENTE403,Dragmere,"1,149796745"
CLIENTE664,Ykoura,"1,149819556"
CLIENTE645,Dirtmouth,"1,149861495"
CLIENTE185,Memphos,"1,149874845"
CLIENTE624,Midgar,"1,150000897"
CLIENTE21,Solstheim,"1,150097322"
CLIENTE616,Inoria,"1,150360799"
CLIENTE639,Skyreach,"1,150441958"
CLIENTE700,Manifold,"1,150452068"
CLIENTE608,Limoria,"1,150810519"
CLIENTE142,Yjigar,"1,150904668"
CLIENTE229,Deepwater,"1,151130893"
CLIENTE333,Northfall,"1,151232144"
CLIENTE131,Khengar,"1,151277783"
CLIENTE434,Thalassar,"1,151308014"
CLIENTE670,TwinPillars,"1,151340609"
CLIENTE435,Resembool,"1,151381655"
CLIENTE572,Walden,"1,151443258"
CLIENTE634,Obsidian,"1,151453341"
CLIENTE472,Elysor,"1,151674378"
CLIENTE348,Hyrule,"1,151691987"
CLIENTE82,Bethlehem,"1,151904489"
CLIENTE9,Frosthelm,"1,151919805"
CLIENTE287,Prontera,"1,15215811"
CLIENTE651,Calcara,"1,152210596"
CLIENTE104,Posthaven,"1,152231418"
CLIENTE121,Ngorim,"1,152279943"
CLIENTE154,Besaid,"1,15237381"
CLIENTE620,Iskeld,"1,152642617"
CLIENTE566,Iskeld,"1,152650484"
CLIENTE608,Kragspire,"1,152741121"
CLIENTE543,Besaid,"1,152750729"
CLIENTE546,Azural,"1,152793678"
CLIENTE610,Nassauia,"1,15286918"
CLIENTE271,Midgar,"1,152889969"
CLIENTE83,Kobaris,"1,153025403"
CLIENTE318,Iyomar,"1,153136171"
CLIENTE489,Yenfall,"1,153496424"
CLIENTE523,Limoria,"1,153735124"
CLIENTE38,Yeygard,"1,154158851"
CLIENTE234,Nassauia,"1,154292784"
CLIENTE64,Hazoria,"1,154359237"
CLIENTE713,Swindale,"1,154380232"
CLIENTE91,Nighthaven,"1,154409796"
CLIENTE426,Tahlenwald,"1,154556509"
CLIENTE337,Piscara,"1,154605311"
CLIENTE304,Swindale,"1,154644672"
CLIENTE595,Morrowind,"1,154693637"
CLIENTE1,Mountglass,"1,154897017"
CLIENTE62,Jakura,"1,154919749"
CLIENTE81,Uinhold,"1,155071228"
CLIENTE668,Jadehold,"1,155332941"
CLIENTE94,Promethea,"1,155345091"
CLIENTE237,Rlyeh,"1,155355934"
CLIENTE100,Deeptrench,"1,155415007"
CLIENTE187,Philgaia,"1,155623731"
CLIENTE290,Viscara,"1,155693959"
CLIENTE334,Skellige,"1,156053557"
CLIENTE73,Swindale,"1,156053577"
CLIENTE22,Pandora,"1,156104722"
CLIENTE478,Inoria,"1,156261579"
CLIENTE640,Sectorium,"1,156284678"
CLIENTE462,Marineford,"1,1564042"
CLIENTE469,Casperia,"1,156489079"
CLIENTE76,Dornfall,"1,156650562"
CLIENTE375,Nurmengard,"1,156729358"
CLIENTE88,Helheim,"1,156853459"
CLIENTE309,Yeygard,"1,15687459"
CLIENTE189,Jadehold,"1,156991202"
CLIENTE244,Aeusserst,"1,157044401"
CLIENTE97,Raumor,"1,157104825"
CLIENTE484,Drinmoor,"1,157134176"
CLIENTE82,Alabasta,"1,157603823"
CLIENTE120,Nibelheim,"1,15767557"
CLIENTE250,Iyomar,"1,157701616"
CLIENTE678,Zaphura,"1,158362615"
CLIENTE620,Nenaris,"1,158821361"
CLIENTE467,Pillarreach,"1,159158998"
CLIENTE518,Ishgard,"1,15917018"
CLIENTE40,Tartarus,"1,159406907"
CLIENTE396,Surakai,"1,159555319"
CLIENTE175,Tartarus,"1,159671534"
CLIENTE352,Vancross,"1,159705221"
CLIENTE401,Mythra,"1,159842919"
CLIENTE705,Windscar,"1,159947421"
CLIENTE699,Marineford,"1,159977832"
CLIENTE474,Iyomar,"1,160028822"
CLIENTE133,Brightfall,"1,160070232"
CLIENTE569,Klunheim,"1,160090318"
CLIENTE12,Zanarkand,"1,160218059"
CLIENTE193,Noctis,"1,160268376"
CLIENTE528,Northfall,"1,160346753"
CLIENTE657,Ironfall,"1,160403872"
CLIENTE202,Yenfall,"1,160473238"
CLIENTE394,Hollowmar,"1,160714286"
CLIENTE288,Pangara,"1,160746305"
CLIENTE599,Sunreach,"1,160932921"
CLIENTE644,Nibelheim,"1,161027935"
CLIENTE66,Solhara,"1,161084096"
CLIENTE368,Stormbar,"1,161153527"
CLIENTE253,Nyagara,"1,161158184"
CLIENTE85,Ngorim,"1,161183126"
CLIENTE69,Uinhold,"1,161387485"
CLIENTE92,Jakura,"1,161436757"
CLIENTE352,Hazoria,"1,161502881"
CLIENTE399,Nurmengard,"1,161989279"
CLIENTE162,Glenhaven,"1,162291942"
CLIENTE15,Kobaris,"1,162436986"
CLIENTE381,Lochbar,"1,16251801"
CLIENTE293,Perseon,"1,16260957"
CLIENTE408,Azkaban,"1,162760021"
CLIENTE385,Konoha,"1,16279447"
CLIENTE635,Cartheia,"1,163065675"
CLIENTE304,Mythra,"1,163579275"
CLIENTE15,Bethlehem,"1,163620934"
CLIENTE695,Amoneth,"1,163751353"
CLIENTE145,Quasmar,"1,163789841"
CLIENTE613,Nibelheim,"1,163959745"
CLIENTE132,Memphos,"1,164291039"
CLIENTE657,Pangara,"1,164467947"
CLIENTE554,Termina,"1,164546858"
CLIENTE372,Limoria,"1,164794702"
CLIENTE538,Northfall,"1,164824469"
CLIENTE473,Morrowind,"1,165002335"
CLIENTE495,Lyngard,"1,165064256"
CLIENTE513,Dirtmouth,"1,165107563"
CLIENTE418,Nassauia,"1,165295118"
CLIENTE399,Windscar,"1,165466101"
CLIENTE317,Helheim,"1,165505043"
CLIENTE203,Kandor,"1,165570717"
CLIENTE198,Nenaris,"1,165753804"
CLIENTE27,Bethlehem,"1,16580335"
CLIENTE450,Laputa,"1,165964894"
CLIENTE152,Riorin,"1,16608519"
CLIENTE600,Marineford,"1,166173645"
CLIENTE678,Noctis,"1,166182116"
CLIENTE339,Memphos,"1,166201529"
CLIENTE409,Yenfall,"1,166514025"
CLIENTE93,Yokara,"1,166661017"
CLIENTE660,Pausen,"1,166773516"
CLIENTE199,Thalassar,"1,166856366"
CLIENTE167,Haldryn,"1,166870592"
CLIENTE383,Stonegate,"1,166910221"
CLIENTE268,Mondstadt,"1,167271136"
CLIENTE624,Tuxara,"1,167326887"
CLIENTE58,Sunreach,"1,16733636"
CLIENTE131,Zuldazar,"1,167411063"
CLIENTE142,Sunreach,"1,167483101"
CLIENTE621,Nenaris,"1,167510862"
CLIENTE92,Zanarkand,"1,16793905"
CLIENTE277,Altissia,"1,168038983"
CLIENTE483,Savois,"1,168055418"
CLIENTE172,Pillarreach,"1,168281122"
CLIENTE494,Frosthelm,"1,168501584"
CLIENTE345,Deliora,"1,168791499"
CLIENTE616,Deepwater,"1,168936973"
CLIENTE333,Nenaris,"1,168965921"
CLIENTE232,Quasmar,"1,168972481"
CLIENTE279,Nyagara,"1,169073863"
CLIENTE448,Yjigar,"1,169317211"
CLIENTE167,Shadowpeak,"1,169489966"
CLIENTE251,Hyrule,"1,169526776"
CLIENTE512,Jadehold,"1,169606949"
CLIENTE18,Vancross,"1,169612774"
CLIENTE585,Deliora,"1,169628902"
CLIENTE8,TwinPillars,"1,170157897"
CLIENTE13,Windscar,"1,170231385"
CLIENTE5,Nurmengard,"1,170405806"
CLIENTE452,Yatora,"1,171208098"
CLIENTE105,Melvara,"1,171216546"
CLIENTE466,Northfall,"1,171247189"
CLIENTE336,Midgar,"1,171275667"
CLIENTE202,Limoria,"1,171345712"
CLIENTE270,Muskara,"1,17141511"
CLIENTE504,Termina,"1,171460461"
CLIENTE368,Brakmar,"1,17146601"
CLIENTE562,Hazoria,"1,171532212"
CLIENTE35,Ashkora,"1,171784451"
CLIENTE422,Greywatch,"1,171896556"
CLIENTE507,Ivalice,"1,171902154"
CLIENTE707,Tartarus,"1,172032378"
CLIENTE255,Cartheia,"1,172038289"
CLIENTE334,Amoneth,"1,172052787"
CLIENTE626,Konoha,"1,172099614"
CLIENTE80,Hogwarts,"1,172303799"
CLIENTE292,Ichoris,"1,172445809"
CLIENTE497,Nosgoth,"1,172451855"
CLIENTE21,Tartarus,"1,172596479"
CLIENTE73,Ishgard,"1,172619474"
CLIENTE482,Amoneth,"1,173123191"
CLIENTE456,Imre,"1,173143712"
CLIENTE557,Casperia,"1,173453016"
CLIENTE13,Tomarath,"1,173481713"
CLIENTE681,Dornfall,"1,17358712"
CLIENTE349,Grimvale,"1,174116244"
CLIENTE157,Fernwall,"1,174337541"
CLIENTE411,Azural,"1,17451224"
CLIENTE441,Noctis,"1,174659315"
CLIENTE67,Laputa,"1,174739463"
CLIENTE421,Xinthar,"1,174743827"
CLIENTE310,Klunheim,"1,17475881"
CLIENTE535,Sidora,"1,174900509"
CLIENTE288,Deeptrench,"1,174911254"
CLIENTE674,Haldryn,"1,17504647"
CLIENTE431,Besaid,"1,175149861"
CLIENTE132,Midgar,"1,175676251"
CLIENTE625,Duskwall,"1,175704734"
CLIENTE399,Targalon,"1,175846543"
CLIENTE472,Quasmar,"1,176355574"
CLIENTE360,Seireitei,"1,176511743"
CLIENTE14,Northfall,"1,176724032"
CLIENTE596,Pausen,"1,176747602"
CLIENTE655,Deepwater,"1,176917058"
CLIENTE182,Zuldazar,"1,17698045"
CLIENTE396,Aeusserst,"1,177213054"
CLIENTE31,Sethera,"1,17748291"
CLIENTE132,Dragmere,"1,177503962"
CLIENTE352,Tarbean,"1,177739188"
CLIENTE292,Northfall,"1,177771609"
CLIENTE630,Kakariko,"1,178115519"
CLIENTE29,Helheim,"1,178161599"
CLIENTE698,Sunreach,"1,178899612"
CLIENTE138,Johto,"1,179050545"
CLIENTE27,Azkaban,"1,179064452"
CLIENTE72,Limoria,"1,179182751"
CLIENTE320,Zanarkand,"1,179436105"
CLIENTE605,Kobaris,"1,179581351"
CLIENTE663,Lochbar,"1,179640674"
CLIENTE485,Imre,"1,179698943"
CLIENTE675,Glenhaven,"1,179960717"
CLIENTE524,Kakariko,"1,180068843"
CLIENTE181,Inoria,"1,180442632"
CLIENTE250,Lyngard,"1,180498702"
CLIENTE440,Noctis,"1,180575082"
CLIENTE665,Cartheia,"1,180589248"
CLIENTE108,Deepwater,"1,180717422"
CLIENTE294,Hazoria,"1,180795629"
CLIENTE20,Sidora,"1,180806855"
CLIENTE277,Wuhaven,"1,180894884"
CLIENTE224,Sidora,"1,180975045"
CLIENTE648,Stonegate,"1,180978676"
CLIENTE602,Manshade,"1,181004419"
CLIENTE629,Brightfall,"1,181368456"
CLIENTE477,Casperia,"1,181383389"
CLIENTE210,Greywatch,"1,181831959"
CLIENTE55,Ossandor,"1,182051642"
CLIENTE65,Nighthaven,"1,182092667"
CLIENTE204,Wuhaven,"1,18215807"
CLIENTE441,Solhara,"1,182387468"
CLIENTE614,Nurmengard,"1,182493581"
CLIENTE377,Askr,"1,182663537"
CLIENTE414,Yatora,"1,182884419"
CLIENTE460,Vancross,"1,183084709"
CLIENTE120,Resembool,"1,183133572"
CLIENTE518,Manifold,"1,183320873"
CLIENTE239,Laputa,"1,183408328"
CLIENTE378,TwinPillars,"1,183586178"
CLIENTE488,Qineth,"1,183761042"
CLIENTE68,Nenaris,"1,183961272"
CLIENTE446,Tahlenwald,"1,183988844"
CLIENTE634,Lyngard,"1,184004014"
CLIENTE511,Kragspire,"1,18407767"
CLIENTE562,Azkaban,"1,184216832"
CLIENTE201,Valisthea,"1,184265467"
CLIENTE224,Ranskar,"1,184416672"
CLIENTE269,Zuldazar,"1,184496429"
CLIENTE160,Dirtmouth,"1,184506627"
CLIENTE312,Ichoris,"1,184659698"
CLIENTE342,Shadowpeak,"1,184726664"
CLIENTE30,Sableport,"1,184746081"
CLIENTE208,Rlyeh,"1,184782353"
CLIENTE600,Ishgard,"1,184804291"
CLIENTE383,Namek,"1,184830903"
CLIENTE510,Askr,"1,184912157"
CLIENTE358,Ichoris,"1,185010369"
CLIENTE705,Stonegate,"1,1852558"
CLIENTE292,Bethlehem,"1,185307673"
CLIENTE622,Kobaris,"1,185494424"
CLIENTE588,Noctis,"1,185498442"
CLIENTE645,Marineford,"1,185602589"
CLIENTE571,Hazoria,"1,185699207"
CLIENTE561,Memphos,"1,186025015"
CLIENTE531,Askr,"1,186103768"
CLIENTE175,Pangara,"1,186144053"
CLIENTE465,Iskeld,"1,186287333"
CLIENTE456,Muskara,"1,186323304"
CLIENTE301,Jadehold,"1,186512596"
CLIENTE671,Ivalice,"1,186564684"
CLIENTE673,Gerudo,"1,186692926"
CLIENTE697,Kandor,"1,186703392"
CLIENTE238,Kandor,"1,186774345"
CLIENTE310,Shadowpeak,"1,186807418"
CLIENTE294,Deliora,"1,186820229"
CLIENTE315,Glenhaven,"1,186972701"
CLIENTE624,Philgaia,"1,187153067"
CLIENTE27,Sethera,"1,187338902"
CLIENTE105,Konoha,"1,187634326"
CLIENTE450,Riorin,"1,187921542"
CLIENTE417,Pandora,"1,18794248"
CLIENTE602,Surakai,"1,187984835"
CLIENTE337,Marineford,"1,187990309"
CLIENTE361,Ossandor,"1,18802457"
CLIENTE440,Shadowpeak,"1,18809272"
CLIENTE334,Khengar,"1,188407156"
CLIENTE468,Azural,"1,188544556"
CLIENTE134,Manifold,"1,18865454"
CLIENTE155,Besaid,"1,188689126"
CLIENTE482,Rocabar,"1,188746913"
CLIENTE333,Nurmengard,"1,188805153"
CLIENTE310,Altissia,"1,188825296"
CLIENTE133,Nyagara,"1,18910216"
CLIENTE39,Savois,"1,189129075"
CLIENTE496,Ngorim,"1,189206374"
CLIENTE185,Pangara,"1,189317155"
CLIENTE90,Nosgoth,"1,189331506"
CLIENTE162,Morrowind,"1,189378724"
CLIENTE298,Riorin,"1,189503842"
CLIENTE375,Stormhold,"1,189641122"
CLIENTE635,Muskara,"1,189675094"
CLIENTE531,Klunheim,"1,189716172"
CLIENTE241,Tuxara,"1,19001453"
CLIENTE474,Pandora,"1,190116129"
CLIENTE420,Limoria,"1,190147946"
CLIENTE550,Aeusserst,"1,190204816"
CLIENTE232,Yatora,"1,190252045"
CLIENTE259,Alabasta,"1,190292415"
CLIENTE127,Winhill,"1,190495382"
CLIENTE389,Resembool,"1,190674305"
CLIENTE531,Muskara,"1,190776465"
CLIENTE679,Alabasta,"1,190812486"
CLIENTE21,Ulthar,"1,191004486"
CLIENTE84,Brightfall,"1,191162415"
CLIENTE602,Midgar,"1,191285127"
CLIENTE196,Gerudo,"1,191317069"
CLIENTE670,Hogwarts,"1,191549902"
CLIENTE296,Imre,"1,191805269"
CLIENTE257,Jakura,"1,191995724"
CLIENTE695,Salvaris,"1,192105173"
CLIENTE37,Elzion,"1,192722614"
CLIENTE471,Imre,"1,192974804"
CLIENTE266,Lathen,"1,193013014"
CLIENTE212,Northfall,"1,193257052"
CLIENTE271,Ossandor,"1,193319621"
CLIENTE292,Ivalice,"1,193321392"
CLIENTE348,Marineford,"1,193454541"
CLIENTE574,Riorin,"1,193467324"
CLIENTE570,Nyagara,"1,193748402"
CLIENTE172,Yenfall,"1,193984666"
CLIENTE510,Walden,"1,194286477"
CLIENTE700,Glenhaven,"1,194296928"
CLIENTE118,Dragmere,"1,19436164"
CLIENTE639,Marineford,"1,19445412"
CLIENTE492,TwinPillars,"1,194916055"
CLIENTE441,Eredin,"1,195018852"
CLIENTE657,Skyreach,"1,195294171"
CLIENTE356,Vancross,"1,1953212"
CLIENTE26,Amoneth,"1,195501246"
CLIENTE483,Northfall,"1,195544816"
CLIENTE431,Dornfall,"1,195642315"
CLIENTE4,Brightfall,"1,195730342"
CLIENTE265,Jadehold,"1,195761013"
CLIENTE146,Mountglass,"1,196157634"
CLIENTE124,Chenara,"1,19626461"
CLIENTE117,Thalassar,"1,196285136"
CLIENTE500,Solhara,"1,196307633"
CLIENTE470,Dragmere,"1,196380899"
CLIENTE56,Xinthar,"1,196384056"
CLIENTE628,Glenhaven,"1,196461497"
CLIENTE210,Kobaris,"1,196723752"
CLIENTE620,Tartarus,"1,197046609"
CLIENTE232,Dragmere,"1,197115052"
CLIENTE118,Nassauia,"1,197231233"
CLIENTE711,Swindale,"1,197358647"
CLIENTE224,Piscara,"1,197441084"
CLIENTE364,Highspire,"1,197523293"
CLIENTE588,Lyngard,"1,19762462"
CLIENTE341,Ykoura,"1,197794767"
CLIENTE45,Valyria,"1,19790216"
CLIENTE442,Salvaris,"1,198187503"
CLIENTE552,Walden,"1,198260957"
CLIENTE318,Brakmar,"1,198287584"
CLIENTE230,Thalassar,"1,198410764"
CLIENTE383,Nibelheim,"1,198464615"
CLIENTE250,Melvara,"1,198559007"
CLIENTE687,Sethera,"1,198560077"
CLIENTE454,Greywatch,"1,198654983"
CLIENTE432,Osaria,"1,198799299"
CLIENTE577,Tempestia,"1,198838466"
CLIENTE479,Salvaris,"1,198843528"
CLIENTE290,Sethera,"1,199118857"
CLIENTE368,Limoria,"1,1992975"
CLIENTE210,Lochbar,"1,19953403"
CLIENTE243,Highspire,"1,199681954"
CLIENTE704,Nibelheim,"1,200093182"
CLIENTE557,Pillarreach,"1,200112718"
CLIENTE137,Helheim,"1,200118976"
CLIENTE488,Frosthelm,"1,200285479"
CLIENTE477,Yeygard,"1,200727231"
CLIENTE293,Melvara,"1,20106787"
CLIENTE383,Thalassar,"1,201171935"
CLIENTE208,Memphos,"1,201271461"
CLIENTE289,Gerudo,"1,201452837"
CLIENTE579,Manshade,"1,201659533"
CLIENTE91,TwinPillars,"1,20194058"
CLIENTE156,Northfall,"1,202081396"
CLIENTE67,Mondstadt,"1,202309379"
CLIENTE121,Noctis,"1,20239459"
CLIENTE7,Nassauia,"1,202428515"
CLIENTE243,Ykoura,"1,202452137"
CLIENTE526,Melvara,"1,202547723"
CLIENTE662,Northfall,"1,202573456"
CLIENTE331,Skellige,"1,202674996"
CLIENTE319,Tomarath,"1,203015786"
CLIENTE241,Elysor,"1,203031307"
CLIENTE148,Mountglass,"1,203103603"
CLIENTE379,Manifold,"1,203157363"
CLIENTE65,Ishgard,"1,203174122"
CLIENTE607,Riorin,"1,203221442"
CLIENTE228,Zanarkand,"1,203266569"
CLIENTE436,Resembool,"1,203268785"
CLIENTE453,Hazoria,"1,203293073"
CLIENTE235,Skyreach,"1,203307951"
CLIENTE503,Ishgard,"1,203646714"
CLIENTE134,Sethera,"1,20366826"
CLIENTE512,Ossandor,"1,20372495"
CLIENTE308,Zaphura,"1,203973368"
CLIENTE398,Eredin,"1,20405517"
CLIENTE157,Piscara,"1,204134347"
CLIENTE175,Philgaia,"1,204389628"
CLIENTE338,Viscara,"1,204742284"
CLIENTE426,Winhill,"1,20479993"
CLIENTE298,Lyngard,"1,204983815"
CLIENTE6,Swindale,"1,205211299"
CLIENTE395,Windscar,"1,205270457"
CLIENTE29,Duskwall,"1,205355361"
CLIENTE587,Tutira,"1,205444687"
CLIENTE284,Askr,"1,20556456"
CLIENTE87,Tchurion,"1,205670336"
CLIENTE518,Yeygard,"1,20568165"
CLIENTE670,Noctis,"1,205789546"
CLIENTE285,Yenfall,"1,205800882"
CLIENTE450,Dornfall,"1,205877562"
CLIENTE272,Savois,"1,20597836"
CLIENTE549,Surakai,"1,20603326"
CLIENTE628,Valyria,"1,206074672"
CLIENTE683,Deeptrench,"1,206106852"
CLIENTE611,Prontera,"1,206202324"
CLIENTE470,Mondstadt,"1,206809167"
CLIENTE350,Shadowpeak,"1,2068157"
CLIENTE217,Glenhaven,"1,207192481"
CLIENTE222,Klunheim,"1,207409764"
CLIENTE633,Yokara,"1,20761339"
CLIENTE480,Skyreach,"1,207649845"
CLIENTE458,Imre,"1,207673809"
CLIENTE261,Cartheia,"1,20780614"
CLIENTE713,Iyomar,"1,208197687"
CLIENTE635,Marineford,"1,208218982"
CLIENTE461,Kobaris,"1,208240323"
CLIENTE122,Iskeld,"1,208271732"
CLIENTE349,Ishgard,"1,208403113"
CLIENTE67,Ivalice,"1,208418665"
CLIENTE585,Kragspire,"1,20849666"
CLIENTE253,Ranskar,"1,20875094"
CLIENTE641,Cairhien,"1,208753821"
CLIENTE19,Askr,"1,208895089"
CLIENTE359,Glenhaven,"1,209030503"
CLIENTE92,Ngorim,"1,209098377"
CLIENTE186,Pangara,"1,209238013"
CLIENTE673,Wuhaven,"1,209305925"
CLIENTE160,Nenaris,"1,209339555"
CLIENTE334,Skyreach,"1,209358189"
CLIENTE499,Huern,"1,209578684"
CLIENTE437,Savois,"1,209864399"
CLIENTE502,Salvaris,"1,21023869"
CLIENTE491,Imre,"1,210424493"
CLIENTE224,Rocabar,"1,210532655"
CLIENTE367,Jakura,"1,210640556"
CLIENTE591,Nibelheim,"1,210737094"
CLIENTE594,Namek,"1,210955016"
CLIENTE36,Limoria,"1,211041673"
CLIENTE334,Swindale,"1,211087072"
CLIENTE325,Brakmar,"1,211166932"
CLIENTE4,Dirtmouth,"1,211226825"
CLIENTE58,Manshade,"1,211283641"
CLIENTE73,Yokara,"1,211435197"
CLIENTE506,Kharon,"1,211456654"
CLIENTE630,Casperia,"1,211465775"
CLIENTE660,Zuldazar,"1,211719552"
CLIENTE451,Nenaris,"1,211842546"
CLIENTE647,Hollowmar,"1,212353543"
CLIENTE403,Calcara,"1,212429906"
CLIENTE649,Solhara,"1,212489769"
CLIENTE13,Kharon,"1,212517123"
CLIENTE105,Ichoris,"1,212546889"
CLIENTE205,Ivalice,"1,212597921"
CLIENTE116,Ishgard,"1,212677589"
CLIENTE675,Greywatch,"1,212774187"
CLIENTE48,Helheim,"1,213244484"
CLIENTE322,Nenaris,"1,213289271"
CLIENTE411,Sunreach,"1,21352084"
CLIENTE596,Glenhaven,"1,21362172"
CLIENTE343,Dornfall,"1,213666238"
CLIENTE689,Riorin,"1,213841433"
CLIENTE186,Nassauia,"1,213926016"
CLIENTE64,Azkaban,"1,21441069"
CLIENTE449,Galdrin,"1,214779868"
CLIENTE670,Johto,"1,214867447"
CLIENTE575,Yeygard,"1,214881452"
CLIENTE53,Drinmoor,"1,215181764"
CLIENTE196,Ranskar,"1,215252289"
CLIENTE585,Xinthar,"1,215286493"
CLIENTE398,TwinPillars,"1,21538687"
CLIENTE268,Pillarreach,"1,215414071"
CLIENTE511,Wuhaven,"1,215414724"
CLIENTE583,Drinmoor,"1,215618914"
CLIENTE92,Yokara,"1,21563527"
CLIENTE392,Haldryn,"1,215850902"
CLIENTE281,Resembool,"1,215894962"
CLIENTE80,Kandor,"1,216032282"
CLIENTE274,Riorin,"1,216088438"
CLIENTE26,Pandora,"1,2163368"
CLIENTE354,Ichoris,"1,216350063"
CLIENTE44,Stonegate,"1,216484653"
CLIENTE254,Ironfall,"1,216542417"
CLIENTE323,Vancross,"1,216749302"
CLIENTE229,Mythra,"1,21675356"
CLIENTE236,Stormhold,"1,216926437"
CLIENTE705,Savois,"1,217018475"
CLIENTE473,Azural,"1,217348447"
CLIENTE603,Stonegate,"1,217450404"
CLIENTE345,Shadowpeak,"1,217607284"
CLIENTE604,Pandora,"1,217785775"
CLIENTE463,Konoha,"1,217871203"
CLIENTE11,Memphos,"1,217907326"
CLIENTE91,Grimvale,"1,218126622"
CLIENTE434,Ironfall,"1,218256386"
CLIENTE223,Ykoura,"1,218376126"
CLIENTE542,Lothlorien,"1,218802629"
CLIENTE676,Hazoria,"1,21890877"
CLIENTE357,Vancross,"1,219236306"
CLIENTE470,Riorin,"1,219253021"
CLIENTE324,Jindara,"1,21937005"
CLIENTE347,Sidora,"1,219746783"
CLIENTE245,Thalassar,"1,219774911"
CLIENTE639,Nighthaven,"1,220062987"
CLIENTE616,Termina,"1,220229561"
CLIENTE399,Chenara,"1,220336119"
CLIENTE3,Salvaris,"1,22057025"
CLIENTE10,Mountglass,"1,220745949"
CLIENTE246,Melvara,"1,220757787"
CLIENTE168,Koktahl,"1,221014832"
CLIENTE507,Stormbar,"1,221037928"
CLIENTE181,Drinmoor,"1,221054993"
CLIENTE141,Nighthaven,"1,221095837"
CLIENTE389,Bethlehem,"1,221164266"
CLIENTE665,Koktahl,"1,22136796"
CLIENTE340,Quasmar,"1,221457056"
CLIENTE226,Tarbean,"1,221538582"
CLIENTE551,Haldryn,"1,221544149"
CLIENTE42,Johto,"1,221635939"
CLIENTE673,Prontera,"1,22185458"
CLIENTE591,Hyrule,"1,221922075"
CLIENTE222,Deeptrench,"1,222181678"
CLIENTE573,Quasmar,"1,222225025"
CLIENTE298,Osaria,"1,222448162"
CLIENTE429,Deepwater,"1,222537828"
CLIENTE352,Stormhold,"1,222542157"
CLIENTE296,Humeria,"1,22255383"
CLIENTE426,Resembool,"1,222764281"
CLIENTE123,Konoha,"1,223019992"
CLIENTE213,Tarbean,"1,223128521"
CLIENTE326,Tuxara,"1,22313932"
CLIENTE473,Northfall,"1,223254313"
CLIENTE109,Brakmar,"1,223354353"
CLIENTE44,Kobaris,"1,223409443"
CLIENTE498,Cartheia,"1,223428492"
CLIENTE449,Jindara,"1,223529027"
CLIENTE314,Quasmar,"1,223745958"
CLIENTE451,Gerudo,"1,223862679"
CLIENTE294,Lathen,"1,223926338"
CLIENTE697,Laputa,"1,223988457"
CLIENTE374,Kandor,"1,224076864"
CLIENTE533,Sethera,"1,224140734"
CLIENTE233,Brakmar,"1,224157529"
CLIENTE113,Koktahl,"1,224262117"
CLIENTE465,Imre,"1,224332296"
CLIENTE116,Skyreach,"1,22448495"
CLIENTE616,Kharon,"1,224807513"
CLIENTE78,Stormbar,"1,224828353"
CLIENTE403,Gerudo,"1,224991726"
CLIENTE522,Askr,"1,22500141"
CLIENTE38,Ironfall,"1,225293534"
CLIENTE137,Ngorim,"1,225652746"
CLIENTE289,Stonegate,"1,225808407"
CLIENTE126,Ichoris,"1,225908843"
CLIENTE643,Elysor,"1,226073572"
CLIENTE469,Nighthaven,"1,226339588"
CLIENTE159,Ngorim,"1,226538845"
CLIENTE516,Johto,"1,226636414"
CLIENTE251,Uinhold,"1,226797343"
CLIENTE632,Piscara,"1,226818914"
CLIENTE298,Paldea,"1,2268718"
CLIENTE279,Ossandor,"1,22688332"
CLIENTE291,Iyomar,"1,227100488"
CLIENTE391,Noctis,"1,227120659"
CLIENTE43,Yenfall,"1,227144951"
CLIENTE302,Skellige,"1,227311678"
CLIENTE237,Stevanor,"1,227340809"
CLIENTE677,Tchurion,"1,227354739"
CLIENTE699,Tuxara,"1,227605826"
CLIENTE369,Hyrule,"1,227783447"
CLIENTE98,Lochbar,"1,227969138"
CLIENTE580,Osaria,"1,227969402"
CLIENTE204,Elzion,"1,228201947"
CLIENTE230,Dirtmouth,"1,228202095"
CLIENTE420,Ashkora,"1,228280539"
CLIENTE547,Azkaban,"1,228284124"
CLIENTE490,Ykoura,"1,228586556"
CLIENTE260,Tahlenwald,"1,228878134"
CLIENTE207,Calcara,"1,228906922"
CLIENTE271,Zanarkand,"1,22909887"
CLIENTE155,Liones,"1,229199216"
CLIENTE120,Ishgard,"1,229642977"
CLIENTE370,Ishgard,"1,229885014"
CLIENTE454,Uinhold,"1,230015138"
CLIENTE692,Windscar,"1,230035603"
CLIENTE711,Stevanor,"1,230054438"
CLIENTE507,Termina,"1,230261431"
CLIENTE705,Greywatch,"1,230404559"
CLIENTE648,Cartheia,"1,230601357"
CLIENTE281,Deliora,"1,230611542"
CLIENTE281,Swindale,"1,230764786"
CLIENTE564,Wuhaven,"1,230817267"
CLIENTE605,Morrowind,"1,230946763"
CLIENTE574,Zanarkand,"1,23099772"
CLIENTE426,Brightfall,"1,231065466"
CLIENTE317,Philgaia,"1,231181674"
CLIENTE697,Iyomar,"1,231228471"
CLIENTE260,Huern,"1,231234453"
CLIENTE555,Pausen,"1,231268416"
CLIENTE218,Askr,"1,231647902"
CLIENTE224,Spira,"1,231750308"
CLIENTE42,Kobaris,"1,232112765"
CLIENTE365,Drinmoor,"1,232576418"
CLIENTE417,Surakai,"1,232663141"
CLIENTE13,Xinthar,"1,232696419"
CLIENTE609,Sethera,"1,232893537"
CLIENTE644,Koktahl,"1,233011361"
CLIENTE559,Sunreach,"1,23302458"
CLIENTE276,Jindara,"1,233317996"
CLIENTE346,Morrowind,"1,233331453"
CLIENTE674,Riorin,"1,233360648"
CLIENTE652,Nurmengard,"1,233390797"
CLIENTE667,Yatora,"1,233419368"
CLIENTE281,Zaphura,"1,233445307"
CLIENTE490,Hyrule,"1,233483456"
CLIENTE215,Deepwater,"1,233559693"
CLIENTE572,Rivenspire,"1,233642763"
CLIENTE63,Galdrin,"1,233813709"
CLIENTE634,Rivenspire,"1,234047564"
CLIENTE91,Nibelheim,"1,234135189"
CLIENTE669,Klunheim,"1,234268869"
CLIENTE196,Dornfall,"1,234726011"
CLIENTE334,Philgaia,"1,234753359"
CLIENTE586,Pangara,"1,234835988"
CLIENTE243,Tuxara,"1,234933933"
CLIENTE475,Muskara,"1,235083833"
CLIENTE491,Amoneth,"1,235155021"
CLIENTE259,Seireitei,"1,235233288"
CLIENTE260,Sunreach,"1,235298795"
CLIENTE664,Marineford,"1,235465019"
CLIENTE113,Besaid,"1,23549488"
CLIENTE681,Perseon,"1,235517586"
CLIENTE117,Uinhold,"1,235611526"
CLIENTE317,Ironfall,"1,235923153"
CLIENTE707,Kragspire,"1,23660136"
CLIENTE187,Lyngard,"1,237081528"
CLIENTE616,Iskeld,"1,237086933"
CLIENTE670,Lothlorien,"1,237113631"
CLIENTE389,Zanarkand,"1,237231152"
CLIENTE399,Thalassar,"1,237304596"
CLIENTE408,Khengar,"1,237449572"
CLIENTE129,Brightfall,"1,23765803"
CLIENTE229,Osaria,"1,237680835"
CLIENTE266,Surakai,"1,237704281"
CLIENTE73,Yenfall,"1,237754695"
CLIENTE63,Haldryn,"1,237982692"
CLIENTE679,Riorin,"1,238004982"
CLIENTE172,Tuxara,"1,238115968"
CLIENTE232,Tchurion,"1,23813258"
CLIENTE116,Highspire,"1,238226063"
CLIENTE311,Lathen,"1,238532223"
CLIENTE667,Deeptrench,"1,238544739"
CLIENTE365,Grimvale,"1,238634989"
CLIENTE646,Dragmere,"1,238819781"
CLIENTE649,Zaphura,"1,238999042"
CLIENTE258,Namek,"1,239082642"
CLIENTE432,Azkaban,"1,239403779"
CLIENTE148,Posthaven,"1,239598879"
CLIENTE600,Sectorium,"1,239817161"
CLIENTE14,Iyomar,"1,239845206"
CLIENTE679,Seireitei,"1,239971059"
CLIENTE207,Konoha,"1,239995472"
CLIENTE26,Alabasta,"1,240026425"
CLIENTE332,Eredin,"1,24007429"
CLIENTE240,Posthaven,"1,240099811"
CLIENTE354,Ivalice,"1,240506542"
CLIENTE705,Yeygard,"1,24057314"
CLIENTE659,Tempestia,"1,240627326"
CLIENTE80,Pangara,"1,240692575"
CLIENTE7,Thalassar,"1,240758071"
CLIENTE97,Pillarreach,"1,240910451"
CLIENTE568,Windscar,"1,24096784"
CLIENTE31,Sableport,"1,241123757"
CLIENTE374,Azkaban,"1,241150904"
CLIENTE372,Midgar,"1,241239579"
CLIENTE638,Sectorium,"1,241497659"
CLIENTE589,Limoria,"1,241540347"
CLIENTE177,Tchurion,"1,241884762"
CLIENTE239,Casperia,"1,242163688"
CLIENTE699,Hollowmar,"1,242606712"
CLIENTE537,Jakura,"1,242701157"
CLIENTE588,Elysor,"1,242752615"
CLIENTE300,Pausen,"1,242754908"
CLIENTE381,Stormhold,"1,242791046"
CLIENTE390,Philgaia,"1,24286736"
CLIENTE505,Elysor,"1,243042706"
CLIENTE514,Manifold,"1,243662685"
CLIENTE510,Savois,"1,243675318"
CLIENTE237,Deliora,"1,243977735"
CLIENTE360,Yeygard,"1,244028124"
CLIENTE249,Ivalice,"1,244131395"
CLIENTE322,Nurmengard,"1,244215679"
CLIENTE296,Namek,"1,244250742"
CLIENTE684,Xinthar,"1,244549799"
CLIENTE199,Konoha,"1,244560152"
CLIENTE355,Jindara,"1,245072132"
CLIENTE100,Calcara,"1,245385931"
CLIENTE681,Nighthaven,"1,245582678"
CLIENTE589,Vancross,"1,24562179"
CLIENTE512,Bethlehem,"1,246113079"
CLIENTE71,Greywatch,"1,246224275"
CLIENTE361,Chenara,"1,246236194"
CLIENTE283,Liones,"1,246469662"
CLIENTE312,Klunheim,"1,246653356"
CLIENTE665,Rlyeh,"1,246814725"
CLIENTE92,Kakariko,"1,247204829"
CLIENTE686,Pangara,"1,247216659"
CLIENTE92,Ivalice,"1,247249307"
CLIENTE567,Klunheim,"1,247469928"
CLIENTE471,Osaria,"1,247613056"
CLIENTE446,Ranskar,"1,248416515"
CLIENTE18,Swindale,"1,249194508"
CLIENTE655,Rlyeh,"1,249195613"
CLIENTE103,Salvaris,"1,249208746"
CLIENTE259,Manshade,"1,249431463"
CLIENTE579,Tarbean,"1,249716455"
CLIENTE319,Lochbar,"1,249861454"
CLIENTE294,Piscara,"1,249905716"
CLIENTE705,Brakmar,"1,250118357"
CLIENTE534,Promethea,"1,250174538"
CLIENTE691,Tutira,"1,250250685"
CLIENTE409,Aeusserst,"1,250326223"
CLIENTE680,Tempestia,"1,250443829"
CLIENTE55,Ivalice,"1,25050995"
CLIENTE683,Elysor,"1,250664953"
CLIENTE666,Valyria,"1,250691581"
CLIENTE661,Sectorium,"1,250950382"
CLIENTE156,Eredin,"1,251271717"
CLIENTE553,Philgaia,"1,251500654"
CLIENTE105,Morrowind,"1,251705235"
CLIENTE595,Iyomar,"1,251747335"
CLIENTE190,Deliora,"1,251841028"
CLIENTE690,Tahlenwald,"1,251851695"
CLIENTE681,Konoha,"1,251853865"
CLIENTE349,Shadowpeak,"1,25188473"
CLIENTE446,Valyria,"1,252207334"
CLIENTE561,Midgar,"1,252368237"
CLIENTE57,Zanarkand,"1,252783834"
CLIENTE91,Hogwarts,"1,253065768"
CLIENTE18,Tutira,"1,253182772"
CLIENTE321,Johto,"1,25328641"
CLIENTE513,Ulthar,"1,253391025"
CLIENTE409,Nenaris,"1,253393946"
CLIENTE463,Obsidian,"1,253536642"
CLIENTE423,Yenfall,"1,253582316"
CLIENTE565,Pandora,"1,253696586"
CLIENTE331,Lyngard,"1,253748939"
CLIENTE35,Liones,"1,253830524"
CLIENTE308,Mondstadt,"1,254030591"
CLIENTE125,TwinPillars,"1,254128488"
CLIENTE266,Promethea,"1,254243464"
CLIENTE272,Jadehold,"1,254398946"
CLIENTE92,Amoneth,"1,254605032"
CLIENTE352,Memphos,"1,254655972"
CLIENTE329,Huern,"1,254755163"
CLIENTE351,Nurmengard,"1,254808414"
CLIENTE354,Ashkora,"1,254911339"
CLIENTE631,Dornfall,"1,254988674"
CLIENTE338,Kandor,"1,255370533"
CLIENTE588,Zaphura,"1,255374634"
CLIENTE686,Skyreach,"1,255520049"
CLIENTE296,Obsidian,"1,255566244"
CLIENTE582,Zaphura,"1,255949603"
CLIENTE223,Nyagara,"1,256166062"
CLIENTE272,Altissia,"1,256230396"
CLIENTE398,Valyria,"1,256318161"
CLIENTE304,Paldea,"1,256389813"
CLIENTE507,Bethlehem,"1,256569255"
CLIENTE397,Imre,"1,256724523"
CLIENTE597,Brakmar,"1,256784506"
CLIENTE186,Liones,"1,256830521"
CLIENTE423,Hyrule,"1,256951428"
CLIENTE327,Koktahl,"1,257054361"
CLIENTE386,Koktahl,"1,257082084"
CLIENTE83,Marineford,"1,25711349"
CLIENTE265,Ironfall,"1,257162807"
CLIENTE4,Piscara,"1,257163221"
CLIENTE20,Khengar,"1,257398069"
CLIENTE446,Rocabar,"1,257423681"
CLIENTE123,Alabasta,"1,257793929"
CLIENTE434,Winhill,"1,257930897"
CLIENTE486,Melvara,"1,258057133"
CLIENTE665,Morrowind,"1,258351391"
CLIENTE70,Altissia,"1,258374294"
CLIENTE165,Limoria,"1,258464271"
CLIENTE121,Shadowpeak,"1,258555412"
CLIENTE418,Ossandor,"1,258787919"
CLIENTE634,Ironfall,"1,259250862"
CLIENTE308,Yenfall,"1,259257992"
CLIENTE275,Jadehold,"1,259350645"
CLIENTE531,Cartheia,"1,259620981"
CLIENTE710,Melvara,"1,259691921"
CLIENTE348,Eredin,"1,259832447"
CLIENTE527,Tuxara,"1,259976826"
CLIENTE353,Savois,"1,25997888"
CLIENTE524,Altissia,"1,260070452"
CLIENTE625,Jakura,"1,260224303"
CLIENTE91,Lathen,"1,260255202"
CLIENTE263,Qineth,"1,260597964"
CLIENTE645,Osaria,"1,260865947"
CLIENTE536,Memphos,"1,26106485"
CLIENTE67,Helheim,"1,261184993"
CLIENTE304,Glenhaven,"1,261268854"
CLIENTE680,Qineth,"1,261269475"
CLIENTE551,Mountglass,"1,261298805"
CLIENTE117,Stonegate,"1,261320853"
CLIENTE311,Duskwall,"1,261454406"
CLIENTE431,Noctis,"1,261588662"
CLIENTE107,Pillarreach,"1,261852905"
CLIENTE55,Mountglass,"1,262165785"
CLIENTE255,Sableport,"1,262410356"
CLIENTE629,Jakura,"1,262577069"
CLIENTE377,Valisthea,"1,262590411"
CLIENTE666,Highspire,"1,262667563"
CLIENTE385,Paldea,"1,262826978"
CLIENTE673,Tuxara,"1,262963541"
CLIENTE284,Iyomar,"1,263062741"
CLIENTE144,Walden,"1,263191924"
CLIENTE632,Targalon,"1,263217133"
CLIENTE565,Khengar,"1,263708174"
CLIENTE541,Jindara,"1,264021445"
CLIENTE303,Tomarath,"1,264056905"
CLIENTE641,Swindale,"1,264092086"
CLIENTE565,Huern,"1,264767435"
CLIENTE597,Ykoura,"1,264771503"
CLIENTE29,Sunreach,"1,264805867"
CLIENTE600,Rivenspire,"1,264822865"
CLIENTE606,Nibelheim,"1,265072369"
CLIENTE695,Noctis,"1,265266062"
CLIENTE190,Azural,"1,265397171"
CLIENTE505,Termina,"1,265442421"
CLIENTE357,Besaid,"1,265617013"
CLIENTE537,Rocabar,"1,265711026"
CLIENTE362,Haldryn,"1,265717386"
CLIENTE639,Amoneth,"1,26577659"
CLIENTE389,Rivenspire,"1,265817241"
CLIENTE13,Nighthaven,"1,26583646"
CLIENTE469,Manifold,"1,266191377"
CLIENTE560,Calcara,"1,266367723"
CLIENTE4,Jindara,"1,266516274"
CLIENTE646,Klunheim,"1,266822063"
CLIENTE424,Melvara,"1,266929793"
CLIENTE296,Konoha,"1,267028138"
CLIENTE382,Dornfall,"1,267176431"
CLIENTE42,Casperia,"1,267194363"
CLIENTE29,Nyagara,"1,267196284"
CLIENTE518,Nenaris,"1,267385331"
CLIENTE459,Salvaris,"1,267423845"
CLIENTE320,Tahlenwald,"1,267547106"
CLIENTE228,Nurmengard,"1,267665799"
CLIENTE78,Nenaris,"1,267899924"
CLIENTE14,Ashkora,"1,268170993"
CLIENTE681,Savois,"1,268176531"
CLIENTE251,Cartheia,"1,26840229"
CLIENTE192,Alabasta,"1,268410049"
CLIENTE706,Iskeld,"1,268544319"
CLIENTE507,Hazoria,"1,268861367"
CLIENTE608,Sethera,"1,268881892"
CLIENTE608,Xinthar,"1,269172703"
CLIENTE400,Jadehold,"1,269553346"
CLIENTE701,Bethlehem,"1,2695675"
CLIENTE501,Chenara,"1,26994132"
CLIENTE371,Sethera,"1,270088235"
CLIENTE269,Rivenspire,"1,270197762"
CLIENTE59,Pangara,"1,27041345"
CLIENTE294,Humeria,"1,270498469"
CLIENTE121,Kakariko,"1,270555972"
CLIENTE304,Chenara,"1,270811799"
CLIENTE696,Nenaris,"1,270879731"
CLIENTE628,Obsidian,"1,270881773"
CLIENTE245,Kakariko,"1,270943675"
CLIENTE634,Zanarkand,"1,271142442"
CLIENTE706,Wuhaven,"1,271316591"
CLIENTE454,Yatora,"1,27140791"
CLIENTE300,Mythra,"1,271429566"
CLIENTE424,Memphos,"1,271728922"
CLIENTE622,Sidora,"1,27177825"
CLIENTE199,Ngorim,"1,272267258"
CLIENTE200,Windscar,"1,272463713"
CLIENTE502,Namek,"1,272498218"
CLIENTE3,Raumor,"1,272599684"
CLIENTE113,Galdrin,"1,272670252"
CLIENTE48,Cartheia,"1,272934265"
CLIENTE405,Ossandor,"1,273073164"
CLIENTE310,Morrowind,"1,273379152"
CLIENTE231,Jindara,"1,273794438"
CLIENTE44,Yenfall,"1,273988255"
CLIENTE28,Iyomar,"1,274080213"
CLIENTE172,Stormhold,"1,274175196"
CLIENTE541,Dirtmouth,"1,274246258"
CLIENTE446,Duskwall,"1,274271061"
CLIENTE553,Lyngard,"1,274530169"
CLIENTE602,Casperia,"1,274585111"
CLIENTE587,Wuhaven,"1,274646298"
CLIENTE243,Hyrule,"1,274648656"
CLIENTE288,Khengar,"1,274890963"
CLIENTE378,Jakura,"1,275118835"
CLIENTE413,Elysor,"1,275332428"
CLIENTE685,Tomarath,"1,275463914"
CLIENTE569,Ivalice,"1,27582197"
CLIENTE205,Noctis,"1,276033511"
CLIENTE287,Askr,"1,276105632"
CLIENTE495,Quasmar,"1,276114099"
CLIENTE381,Huern,"1,276468116"
CLIENTE541,Perseon,"1,276598635"
CLIENTE271,Lathen,"1,276869835"
CLIENTE698,Ishgard,"1,277239243"
CLIENTE293,Dragmere,"1,277244144"
CLIENTE674,Vancross,"1,277317787"
CLIENTE302,Altissia,"1,27733082"
CLIENTE498,Johto,"1,277570695"
CLIENTE606,Pillarreach,"1,277813181"
CLIENTE149,Inoria,"1,277881414"
CLIENTE481,Xinthar,"1,277953636"
CLIENTE639,Spira,"1,277955001"
CLIENTE220,Tutira,"1,277969746"
CLIENTE481,Lathen,"1,277971133"
CLIENTE70,Lothlorien,"1,277998822"
CLIENTE678,Valyria,"1,278084971"
CLIENTE308,Hollowmar,"1,278104587"
CLIENTE659,Riorin,"1,278199333"
CLIENTE554,Liones,"1,278323705"
CLIENTE647,Pandora,"1,27833699"
CLIENTE429,Azkaban,"1,278365775"
CLIENTE545,Targalon,"1,278512184"
CLIENTE375,Obsidian,"1,278777279"
CLIENTE361,Sableport,"1,279183673"
CLIENTE103,TwinPillars,"1,279449286"
CLIENTE438,Melvara,"1,279623751"
CLIENTE598,Ishgard,"1,2797718"
CLIENTE418,Rlyeh,"1,279997225"
CLIENTE83,Koktahl,"1,280061149"
CLIENTE156,Skellige,"1,280116179"
CLIENTE597,Pangara,"1,280280109"
CLIENTE515,Brakmar,"1,280518154"
CLIENTE665,Shadowpeak,"1,280698362"
CLIENTE125,Quasmar,"1,280838935"
CLIENTE511,Mythra,"1,280980902"
CLIENTE252,Imre,"1,281105838"
CLIENTE651,Manifold,"1,281250766"
CLIENTE27,Obsidian,"1,281332594"
CLIENTE265,Tarbean,"1,281619189"
CLIENTE467,Vancross,"1,281648231"
CLIENTE382,Elzion,"1,281705407"
CLIENTE185,Deepwater,"1,28214752"
CLIENTE449,Iyomar,"1,282191362"
CLIENTE16,Haldryn,"1,282206744"
CLIENTE378,Koktahl,"1,28286761"
CLIENTE676,Quasmar,"1,282922045"
CLIENTE489,Casperia,"1,2830514"
CLIENTE469,Stonegate,"1,283268823"
CLIENTE223,Jakura,"1,283392519"
CLIENTE211,Xinthar,"1,283756919"
CLIENTE169,Amoneth,"1,283993298"
CLIENTE42,Riorin,"1,28440224"
CLIENTE270,Hogwarts,"1,284470277"
CLIENTE639,Iyomar,"1,284745437"
CLIENTE87,Northfall,"1,284751641"
CLIENTE16,Kandor,"1,284909122"
CLIENTE463,Galdrin,"1,285068444"
CLIENTE464,Konoha,"1,285394242"
CLIENTE498,Windscar,"1,285720507"
CLIENTE158,Spira,"1,285748652"
CLIENTE355,Nassauia,"1,285759746"
CLIENTE536,Kakariko,"1,285765611"
CLIENTE438,Yokara,"1,285855384"
CLIENTE1,Ykoura,"1,286148553"
CLIENTE8,Azkaban,"1,286162373"
CLIENTE352,Paldea,"1,286200123"
CLIENTE290,Deeptrench,"1,286212927"
CLIENTE564,Osaria,"1,286294206"
CLIENTE353,Tempestia,"1,286399139"
CLIENTE267,Philgaia,"1,286425984"
CLIENTE594,Imre,"1,286605089"
CLIENTE646,Limoria,"1,286630959"
CLIENTE290,Kobaris,"1,286636004"
CLIENTE141,Jakura,"1,286644886"
CLIENTE103,Sableport,"1,286649542"
CLIENTE325,Lathen,"1,28690209"
CLIENTE256,Raumor,"1,287174599"
CLIENTE675,Namek,"1,287305617"
CLIENTE366,Muskara,"1,287395905"
CLIENTE454,Kandor,"1,287571171"
CLIENTE511,Winhill,"1,287914042"
CLIENTE59,Fernwall,"1,287917614"
CLIENTE476,Lothlorien,"1,288067927"
CLIENTE576,Pillarreach,"1,288225836"
CLIENTE528,Ykoura,"1,28886833"
CLIENTE452,Riorin,"1,288921044"
CLIENTE521,Nibelheim,"1,289265201"
CLIENTE323,Targalon,"1,289688178"
CLIENTE47,Frosthelm,"1,289776955"
CLIENTE280,Nassauia,"1,289780643"
CLIENTE351,Nibelheim,"1,289837625"
CLIENTE141,Quasmar,"1,289931674"
CLIENTE563,Viscara,"1,290058737"
CLIENTE91,Tchurion,"1,290169022"
CLIENTE177,Amoneth,"1,290411773"
CLIENTE448,Rocabar,"1,29042096"
CLIENTE228,Windscar,"1,290476424"
CLIENTE361,Stevanor,"1,290531328"
CLIENTE142,Morrowind,"1,290538003"
CLIENTE624,Cairhien,"1,290591727"
CLIENTE178,Solstheim,"1,290599383"
CLIENTE167,Valyria,"1,290669321"
CLIENTE38,TwinPillars,"1,291045521"
CLIENTE586,Inoria,"1,291217416"
CLIENTE118,Sidora,"1,291304286"
CLIENTE528,Riorin,"1,291332049"
CLIENTE496,Mythra,"1,291423204"
CLIENTE271,Azkaban,"1,291541018"
CLIENTE23,Alabasta,"1,291880877"
CLIENTE463,Quasmar,"1,292275147"
CLIENTE497,Sableport,"1,292438841"
CLIENTE448,Tutira,"1,292463403"
CLIENTE476,Haldryn,"1,292555704"
CLIENTE182,Mountglass,"1,292614712"
CLIENTE359,Yeygard,"1,292681949"
CLIENTE40,Helheim,"1,292780791"
CLIENTE166,Zaphura,"1,292849708"
CLIENTE143,Salvaris,"1,293113205"
CLIENTE495,Kharon,"1,293258247"
CLIENTE232,Jakura,"1,293354344"
CLIENTE94,Sethera,"1,293870636"
CLIENTE38,Nyagara,"1,293944244"
CLIENTE680,Deliora,"1,293970456"
CLIENTE521,Khengar,"1,294453759"
CLIENTE127,Ashkora,"1,294465676"
CLIENTE80,Johto,"1,29464132"
CLIENTE633,Mythra,"1,294691413"
CLIENTE240,Ulthar,"1,294695687"
CLIENTE478,Lathen,"1,294978336"
CLIENTE512,Xinthar,"1,295081271"
CLIENTE621,Eredin,"1,29529434"
CLIENTE361,Besaid,"1,295368277"
CLIENTE639,Kragspire,"1,295392685"
CLIENTE713,Seireitei,"1,295419712"
CLIENTE640,Stevanor,"1,295794847"
CLIENTE203,Kharon,"1,295850189"
CLIENTE523,Perseon,"1,295919349"
CLIENTE539,Yokara,"1,296032557"
CLIENTE249,Glenhaven,"1,296053715"
CLIENTE591,Yokara,"1,29607578"
CLIENTE704,Gerudo,"1,296116165"
CLIENTE497,Elzion,"1,296341844"
CLIENTE202,Namek,"1,296441003"
CLIENTE317,Fernwall,"1,296648128"
CLIENTE503,Sectorium,"1,296813954"
CLIENTE312,Ironfall,"1,296944669"
CLIENTE168,Yenfall,"1,297092504"
CLIENTE645,Nassauia,"1,297102933"
CLIENTE468,Hyrule,"1,297115594"
CLIENTE594,Yjigar,"1,297172589"
CLIENTE246,Calcara,"1,297428727"
CLIENTE401,Northfall,"1,297470994"
CLIENTE32,Highspire,"1,297863558"
CLIENTE47,Humeria,"1,298241662"
CLIENTE75,Solhara,"1,298289196"
CLIENTE426,Elysor,"1,298376927"
CLIENTE272,TwinPillars,"1,298431883"
CLIENTE673,Drinmoor,"1,298445812"
CLIENTE619,Ngorim,"1,298579415"
CLIENTE579,Thalassar,"1,298713513"
CLIENTE627,Ivalice,"1,298769171"
CLIENTE15,Lyngard,"1,298930969"
CLIENTE464,Surakai,"1,298994828"
CLIENTE74,Sethera,"1,299611964"
CLIENTE584,Askr,"1,299643192"
CLIENTE434,Amoneth,"1,299715675"
CLIENTE299,Elysor,"1,299903783"
CLIENTE599,Kobaris,"1,29990529"
CLIENTE449,Deliora,"1,29995327"
CLIENTE690,Sectorium,"1,300270442"
CLIENTE144,Quasmar,"1,300451961"
CLIENTE402,Drinmoor,"1,300812128"
CLIENTE483,Yatora,"1,301096616"
CLIENTE627,Pillarreach,"1,30124467"
CLIENTE183,Tartarus,"1,301246972"
CLIENTE9,Drinmoor,"1,301487769"
CLIENTE399,Altissia,"1,301530825"
CLIENTE435,Elzion,"1,301595912"
CLIENTE41,Skyreach,"1,30182304"
CLIENTE501,Ngorim,"1,30208768"
CLIENTE239,Stonegate,"1,302110203"
CLIENTE283,Fernwall,"1,302119523"
CLIENTE33,Memphos,"1,302199285"
CLIENTE577,Brightfall,"1,302501243"
CLIENTE389,Highspire,"1,302536715"
CLIENTE62,Sidora,"1,302766208"
CLIENTE177,Nyagara,"1,302798879"
CLIENTE391,Iyomar,"1,302901615"
CLIENTE43,Northfall,"1,30293188"
CLIENTE69,Brightfall,"1,302957843"
CLIENTE545,Sectorium,"1,302975163"
CLIENTE49,Deeptrench,"1,303148636"
CLIENTE569,Solstheim,"1,303282921"
CLIENTE116,Promethea,"1,30347679"
CLIENTE19,Nenaris,"1,303481928"
CLIENTE701,Yokara,"1,303533767"
CLIENTE106,Amoneth,"1,303654411"
CLIENTE384,Tahlenwald,"1,304134354"
CLIENTE204,Lyngard,"1,304196221"
CLIENTE96,Khengar,"1,30431906"
CLIENTE452,Shadowpeak,"1,304387663"
CLIENTE612,Promethea,"1,304392362"
CLIENTE464,Deliora,"1,304555141"
CLIENTE362,Ironfall,"1,304656674"
CLIENTE541,Askr,"1,304796781"
CLIENTE530,Altissia,"1,304821836"
CLIENTE58,Zuldazar,"1,304854192"
CLIENTE335,Yeygard,"1,304978265"
CLIENTE379,Philgaia,"1,305194366"
CLIENTE522,Kakariko,"1,305261511"
CLIENTE45,Muskara,"1,305302901"
CLIENTE536,Thalassar,"1,30556397"
CLIENTE628,Manshade,"1,305792212"
CLIENTE577,Azural,"1,305894769"
CLIENTE263,Liones,"1,306019322"
CLIENTE358,Nurmengard,"1,306077041"
CLIENTE88,Gerudo,"1,306123768"
CLIENTE157,Ngorim,"1,306550936"
CLIENTE629,Marineford,"1,307050615"
CLIENTE142,Savois,"1,307224261"
CLIENTE214,Eredin,"1,308011814"
CLIENTE156,Nyagara,"1,308021145"
CLIENTE619,Ulthar,"1,308022868"
CLIENTE321,Perseon,"1,308179524"
CLIENTE217,Ranskar,"1,308211913"
CLIENTE659,Limoria,"1,308235161"
CLIENTE703,Pillarreach,"1,308385896"
CLIENTE479,Posthaven,"1,30847826"
CLIENTE444,Frosthelm,"1,308488652"
CLIENTE382,Solstheim,"1,308610158"
CLIENTE372,Yatora,"1,308687259"
CLIENTE536,Alabasta,"1,308701208"
CLIENTE615,Haldryn,"1,308711048"
CLIENTE340,Liones,"1,308734844"
CLIENTE393,Hyrule,"1,30923383"
CLIENTE372,Tempestia,"1,309290075"
CLIENTE617,Northfall,"1,309320926"
CLIENTE591,Posthaven,"1,309388863"
CLIENTE527,Savois,"1,309814487"
CLIENTE639,Stonegate,"1,309850535"
CLIENTE277,Tarbean,"1,309974543"
CLIENTE506,Deliora,"1,309992749"
CLIENTE152,Nighthaven,"1,310212401"
CLIENTE268,Rocabar,"1,31043679"
CLIENTE521,Midgar,"1,310451853"
CLIENTE609,Lochbar,"1,310938068"
CLIENTE278,Skellige,"1,311048375"
CLIENTE141,Stevanor,"1,311141598"
CLIENTE646,Drinmoor,"1,311867551"
CLIENTE73,Sethera,"1,311888139"
CLIENTE81,Tahlenwald,"1,312041975"
CLIENTE146,Nighthaven,"1,312118101"
CLIENTE239,Winhill,"1,312160036"
CLIENTE526,Kharon,"1,312190136"
CLIENTE680,Resembool,"1,312227722"
CLIENTE410,Azural,"1,312428282"
CLIENTE527,Brakmar,"1,312455394"
CLIENTE397,Surakai,"1,312551912"
CLIENTE189,Posthaven,"1,312784647"
CLIENTE407,Nassauia,"1,312914067"
CLIENTE266,Rivenspire,"1,313366162"
CLIENTE705,Solstheim,"1,31346034"
CLIENTE401,Riorin,"1,313563729"
CLIENTE445,Manshade,"1,313712665"
CLIENTE524,Azkaban,"1,314018432"
CLIENTE577,Memphos,"1,314072902"
CLIENTE710,Ykoura,"1,31429073"
CLIENTE310,Azkaban,"1,314429086"
CLIENTE354,Savois,"1,314534878"
CLIENTE225,Jakura,"1,315254176"
CLIENTE669,Northfall,"1,315420805"
CLIENTE291,Noctis,"1,315443703"
CLIENTE307,Stormbar,"1,315468974"
CLIENTE663,Kobaris,"1,315528525"
CLIENTE95,Greywatch,"1,315990231"
CLIENTE25,Humeria,"1,316201092"
CLIENTE467,Ichoris,"1,316269886"
CLIENTE300,Valyria,"1,316275047"
CLIENTE566,Thalassar,"1,316472059"
CLIENTE365,Sidora,"1,316472276"
CLIENTE383,Targalon,"1,31648282"
CLIENTE9,Termina,"1,316858691"
CLIENTE576,Morrowind,"1,317031172"
CLIENTE215,Kragspire,"1,317034625"
CLIENTE31,Highspire,"1,317147377"
CLIENTE154,Casperia,"1,317242428"
CLIENTE568,Sectorium,"1,317728795"
CLIENTE455,Ashkora,"1,317951182"
CLIENTE511,Drinmoor,"1,318089997"
CLIENTE503,Riorin,"1,318263514"
CLIENTE16,Besaid,"1,318442096"
CLIENTE557,Yatora,"1,318546831"
CLIENTE697,Valyria,"1,31869158"
CLIENTE73,Nyagara,"1,318747634"
CLIENTE130,Walden,"1,319113164"
CLIENTE638,Zanarkand,"1,319119726"
CLIENTE540,Tomarath,"1,319323556"
CLIENTE236,Promethea,"1,319335415"
CLIENTE439,Piscara,"1,319548744"
CLIENTE459,Dornfall,"1,319881414"
CLIENTE363,Solhara,"1,320209237"
CLIENTE223,Stormbar,"1,320218057"
CLIENTE354,Uinhold,"1,320255814"
CLIENTE527,Sectorium,"1,320372119"
CLIENTE97,Surakai,"1,320413723"
CLIENTE679,Muskara,"1,320705429"
CLIENTE310,Hyrule,"1,320716253"
CLIENTE560,Alabasta,"1,320723973"
CLIENTE222,Brakmar,"1,320727488"
CLIENTE423,Ironfall,"1,320910879"
CLIENTE336,Winhill,"1,321319063"
CLIENTE9,Duskwall,"1,32134025"
CLIENTE514,Chenara,"1,321404525"
CLIENTE131,Elysor,"1,321440407"
CLIENTE149,Frosthelm,"1,321451717"
CLIENTE79,Qineth,"1,321497416"
CLIENTE382,Dirtmouth,"1,321626089"
CLIENTE346,Sectorium,"1,321657612"
CLIENTE413,Muskara,"1,32207912"
CLIENTE691,Mondstadt,"1,322164781"
CLIENTE324,Kharon,"1,322245441"
CLIENTE351,Yeygard,"1,322349662"
CLIENTE127,Yenfall,"1,322418638"
CLIENTE166,Promethea,"1,322545163"
CLIENTE707,Nenaris,"1,322706526"
CLIENTE645,Lothlorien,"1,322883917"
CLIENTE698,Elysor,"1,322955005"
CLIENTE75,Namek,"1,323035769"
CLIENTE107,Posthaven,"1,323056593"
CLIENTE711,Walden,"1,323085498"
CLIENTE485,Yeygard,"1,323086476"
CLIENTE213,Eredin,"1,323101242"
CLIENTE61,Shadowpeak,"1,323171031"
CLIENTE80,Dornfall,"1,323358082"
CLIENTE601,Mythra,"1,323484535"
CLIENTE281,Yeygard,"1,323512199"
CLIENTE499,Manifold,"1,323610637"
CLIENTE382,Paldea,"1,323700016"
CLIENTE229,Melvara,"1,323700943"
CLIENTE404,Sethera,"1,323701351"
CLIENTE574,Ranskar,"1,323862304"
CLIENTE168,Imre,"1,323926264"
CLIENTE385,Skyreach,"1,324010197"
CLIENTE597,Alabasta,"1,324442911"
CLIENTE401,Windscar,"1,324450674"
CLIENTE29,Ranskar,"1,324910239"
CLIENTE608,Elzion,"1,325065047"
CLIENTE511,Northfall,"1,325361843"
CLIENTE459,Savois,"1,325537549"
CLIENTE463,Sableport,"1,325636988"
CLIENTE177,Yjigar,"1,326060411"
CLIENTE387,Stormbar,"1,326088148"
CLIENTE700,Ulthar,"1,326325968"
CLIENTE542,Memphos,"1,32635829"
CLIENTE230,Amoneth,"1,326949346"
CLIENTE105,Cartheia,"1,327109706"
CLIENTE73,Limoria,"1,327153498"
CLIENTE334,Posthaven,"1,327252394"
CLIENTE575,Deliora,"1,327473164"
CLIENTE502,Cairhien,"1,327482793"
CLIENTE145,Grimvale,"1,32768123"
CLIENTE658,Zanarkand,"1,327701107"
CLIENTE386,Surakai,"1,327793236"
CLIENTE670,Konoha,"1,327925977"
CLIENTE1,Valisthea,"1,328268677"
CLIENTE538,Kharon,"1,328583462"
CLIENTE530,Elzion,"1,328702231"
CLIENTE622,Khengar,"1,328968631"
CLIENTE639,Casperia,"1,329006981"
CLIENTE357,Prontera,"1,329133823"
CLIENTE125,Deliora,"1,329581413"
CLIENTE544,Rocabar,"1,329607831"
CLIENTE162,Greywatch,"1,329687666"
CLIENTE71,Sableport,"1,330131367"
CLIENTE355,Resembool,"1,330375775"
CLIENTE133,Zanarkand,"1,330405047"
CLIENTE400,Iyomar,"1,330415058"
CLIENTE456,Casperia,"1,331120411"
CLIENTE697,Swindale,"1,331133576"
CLIENTE285,Casperia,"1,331246992"
CLIENTE400,Yokara,"1,33138021"
CLIENTE232,Tuxara,"1,331569987"
CLIENTE709,Nenaris,"1,332219195"
CLIENTE302,Wuhaven,"1,332725242"
CLIENTE663,Namek,"1,332767461"
CLIENTE710,Morrowind,"1,33282886"
CLIENTE464,Tutira,"1,332870912"
CLIENTE105,Mythra,"1,332923304"
CLIENTE385,Yeygard,"1,333213059"
CLIENTE271,Galdrin,"1,333726732"
CLIENTE354,Yjigar,"1,333830554"
CLIENTE250,Namek,"1,333911689"
CLIENTE241,Philgaia,"1,333923649"
CLIENTE139,Chenara,"1,334185199"
CLIENTE273,Tartarus,"1,334226185"
CLIENTE408,Amoneth,"1,334350438"
CLIENTE339,Mythra,"1,334386626"
CLIENTE384,Noctis,"1,334492662"
CLIENTE646,Zaphura,"1,334574352"
CLIENTE269,Seireitei,"1,334896818"
CLIENTE432,Askr,"1,334900272"
CLIENTE31,Paldea,"1,334991664"
CLIENTE321,Targalon,"1,335098675"
CLIENTE137,Limoria,"1,335135838"
CLIENTE654,Paldea,"1,335269546"
CLIENTE29,Glenhaven,"1,335395173"
CLIENTE491,Kharon,"1,3354276"
CLIENTE439,Surakai,"1,335532463"
CLIENTE593,Surakai,"1,335562423"
CLIENTE100,Mythra,"1,335846153"
CLIENTE580,Kobaris,"1,335903072"
CLIENTE686,Tartarus,"1,335954551"
CLIENTE634,Valyria,"1,336126305"
CLIENTE654,Laputa,"1,336229798"
CLIENTE81,Eredin,"1,336901904"
CLIENTE67,Casperia,"1,336997144"
CLIENTE216,Frosthelm,"1,337176096"
CLIENTE47,Targalon,"1,337329391"
CLIENTE480,Termina,"1,337458716"
CLIENTE220,Qineth,"1,337522176"
CLIENTE507,Rlyeh,"1,337944919"
CLIENTE460,Ashkora,"1,338102266"
CLIENTE612,Jindara,"1,338541043"
CLIENTE420,Nighthaven,"1,338620102"
CLIENTE639,Valisthea,"1,338636457"
CLIENTE661,Khengar,"1,338694312"
CLIENTE326,Targalon,"1,338860258"
CLIENTE38,Tomarath,"1,338974027"
CLIENTE42,Imre,"1,339258808"
CLIENTE420,Raumor,"1,339278959"
CLIENTE602,Pausen,"1,339330833"
CLIENTE273,Ichoris,"1,33960509"
CLIENTE347,Tarbean,"1,339657857"
CLIENTE556,Obsidian,"1,33971737"
CLIENTE419,Eredin,"1,339946628"
CLIENTE414,Ivalice,"1,340163187"
CLIENTE465,Calcara,"1,340589958"
CLIENTE21,Askr,"1,340659774"
CLIENTE126,Nibelheim,"1,340663123"
CLIENTE307,Melvara,"1,340791455"
CLIENTE619,Cartheia,"1,340801327"
CLIENTE690,Solhara,"1,341147381"
CLIENTE507,Yatora,"1,341419795"
CLIENTE28,Tartarus,"1,341490557"
CLIENTE464,Midgar,"1,341586407"
CLIENTE338,Ulthar,"1,341696971"
CLIENTE85,Namek,"1,341942834"
CLIENTE464,Savois,"1,342147226"
CLIENTE398,Shadowpeak,"1,342152224"
CLIENTE598,Konoha,"1,343272002"
CLIENTE632,Jadehold,"1,343311356"
CLIENTE165,Northfall,"1,34334069"
CLIENTE248,Hyrule,"1,34336601"
CLIENTE682,Deeptrench,"1,343743423"
CLIENTE65,Jindara,"1,344153129"
CLIENTE392,Cartheia,"1,344206131"
CLIENTE427,Tarbean,"1,344798743"
CLIENTE437,Klunheim,"1,34481513"
CLIENTE699,Ranskar,"1,344868477"
CLIENTE567,Azural,"1,345348836"
CLIENTE58,Mondstadt,"1,345393198"
CLIENTE397,Tchurion,"1,345795802"
CLIENTE131,Ichoris,"1,346005899"
CLIENTE696,Frosthelm,"1,346389809"
CLIENTE544,Askr,"1,346440335"
CLIENTE309,Hogwarts,"1,346751898"
CLIENTE145,Calcara,"1,346842616"
CLIENTE48,Dornfall,"1,346893402"
CLIENTE265,Riorin,"1,347053766"
CLIENTE333,Piscara,"1,347061552"
CLIENTE530,Mountglass,"1,347269068"
CLIENTE541,Aeusserst,"1,347329189"
CLIENTE712,Tartarus,"1,347387603"
CLIENTE94,Tempestia,"1,34751081"
CLIENTE395,Seireitei,"1,347785386"
CLIENTE173,Drinmoor,"1,347799484"
CLIENTE83,Solstheim,"1,347833575"
CLIENTE10,Mythra,"1,347888784"
CLIENTE642,Salvaris,"1,348062212"
CLIENTE630,Deliora,"1,348115723"
CLIENTE436,Shadowpeak,"1,348226681"
CLIENTE158,Grimvale,"1,348463892"
CLIENTE399,Dirtmouth,"1,348710687"
CLIENTE707,Nibelheim,"1,348817427"
CLIENTE535,Marineford,"1,348872386"
CLIENTE64,Aeusserst,"1,348888631"
CLIENTE258,Inoria,"1,349280251"
CLIENTE590,Yenfall,"1,349645564"
CLIENTE308,Rocabar,"1,349984724"
CLIENTE89,Pangara,"1,350296008"
CLIENTE190,Zanarkand,"1,350856207"
CLIENTE254,Fernwall,"1,350923132"
CLIENTE679,Bethlehem,"1,351130575"
CLIENTE391,Zuldazar,"1,351327024"
CLIENTE107,Prontera,"1,351330202"
CLIENTE618,Noctis,"1,35134414"
CLIENTE567,Posthaven,"1,351405071"
CLIENTE657,Dirtmouth,"1,351454699"
CLIENTE573,Marineford,"1,351485294"
CLIENTE138,Rlyeh,"1,351611929"
CLIENTE314,Yenfall,"1,351669085"
CLIENTE545,Savois,"1,351753921"
CLIENTE159,Uinhold,"1,352170022"
CLIENTE569,Deepwater,"1,353094242"
CLIENTE670,Perseon,"1,353107119"
CLIENTE48,Gerudo,"1,353548963"
CLIENTE587,Pandora,"1,353735253"
CLIENTE495,Sableport,"1,353842239"
CLIENTE706,Promethea,"1,354076483"
CLIENTE624,Yjigar,"1,3540779"
CLIENTE212,Laputa,"1,354312873"
CLIENTE55,Yjigar,"1,354332282"
CLIENTE249,Rivenspire,"1,354589048"
CLIENTE374,Besaid,"1,354679867"
CLIENTE627,Grimvale,"1,354843138"
CLIENTE447,Pandora,"1,355234226"
CLIENTE690,Alabasta,"1,355677702"
CLIENTE191,Kharon,"1,355735696"
CLIENTE573,Kharon,"1,355765945"
CLIENTE243,Liones,"1,355875537"
CLIENTE530,Yjigar,"1,355947832"
CLIENTE107,Nenaris,"1,356159619"
CLIENTE671,Highspire,"1,356211633"
CLIENTE707,Seireitei,"1,356897004"
CLIENTE179,Hogwarts,"1,35711665"
CLIENTE283,Targalon,"1,357428728"
CLIENTE631,Brakmar,"1,357652281"
CLIENTE153,Hollowmar,"1,357857923"
CLIENTE270,Ykoura,"1,357958376"
CLIENTE459,Qineth,"1,358057266"
CLIENTE588,Eredin,"1,358057934"
CLIENTE244,Yokara,"1,358255485"
CLIENTE332,Valyria,"1,358461027"
CLIENTE328,Zaphura,"1,358577351"
CLIENTE589,Winhill,"1,358620512"
CLIENTE368,Kobaris,"1,358702759"
CLIENTE405,Winhill,"1,358721105"
CLIENTE24,Nassauia,"1,358729556"
CLIENTE323,Ivalice,"1,359049665"
CLIENTE72,Viscara,"1,359066857"
CLIENTE98,Azural,"1,359199485"
CLIENTE557,Brakmar,"1,359223885"
CLIENTE316,Duskwall,"1,359253742"
CLIENTE186,Swindale,"1,359304699"
CLIENTE687,Galdrin,"1,359380426"
CLIENTE159,Salvaris,"1,359506556"
CLIENTE519,Viscara,"1,359708495"
CLIENTE398,Tutira,"1,359729776"
CLIENTE458,Dornfall,"1,359798416"
CLIENTE368,Ulthar,"1,359918283"
CLIENTE452,Lochbar,"1,359986018"
CLIENTE643,Sectorium,"1,359992388"
CLIENTE465,Hazoria,"1,360069423"
CLIENTE274,Salvaris,"1,360127268"
CLIENTE105,Nenaris,"1,360155871"
CLIENTE213,Pillarreach,"1,360187387"
CLIENTE487,Valyria,"1,360400828"
CLIENTE654,Ashkora,"1,360497701"
CLIENTE562,Uinhold,"1,360606803"
CLIENTE578,Resembool,"1,360715321"
CLIENTE711,Hollowmar,"1,360918967"
CLIENTE428,Thalassar,"1,361228135"
CLIENTE658,Brightfall,"1,36125973"
CLIENTE207,Yeygard,"1,361512931"
CLIENTE466,Nenaris,"1,361622073"
CLIENTE94,Duskwall,"1,361811831"
CLIENTE377,Nyagara,"1,362206497"
CLIENTE479,Bethlehem,"1,362218508"
CLIENTE364,Nighthaven,"1,362364993"
CLIENTE187,Nibelheim,"1,36240965"
CLIENTE210,Tempestia,"1,362513998"
CLIENTE327,Brightfall,"1,362522329"
CLIENTE440,Zanarkand,"1,362830475"
CLIENTE562,Ngorim,"1,363090081"
CLIENTE596,Brakmar,"1,363306284"
CLIENTE315,Morrowind,"1,363731353"
CLIENTE515,Tchurion,"1,363790249"
CLIENTE695,Deeptrench,"1,365235536"
CLIENTE409,Xinthar,"1,365307568"
CLIENTE190,Riorin,"1,36541604"
CLIENTE57,Konoha,"1,365416613"
CLIENTE326,Hollowmar,"1,365425953"
CLIENTE8,Cairhien,"1,365580038"
CLIENTE53,Ichoris,"1,365587468"
CLIENTE251,Nyagara,"1,365596829"
CLIENTE483,Tutira,"1,36574186"
CLIENTE165,Grimvale,"1,365900955"
CLIENTE635,Ashkora,"1,366493766"
CLIENTE692,Noctis,"1,366733264"
CLIENTE318,Marineford,"1,367036184"
CLIENTE551,Tarbean,"1,367410307"
CLIENTE372,Chenara,"1,367667231"
CLIENTE620,Raumor,"1,367805572"
CLIENTE504,Uinhold,"1,367891162"
CLIENTE323,Yatora,"1,367991681"
CLIENTE632,Ironfall,"1,368280802"
CLIENTE230,Namek,"1,368445266"
CLIENTE671,Cairhien,"1,368624755"
CLIENTE239,Solhara,"1,369014595"
CLIENTE293,Sethera,"1,369200217"
CLIENTE23,Skyreach,"1,369330254"
CLIENTE409,Ashkora,"1,369392402"
CLIENTE319,Lothlorien,"1,369669078"
CLIENTE617,Ironfall,"1,369811684"
CLIENTE473,Sidora,"1,369894313"
CLIENTE26,Nurmengard,"1,369980209"
CLIENTE575,Manifold,"1,370005355"
CLIENTE160,Noctis,"1,370454641"
CLIENTE606,Elzion,"1,370516549"
CLIENTE663,Pandora,"1,370645021"
CLIENTE591,Elzion,"1,370656518"
CLIENTE282,Kobaris,"1,370886464"
CLIENTE96,Uinhold,"1,371070294"
CLIENTE37,Xinthar,"1,371139836"
CLIENTE529,Laputa,"1,371681566"
CLIENTE213,Ngorim,"1,371708284"
CLIENTE435,Sethera,"1,372306777"
CLIENTE273,Uinhold,"1,372475835"
CLIENTE559,Seireitei,"1,37249398"
CLIENTE505,Hazoria,"1,373087921"
CLIENTE35,Drinmoor,"1,373419197"
CLIENTE495,Tempestia,"1,374188228"
CLIENTE45,Zaphura,"1,374240986"
CLIENTE359,Imre,"1,374471202"
CLIENTE553,Surakai,"1,374725948"
CLIENTE102,Surakai,"1,374879622"
CLIENTE593,Ichoris,"1,374941048"
CLIENTE352,Deepwater,"1,375326534"
CLIENTE494,Riorin,"1,375681727"
CLIENTE435,Greywatch,"1,375690027"
CLIENTE28,Konoha,"1,376163342"
CLIENTE43,Tahlenwald,"1,376207292"
CLIENTE182,Aeusserst,"1,376283236"
CLIENTE711,Yokara,"1,376468121"
CLIENTE221,Memphos,"1,376811909"
CLIENTE423,Seireitei,"1,376820445"
CLIENTE58,Hyrule,"1,377070155"
CLIENTE101,Azural,"1,3771192"
CLIENTE275,Tarbean,"1,377134737"
CLIENTE345,Obsidian,"1,377307169"
CLIENTE484,Klunheim,"1,377390887"
CLIENTE475,Eredin,"1,377416017"
CLIENTE213,Helheim,"1,377487364"
CLIENTE375,Hyrule,"1,377865097"
CLIENTE430,Valyria,"1,378016444"
CLIENTE675,Sableport,"1,378119686"
CLIENTE365,Zaphura,"1,378175619"
CLIENTE675,Posthaven,"1,37853853"
CLIENTE496,Sunreach,"1,378650244"
CLIENTE535,Askr,"1,378765547"
CLIENTE394,Brightfall,"1,379046322"
CLIENTE172,Piscara,"1,379363711"
CLIENTE338,Tomarath,"1,379603336"
CLIENTE635,Vancross,"1,379642004"
CLIENTE612,Zuldazar,"1,379951478"
CLIENTE713,Ironfall,"1,380292925"
CLIENTE213,Xinthar,"1,380352044"
CLIENTE120,Jindara,"1,38038405"
CLIENTE332,Solstheim,"1,380566218"
CLIENTE376,Deepwater,"1,380642234"
CLIENTE266,Qineth,"1,380716569"
CLIENTE292,Yokara,"1,38093771"
CLIENTE582,Osaria,"1,381263424"
CLIENTE458,Stormhold,"1,381541176"
CLIENTE573,Bethlehem,"1,381558709"
CLIENTE148,Zuldazar,"1,381671955"
CLIENTE200,Skyreach,"1,382331802"
CLIENTE4,Yeygard,"1,382570253"
CLIENTE397,Limoria,"1,383027242"
CLIENTE186,Perseon,"1,3830745"
CLIENTE130,Pillarreach,"1,383095675"
CLIENTE459,Pausen,"1,383271858"
CLIENTE44,Tuxara,"1,383432676"
CLIENTE52,Highspire,"1,383660447"
CLIENTE600,Qineth,"1,383837153"
CLIENTE645,Zaphura,"1,383883151"
CLIENTE33,Gerudo,"1,384153129"
CLIENTE29,Rlyeh,"1,38418889"
CLIENTE281,Brightfall,"1,384520485"
CLIENTE427,Memphos,"1,384726521"
CLIENTE333,Spira,"1,384866009"
CLIENTE426,Azkaban,"1,384909625"
CLIENTE506,Altissia,"1,384927935"
CLIENTE219,Solstheim,"1,385066657"
CLIENTE120,Greywatch,"1,385154503"
CLIENTE403,Quasmar,"1,385197268"
CLIENTE534,Altissia,"1,385410834"
CLIENTE44,Rivenspire,"1,385740441"
CLIENTE352,Duskwall,"1,385784604"
CLIENTE289,Highspire,"1,385872832"
CLIENTE541,Xinthar,"1,385930739"
CLIENTE174,Walden,"1,386412439"
CLIENTE688,Yjigar,"1,386616202"
CLIENTE51,Limoria,"1,386747914"
CLIENTE269,Khengar,"1,38754122"
CLIENTE644,Konoha,"1,387628651"
CLIENTE702,Uinhold,"1,387719217"
CLIENTE606,Kragspire,"1,387748296"
CLIENTE493,Solstheim,"1,387943217"
CLIENTE602,Muskara,"1,388285398"
CLIENTE411,Stormbar,"1,388315412"
CLIENTE545,Liones,"1,388483707"
CLIENTE285,Sectorium,"1,389577269"
CLIENTE303,Northfall,"1,389732195"
CLIENTE238,Viscara,"1,390142425"
CLIENTE429,Stonegate,"1,390435449"
CLIENTE535,Inoria,"1,390585396"
CLIENTE361,Prontera,"1,390817457"
CLIENTE599,Nibelheim,"1,390961415"
CLIENTE454,Stormhold,"1,39114318"
CLIENTE281,Helheim,"1,391682789"
CLIENTE576,Cartheia,"1,391854903"
CLIENTE234,Altissia,"1,392242685"
CLIENTE23,Manshade,"1,392662837"
CLIENTE28,Jadehold,"1,3930563"
CLIENTE712,Riorin,"1,393081211"
CLIENTE396,Philgaia,"1,393711364"
CLIENTE367,Tutira,"1,393933731"
CLIENTE376,Hyrule,"1,394396549"
CLIENTE234,Brightfall,"1,394403458"
CLIENTE681,Gerudo,"1,394766141"
CLIENTE652,Tuxara,"1,394913419"
CLIENTE151,Savois,"1,395154497"
CLIENTE544,Spira,"1,395315049"
CLIENTE496,Yeygard,"1,395335097"
CLIENTE219,Sunreach,"1,395543703"
CLIENTE679,Grimvale,"1,395617341"
CLIENTE569,Hogwarts,"1,396061977"
CLIENTE120,Mountglass,"1,396065022"
CLIENTE620,Lathen,"1,396263353"
CLIENTE441,Haldryn,"1,396503476"
CLIENTE121,Surakai,"1,396520569"
CLIENTE296,Ivalice,"1,396565117"
CLIENTE674,Solhara,"1,397541411"
CLIENTE519,Posthaven,"1,397550705"
CLIENTE130,Imre,"1,397733026"
CLIENTE302,Galdrin,"1,397764591"
CLIENTE151,Helheim,"1,397948395"
CLIENTE184,Fernwall,"1,398358602"
CLIENTE373,Hazoria,"1,398510767"
CLIENTE47,Limoria,"1,398812752"
CLIENTE25,Duskwall,"1,398884036"
CLIENTE287,Kakariko,"1,400048135"
CLIENTE487,Liones,"1,400583487"
CLIENTE340,Targalon,"1,400644528"
CLIENTE105,Salvaris,"1,400718374"
CLIENTE522,Tempestia,"1,400746808"
CLIENTE73,Riorin,"1,400852405"
CLIENTE537,Solstheim,"1,40086625"
CLIENTE614,Ironfall,"1,40108286"
CLIENTE552,Johto,"1,401379817"
CLIENTE643,Koktahl,"1,401410105"
CLIENTE575,Valyria,"1,40142736"
CLIENTE78,Riorin,"1,402184235"
CLIENTE425,Cartheia,"1,402262864"
CLIENTE194,Casperia,"1,402478372"
CLIENTE90,Posthaven,"1,402565071"
CLIENTE634,Tempestia,"1,402637281"
CLIENTE165,Pillarreach,"1,402748383"
CLIENTE694,Bethlehem,"1,402760212"
CLIENTE579,Pandora,"1,403308209"
CLIENTE534,Stormbar,"1,403451252"
CLIENTE120,Windscar,"1,403574975"
CLIENTE674,Elysor,"1,403657622"
CLIENTE612,Yeygard,"1,403785459"
CLIENTE433,Wuhaven,"1,404192677"
CLIENTE284,Tarbean,"1,404765117"
CLIENTE357,Ossandor,"1,405562047"
CLIENTE321,Osaria,"1,405731706"
CLIENTE582,Cairhien,"1,405738994"
CLIENTE199,Winhill,"1,405839732"
CLIENTE620,Pillarreach,"1,405986812"
CLIENTE477,Ichoris,"1,406050367"
CLIENTE94,Alabasta,"1,406051799"
CLIENTE644,Hogwarts,"1,406163432"
CLIENTE179,Rivenspire,"1,406307213"
CLIENTE76,Valisthea,"1,406339005"
CLIENTE152,Ossandor,"1,406876226"
CLIENTE443,Inoria,"1,4068829"
CLIENTE8,Riorin,"1,406971528"
CLIENTE89,Muskara,"1,407220137"
CLIENTE591,Limoria,"1,407592837"
CLIENTE660,Prontera,"1,407754824"
CLIENTE116,Tomarath,"1,408061438"
CLIENTE523,Dragmere,"1,408232088"
CLIENTE357,Dirtmouth,"1,408786482"
CLIENTE525,Dragmere,"1,408939353"
CLIENTE325,Vancross,"1,409076344"
CLIENTE300,Lathen,"1,409240938"
CLIENTE422,Ironfall,"1,409313729"
CLIENTE138,Zaphura,"1,409316035"
CLIENTE172,Lyngard,"1,409523999"
CLIENTE577,Ashkora,"1,4096996"
CLIENTE593,Nighthaven,"1,409892367"
CLIENTE178,Hogwarts,"1,409920666"
CLIENTE146,Stormhold,"1,410104261"
CLIENTE604,Jindara,"1,410117436"
CLIENTE673,Valisthea,"1,410157436"
CLIENTE73,Ngorim,"1,410268429"
CLIENTE404,Rocabar,"1,410307015"
CLIENTE351,Ishgard,"1,410871658"
CLIENTE491,Marineford,"1,410881137"
CLIENTE267,Ulthar,"1,411089087"
CLIENTE314,Raumor,"1,411396241"
CLIENTE549,Northfall,"1,411657416"
CLIENTE176,Tarbean,"1,411693018"
CLIENTE422,Dragmere,"1,411783426"
CLIENTE220,Noctis,"1,411976377"
CLIENTE392,Winhill,"1,412319663"
CLIENTE86,Laputa,"1,412481479"
CLIENTE710,Raumor,"1,412603731"
CLIENTE601,Nyagara,"1,412881677"
CLIENTE580,Brakmar,"1,413157688"
CLIENTE514,Tutira,"1,41333404"
CLIENTE337,Sidora,"1,413691895"
CLIENTE147,Morrowind,"1,413787982"
CLIENTE510,Stormbar,"1,414120742"
CLIENTE333,Klunheim,"1,41414587"
CLIENTE487,Limoria,"1,414846542"
CLIENTE613,Kragspire,"1,4149698"
CLIENTE596,Huern,"1,415154293"
CLIENTE618,Midgar,"1,415211714"
CLIENTE59,Humeria,"1,415504257"
CLIENTE182,Solstheim,"1,416889866"
CLIENTE504,Sectorium,"1,41692269"
CLIENTE31,Gerudo,"1,41752572"
CLIENTE248,Limoria,"1,417709007"
CLIENTE77,Muskara,"1,417965609"
CLIENTE405,Mondstadt,"1,418321473"
CLIENTE308,Nassauia,"1,418463978"
CLIENTE158,Azural,"1,418729083"
CLIENTE7,Kharon,"1,419170769"
CLIENTE273,Frosthelm,"1,419250048"
CLIENTE4,Tartarus,"1,419424315"
CLIENTE396,Bethlehem,"1,419859827"
CLIENTE346,Nibelheim,"1,420172991"
CLIENTE54,Ngorim,"1,420459175"
CLIENTE630,Piscara,"1,420499077"
CLIENTE635,Hollowmar,"1,420601128"
CLIENTE94,Sableport,"1,420912396"
CLIENTE308,Deliora,"1,421026993"
CLIENTE487,Inoria,"1,421222878"
CLIENTE250,Stormhold,"1,421480262"
CLIENTE641,Stevanor,"1,421977957"
CLIENTE618,Limoria,"1,422320639"
CLIENTE708,Manshade,"1,422365116"
CLIENTE59,Galdrin,"1,422688213"
CLIENTE179,Walden,"1,422849998"
CLIENTE482,Winhill,"1,422899225"
CLIENTE31,Riorin,"1,423644559"
CLIENTE288,Amoneth,"1,423774446"
CLIENTE241,Calcara,"1,424209473"
CLIENTE522,Ngorim,"1,424411703"
CLIENTE199,Shadowpeak,"1,424438014"
CLIENTE70,Liones,"1,424561186"
CLIENTE69,Manshade,"1,424671291"
CLIENTE689,Hyrule,"1,424703088"
CLIENTE421,Humeria,"1,425034431"
CLIENTE85,Hazoria,"1,425094695"
CLIENTE346,Rocabar,"1,425134194"
CLIENTE628,Melvara,"1,425432183"
CLIENTE201,Osaria,"1,425781759"
CLIENTE128,Highspire,"1,42614976"
CLIENTE605,Yokara,"1,426297532"
CLIENTE546,Johto,"1,426311633"
CLIENTE681,Zanarkand,"1,426430366"
CLIENTE261,Yatora,"1,426592811"
CLIENTE593,Nurmengard,"1,427155417"
CLIENTE52,Johto,"1,427194805"
CLIENTE392,Deepwater,"1,427250758"
CLIENTE570,Ykoura,"1,427436375"
CLIENTE400,Brakmar,"1,427469414"
CLIENTE712,Johto,"1,427533242"
CLIENTE356,Nenaris,"1,427833541"
CLIENTE579,Swindale,"1,428048786"
CLIENTE220,Tahlenwald,"1,428093185"
CLIENTE12,Mondstadt,"1,428296913"
CLIENTE570,Melvara,"1,428503208"
CLIENTE665,Tarbean,"1,428943356"
CLIENTE357,Stevanor,"1,429163612"
CLIENTE278,Lochbar,"1,429465901"
CLIENTE441,Ichoris,"1,429517707"
CLIENTE473,Drinmoor,"1,42967745"
CLIENTE2,Gerudo,"1,429761262"
CLIENTE635,Xinthar,"1,429846452"
CLIENTE287,Resembool,"1,430494801"
CLIENTE433,Nibelheim,"1,430588149"
CLIENTE644,Nassauia,"1,430852195"
CLIENTE257,Spira,"1,430854939"
CLIENTE92,Tutira,"1,431009632"
CLIENTE242,Greywatch,"1,431376384"
CLIENTE184,Stevanor,"1,431403765"
CLIENTE668,Ossandor,"1,431762361"
CLIENTE269,Termina,"1,431857792"
CLIENTE325,Targalon,"1,431878004"
CLIENTE87,Sectorium,"1,431901437"
CLIENTE358,Deepwater,"1,431914755"
CLIENTE231,Huern,"1,431970305"
CLIENTE426,Tomarath,"1,431982773"
CLIENTE653,Solhara,"1,432022923"
CLIENTE681,Galdrin,"1,432165427"
CLIENTE385,Viscara,"1,432385084"
CLIENTE416,Perseon,"1,43243036"
CLIENTE406,Pillarreach,"1,432577581"
CLIENTE296,Rivenspire,"1,432641977"
CLIENTE475,Greywatch,"1,432758505"
CLIENTE269,Jindara,"1,43277811"
CLIENTE214,Stevanor,"1,433005567"
CLIENTE398,Qineth,"1,433215373"
CLIENTE632,Limoria,"1,433377997"
CLIENTE249,Valyria,"1,433401867"
CLIENTE542,Eredin,"1,433484038"
CLIENTE73,Aeusserst,"1,433611371"
CLIENTE516,Promethea,"1,433721807"
CLIENTE216,Rlyeh,"1,43390634"
CLIENTE577,Limoria,"1,433964441"
CLIENTE445,Zanarkand,"1,433965174"
CLIENTE15,Rocabar,"1,433975083"
CLIENTE61,Grimvale,"1,434004192"
CLIENTE566,Shadowpeak,"1,434325845"
CLIENTE266,Wuhaven,"1,434348777"
CLIENTE189,Deeptrench,"1,435206615"
CLIENTE414,Riorin,"1,435273174"
CLIENTE286,Promethea,"1,435417195"
CLIENTE118,Cairhien,"1,435478542"
CLIENTE284,Dragmere,"1,435743705"
CLIENTE589,Posthaven,"1,436031589"
CLIENTE233,Rivenspire,"1,436088544"
CLIENTE276,Xinthar,"1,43613081"
CLIENTE369,Yenfall,"1,436287536"
CLIENTE308,Ichoris,"1,436387285"
CLIENTE598,Brakmar,"1,437255164"
CLIENTE172,Tahlenwald,"1,437404667"
CLIENTE283,Memphos,"1,437429241"
CLIENTE448,Resembool,"1,437551101"
CLIENTE357,Frosthelm,"1,437904487"
CLIENTE18,Nyagara,"1,437911878"
CLIENTE341,Aeusserst,"1,438747007"
CLIENTE556,Calcara,"1,438773585"
CLIENTE635,Deliora,"1,439027595"
CLIENTE202,Stonegate,"1,439125926"
CLIENTE186,Konoha,"1,439927432"
CLIENTE315,Humeria,"1,440703414"
CLIENTE690,Nyagara,"1,440757958"
CLIENTE62,Tutira,"1,441128842"
CLIENTE543,Zaphura,"1,441285555"
CLIENTE703,Alabasta,"1,441334725"
CLIENTE553,Swindale,"1,441390023"
CLIENTE276,Skyreach,"1,441511183"
CLIENTE263,Kakariko,"1,441618496"
CLIENTE504,Tomarath,"1,44189552"
CLIENTE181,Manifold,"1,442084294"
CLIENTE172,Vancross,"1,442185601"
CLIENTE38,Zanarkand,"1,442368756"
CLIENTE454,Marineford,"1,442712575"
CLIENTE301,Stormbar,"1,443024052"
CLIENTE471,Nibelheim,"1,443207051"
CLIENTE334,Brakmar,"1,443342737"
CLIENTE317,Brightfall,"1,443427836"
CLIENTE659,Zaphura,"1,443928238"
CLIENTE357,Dornfall,"1,444902645"
CLIENTE582,Deepwater,"1,444988287"
CLIENTE528,Tomarath,"1,445010658"
CLIENTE575,Chenara,"1,445619142"
CLIENTE3,Yenfall,"1,445787925"
CLIENTE554,Lathen,"1,445918643"
CLIENTE282,Galdrin,"1,446096056"
CLIENTE481,Glenhaven,"1,446749421"
CLIENTE219,Highspire,"1,446760964"
CLIENTE62,Grimvale,"1,44677159"
CLIENTE6,Yokara,"1,446926091"
CLIENTE23,Brakmar,"1,447278244"
CLIENTE448,Skyreach,"1,447589375"
CLIENTE144,Solhara,"1,447633379"
CLIENTE225,Deeptrench,"1,447697727"
CLIENTE143,Askr,"1,447907234"
CLIENTE674,Tarbean,"1,448313462"
CLIENTE535,Windscar,"1,448375467"
CLIENTE308,Galdrin,"1,448428381"
CLIENTE662,Haldryn,"1,448455896"
CLIENTE104,Yeygard,"1,448646003"
CLIENTE343,Nassauia,"1,448927437"
CLIENTE227,Obsidian,"1,449002187"
CLIENTE711,Azkaban,"1,449365773"
CLIENTE40,Deeptrench,"1,449682069"
CLIENTE384,Kakariko,"1,449819019"
CLIENTE185,Tuxara,"1,449856933"
CLIENTE304,Namek,"1,449876768"
CLIENTE290,Prontera,"1,450150365"
CLIENTE630,Nosgoth,"1,450307371"
CLIENTE665,Ulthar,"1,450407916"
CLIENTE457,Duskwall,"1,450580608"
CLIENTE137,Ishgard,"1,450582034"
CLIENTE643,Aeusserst,"1,450612719"
CLIENTE641,Yatora,"1,451061655"
CLIENTE164,Huern,"1,451511767"
CLIENTE314,Iyomar,"1,451569231"
CLIENTE73,Uinhold,"1,451744932"
CLIENTE435,Haldryn,"1,45180496"
CLIENTE594,Lothlorien,"1,451811622"
CLIENTE265,Frosthelm,"1,451836789"
CLIENTE5,Memphos,"1,451904464"
CLIENTE185,Dragmere,"1,451925511"
CLIENTE129,Zaphura,"1,451991392"
CLIENTE270,Surakai,"1,452006957"
CLIENTE95,Valisthea,"1,452090627"
CLIENTE632,Fernwall,"1,452173399"
CLIENTE146,Swindale,"1,452465296"
CLIENTE703,Nosgoth,"1,452677121"
CLIENTE80,Dragmere,"1,45287867"
CLIENTE466,Brakmar,"1,453448354"
CLIENTE389,Lochbar,"1,453621813"
CLIENTE445,Philgaia,"1,454471087"
CLIENTE141,Tempestia,"1,454568825"
CLIENTE504,Nyagara,"1,454723025"
CLIENTE635,Rocabar,"1,454756523"
CLIENTE512,Deliora,"1,454765293"
CLIENTE235,Manifold,"1,45478395"
CLIENTE501,Ichoris,"1,454863033"
CLIENTE646,Inoria,"1,454950925"
CLIENTE567,Tartarus,"1,454974005"
CLIENTE169,Cairhien,"1,455007212"
CLIENTE520,Promethea,"1,455018657"
CLIENTE228,Skellige,"1,455085509"
CLIENTE535,Nassauia,"1,45530913"
CLIENTE567,Nibelheim,"1,455430458"
CLIENTE301,Elysor,"1,455670093"
CLIENTE602,Vancross,"1,455693319"
CLIENTE527,Elzion,"1,455895979"
CLIENTE184,Aeusserst,"1,455985845"
CLIENTE638,Kandor,"1,455997995"
CLIENTE464,Ykoura,"1,456012384"
CLIENTE306,Casperia,"1,456105218"
CLIENTE213,Elzion,"1,456194829"
CLIENTE478,Cartheia,"1,456324223"
CLIENTE439,Skyreach,"1,456643238"
CLIENTE446,Xinthar,"1,456644522"
CLIENTE518,Vancross,"1,456814536"
CLIENTE155,Brakmar,"1,457454443"
CLIENTE54,Viscara,"1,457588387"
CLIENTE316,Rivenspire,"1,45767887"
CLIENTE58,Kharon,"1,457692582"
CLIENTE688,Vancross,"1,457759904"
CLIENTE464,Inoria,"1,458150675"
CLIENTE142,Johto,"1,458178884"
CLIENTE115,Hyrule,"1,458336576"
CLIENTE13,Ulthar,"1,458737429"
CLIENTE490,Hogwarts,"1,458749488"
CLIENTE627,Mountglass,"1,458871239"
CLIENTE629,Aeusserst,"1,458961918"
CLIENTE82,Ishgard,"1,459023845"
CLIENTE548,Stonegate,"1,459041077"
CLIENTE573,Perseon,"1,45926005"
CLIENTE444,Yatora,"1,459715662"
CLIENTE207,Targalon,"1,45979769"
CLIENTE240,Midgar,"1,460516794"
CLIENTE634,Solstheim,"1,460649994"
CLIENTE312,Nenaris,"1,460718516"
CLIENTE159,Azkaban,"1,460825961"
CLIENTE597,Nurmengard,"1,461081985"
CLIENTE659,Nenaris,"1,461896896"
CLIENTE312,Sunreach,"1,462252052"
CLIENTE449,Konoha,"1,462335054"
CLIENTE127,Quasmar,"1,462587187"
CLIENTE530,Gerudo,"1,462607704"
CLIENTE531,Dirtmouth,"1,463062065"
CLIENTE624,Valisthea,"1,463103019"
CLIENTE251,Haldryn,"1,463911864"
CLIENTE41,Greywatch,"1,464147264"
CLIENTE622,Rlyeh,"1,464160226"
CLIENTE675,Lathen,"1,464618651"
CLIENTE412,Namek,"1,464774002"
CLIENTE267,Midgar,"1,464806102"
CLIENTE133,Drinmoor,"1,464813471"
CLIENTE455,Kandor,"1,464968211"
CLIENTE78,Qineth,"1,46497455"
CLIENTE352,Raumor,"1,465398807"
CLIENTE464,Mythra,"1,465641641"
CLIENTE124,Ironfall,"1,465684975"
CLIENTE693,Xinthar,"1,465787337"
CLIENTE518,Kandor,"1,465867432"
CLIENTE659,Xinthar,"1,465979283"
CLIENTE85,Midgar,"1,466112069"
CLIENTE602,Elysor,"1,466276837"
CLIENTE709,Sunreach,"1,466380918"
CLIENTE164,Hyrule,"1,466746615"
CLIENTE36,Lyngard,"1,467779353"
CLIENTE168,Prontera,"1,467915264"
CLIENTE112,Ichoris,"1,468260877"
CLIENTE587,Jakura,"1,468320316"
CLIENTE414,Eredin,"1,468876637"
CLIENTE326,Stormbar,"1,469131829"
CLIENTE278,Walden,"1,469450121"
CLIENTE524,Laputa,"1,470334319"
CLIENTE625,Memphos,"1,470713259"
CLIENTE263,Stonegate,"1,471414431"
CLIENTE276,Stonegate,"1,471461901"
CLIENTE520,Solhara,"1,471644199"
CLIENTE204,Sectorium,"1,471968303"
CLIENTE86,Nosgoth,"1,472104178"
CLIENTE5,Paldea,"1,472204241"
CLIENTE214,Tutira,"1,472391796"
CLIENTE616,Brightfall,"1,472927935"
CLIENTE529,Windscar,"1,473027656"
CLIENTE701,Perseon,"1,473038973"
CLIENTE686,Pandora,"1,47330378"
CLIENTE665,Azkaban,"1,473339581"
CLIENTE681,Mythra,"1,473592597"
CLIENTE560,Yeygard,"1,474638386"
CLIENTE379,Solhara,"1,474800794"
CLIENTE701,Jindara,"1,474978015"
CLIENTE59,Ngorim,"1,475077849"
CLIENTE680,Lochbar,"1,475754211"
CLIENTE329,Midgar,"1,475954879"
CLIENTE109,Jakura,"1,4759874"
CLIENTE42,Duskwall,"1,476008235"
CLIENTE686,Sunreach,"1,476361203"
CLIENTE692,Nyagara,"1,476383173"
CLIENTE560,Yatora,"1,476536008"
CLIENTE605,Azkaban,"1,476567233"
CLIENTE707,Gerudo,"1,47688726"
CLIENTE150,Nyagara,"1,476894053"
CLIENTE429,Khengar,"1,477264914"
CLIENTE18,Bethlehem,"1,477765954"
CLIENTE200,Hollowmar,"1,478870183"
CLIENTE501,Mondstadt,"1,479119151"
CLIENTE32,Dirtmouth,"1,479171263"
CLIENTE510,Sidora,"1,479195028"
CLIENTE503,Kandor,"1,479662717"
CLIENTE392,Walden,"1,479663358"
CLIENTE216,Inoria,"1,479793703"
CLIENTE189,Piscara,"1,479856901"
CLIENTE301,Amoneth,"1,480019103"
CLIENTE391,Hogwarts,"1,480204197"
CLIENTE607,Frosthelm,"1,480500792"
CLIENTE181,Rivenspire,"1,48077331"
CLIENTE505,Nenaris,"1,480971402"
CLIENTE125,Sunreach,"1,481214444"
CLIENTE378,Qineth,"1,481220238"
CLIENTE97,Skellige,"1,481288947"
CLIENTE241,Uinhold,"1,481534879"
CLIENTE302,Swindale,"1,481564873"
CLIENTE436,Laputa,"1,481703566"
CLIENTE195,Manshade,"1,481800336"
CLIENTE610,Lochbar,"1,481867634"
CLIENTE122,Tomarath,"1,481897579"
CLIENTE70,Wuhaven,"1,482194329"
CLIENTE325,Stormhold,"1,482501038"
CLIENTE566,Amoneth,"1,482690448"
CLIENTE618,Swindale,"1,483163924"
CLIENTE104,Hogwarts,"1,483180587"
CLIENTE37,Tahlenwald,"1,48318882"
CLIENTE134,Pausen,"1,484524149"
CLIENTE183,Azkaban,"1,485062771"
CLIENTE491,Nenaris,"1,485716369"
CLIENTE295,Inoria,"1,48627174"
CLIENTE699,Drinmoor,"1,486664836"
CLIENTE439,Resembool,"1,487142772"
CLIENTE278,Shadowpeak,"1,487240993"
CLIENTE91,Piscara,"1,487738219"
CLIENTE517,Lathen,"1,487851477"
CLIENTE125,Morrowind,"1,488286573"
CLIENTE53,Skyreach,"1,488767145"
CLIENTE315,Pillarreach,"1,489035518"
CLIENTE683,Posthaven,"1,489326762"
CLIENTE178,Pausen,"1,489346471"
CLIENTE13,Valyria,"1,489529151"
CLIENTE218,Haldryn,"1,489850637"
CLIENTE337,Cartheia,"1,489958783"
CLIENTE295,Khengar,"1,489971241"
CLIENTE148,Tahlenwald,"1,490222691"
CLIENTE653,Azural,"1,490402719"
CLIENTE549,Quasmar,"1,490633111"
CLIENTE607,Koktahl,"1,490636658"
CLIENTE357,Casperia,"1,490694974"
CLIENTE684,Elzion,"1,49081113"
CLIENTE82,Drinmoor,"1,491056563"
CLIENTE145,Manshade,"1,491820347"
CLIENTE43,Aeusserst,"1,491907195"
CLIENTE441,Koktahl,"1,492122746"
CLIENTE476,Limoria,"1,492166574"
CLIENTE500,Zanarkand,"1,492487395"
CLIENTE675,Noctis,"1,493004485"
CLIENTE95,Deeptrench,"1,493238914"
CLIENTE408,Gerudo,"1,493468032"
CLIENTE533,Mountglass,"1,493653774"
CLIENTE71,Xinthar,"1,493712259"
CLIENTE591,Nyagara,"1,493728357"
CLIENTE689,Zanarkand,"1,493802219"
CLIENTE397,Wuhaven,"1,493891514"
CLIENTE119,Qineth,"1,493908408"
CLIENTE276,Hyrule,"1,494064134"
CLIENTE696,Dornfall,"1,494078464"
CLIENTE62,Amoneth,"1,494521666"
CLIENTE182,Azkaban,"1,494752223"
CLIENTE398,Hazoria,"1,494906262"
CLIENTE142,Viscara,"1,495119379"
CLIENTE97,Alabasta,"1,495133989"
CLIENTE246,Tarbean,"1,495392789"
CLIENTE445,Swindale,"1,495414187"
CLIENTE169,Sidora,"1,495453544"
CLIENTE487,Elysor,"1,495478476"
CLIENTE617,Inoria,"1,495654025"
CLIENTE85,Raumor,"1,495722587"
CLIENTE573,Ossandor,"1,495836346"
CLIENTE640,Salvaris,"1,496802213"
CLIENTE175,Elysor,"1,49706742"
CLIENTE317,Lochbar,"1,497189322"
CLIENTE679,Jakura,"1,497394458"
CLIENTE345,Besaid,"1,497421516"
CLIENTE491,Hazoria,"1,497630696"
CLIENTE225,Drinmoor,"1,497820714"
CLIENTE73,Fernwall,"1,497959013"
CLIENTE427,Johto,"1,498159547"
CLIENTE59,Savois,"1,498166867"
CLIENTE215,Shadowpeak,"1,498388709"
CLIENTE674,Humeria,"1,499417887"
CLIENTE307,Dragmere,"1,499518896"
CLIENTE322,Obsidian,"1,500117314"
CLIENTE223,Skellige,"1,500198058"
CLIENTE510,Casperia,"1,500946117"
CLIENTE9,Sunreach,"1,501103876"
CLIENTE615,Cairhien,"1,501294621"
CLIENTE370,Northfall,"1,501380172"
CLIENTE273,Jakura,"1,502134343"
CLIENTE484,Pandora,"1,502799084"
CLIENTE83,Imre,"1,502962815"
CLIENTE510,Huern,"1,503132756"
CLIENTE424,Gerudo,"1,503193117"
CLIENTE418,Dornfall,"1,504071773"
CLIENTE682,Stevanor,"1,504184408"
CLIENTE156,Yatora,"1,504461526"
CLIENTE635,Termina,"1,504845027"
CLIENTE698,Ulthar,"1,505279917"
CLIENTE562,Raumor,"1,50582915"
CLIENTE527,Manifold,"1,506001325"
CLIENTE124,Tartarus,"1,506034094"
CLIENTE699,Jakura,"1,506034881"
CLIENTE189,Uinhold,"1,506173204"
CLIENTE300,Manshade,"1,506752568"
CLIENTE302,Ishgard,"1,507254424"
CLIENTE438,Iskeld,"1,507505762"
CLIENTE443,Laputa,"1,507586814"
CLIENTE92,Ossandor,"1,507881448"
CLIENTE236,Sunreach,"1,508299238"
CLIENTE699,Ykoura,"1,508465515"
CLIENTE251,Sableport,"1,50847372"
CLIENTE328,Muskara,"1,508718111"
CLIENTE467,Huern,"1,508967656"
CLIENTE121,Aeusserst,"1,508994253"
CLIENTE355,Inoria,"1,509095549"
CLIENTE11,Lothlorien,"1,509145615"
CLIENTE175,TwinPillars,"1,509267902"
CLIENTE88,Wuhaven,"1,510021089"
CLIENTE673,Ashkora,"1,510475287"
CLIENTE61,Riorin,"1,510722431"
CLIENTE29,Azural,"1,510916668"
CLIENTE46,Limoria,"1,511455594"
CLIENTE555,Konoha,"1,512223733"
CLIENTE532,Valisthea,"1,51247428"
CLIENTE93,Qineth,"1,51259339"
CLIENTE630,Cartheia,"1,512658515"
CLIENTE134,Ironfall,"1,512782802"
CLIENTE293,Philgaia,"1,513182989"
CLIENTE205,Ichoris,"1,51326077"
CLIENTE538,Nosgoth,"1,513307357"
CLIENTE324,Lathen,"1,513401135"
CLIENTE636,Qineth,"1,513622344"
CLIENTE604,Valyria,"1,513678658"
CLIENTE686,Seireitei,"1,514009997"
CLIENTE3,Dragmere,"1,514422988"
CLIENTE498,Ashkora,"1,514479905"
CLIENTE369,Tempestia,"1,51491639"
CLIENTE183,Cartheia,"1,515674944"
CLIENTE73,Brightfall,"1,515841954"
CLIENTE261,Nyagara,"1,516154108"
CLIENTE390,Zuldazar,"1,516682415"
CLIENTE125,Kobaris,"1,516902185"
CLIENTE630,Sectorium,"1,516978688"
CLIENTE610,Thalassar,"1,51726644"
CLIENTE179,Johto,"1,517342551"
CLIENTE669,Inoria,"1,517490939"
CLIENTE676,Yokara,"1,517524682"
CLIENTE46,Northfall,"1,517766417"
CLIENTE298,Jadehold,"1,51803065"
CLIENTE394,Piscara,"1,518296411"
CLIENTE240,Sectorium,"1,51878498"
CLIENTE11,Qineth,"1,51881917"
CLIENTE85,Obsidian,"1,518865004"
CLIENTE357,Yjigar,"1,518907683"
CLIENTE417,Highspire,"1,519155179"
CLIENTE397,Yeygard,"1,519401901"
CLIENTE663,Calcara,"1,51942263"
CLIENTE319,Tempestia,"1,52002499"
CLIENTE73,Azural,"1,520033064"
CLIENTE114,Tomarath,"1,520242591"
CLIENTE264,Ashkora,"1,520907735"
CLIENTE567,Mythra,"1,52111301"
CLIENTE7,Marineford,"1,521208357"
CLIENTE400,Haldryn,"1,521276069"
CLIENTE383,Gerudo,"1,521458866"
CLIENTE14,Xinthar,"1,521706546"
CLIENTE328,Spira,"1,521799486"
CLIENTE189,Cartheia,"1,522330467"
CLIENTE537,Greywatch,"1,522355547"
CLIENTE226,Besaid,"1,522697354"
CLIENTE8,Nighthaven,"1,522757827"
CLIENTE398,Zuldazar,"1,522950357"
CLIENTE174,Morrowind,"1,523443275"
CLIENTE237,Johto,"1,52356271"
CLIENTE478,Piscara,"1,523955558"
CLIENTE475,Laputa,"1,523962396"
CLIENTE280,Kragspire,"1,524339937"
CLIENTE149,Morrowind,"1,524426927"
CLIENTE511,Nibelheim,"1,524485063"
CLIENTE157,Humeria,"1,524777992"
CLIENTE695,Tempestia,"1,525283705"
CLIENTE553,Lochbar,"1,525504855"
CLIENTE185,Spira,"1,525520736"
CLIENTE130,Valisthea,"1,5258936"
CLIENTE599,Liones,"1,525947881"
CLIENTE467,Tarbean,"1,526037638"
CLIENTE393,Nassauia,"1,526114163"
CLIENTE364,Thalassar,"1,526218336"
CLIENTE553,Glenhaven,"1,526259039"
CLIENTE421,Huern,"1,526624315"
CLIENTE319,Sethera,"1,526948651"
CLIENTE538,Kakariko,"1,527002391"
CLIENTE179,Pausen,"1,527032232"
CLIENTE541,Tomarath,"1,527046448"
CLIENTE459,Nibelheim,"1,527466781"
CLIENTE346,Thalassar,"1,52762603"
CLIENTE678,Elysor,"1,527803993"
CLIENTE317,Stevanor,"1,528211442"
CLIENTE430,Zaphura,"1,528683695"
CLIENTE376,Liones,"1,529184429"
CLIENTE268,Stonegate,"1,529198149"
CLIENTE552,Kobaris,"1,52950115"
CLIENTE459,Tomarath,"1,529800891"
CLIENTE42,Viscara,"1,530047535"
CLIENTE613,Deliora,"1,530096681"
CLIENTE263,Drinmoor,"1,530098286"
CLIENTE54,Winhill,"1,530474597"
CLIENTE673,Tempestia,"1,530906806"
CLIENTE568,Cairhien,"1,530921474"
CLIENTE132,Alabasta,"1,531831175"
CLIENTE613,Perseon,"1,532444966"
CLIENTE18,Piscara,"1,532690317"
CLIENTE135,Surakai,"1,532706772"
CLIENTE171,Highspire,"1,533374652"
CLIENTE90,Duskwall,"1,533465742"
CLIENTE438,Laputa,"1,533654507"
CLIENTE545,Deepwater,"1,533735407"
CLIENTE513,Pausen,"1,533788282"
CLIENTE407,Brakmar,"1,5338799"
CLIENTE311,Stonegate,"1,53396715"
CLIENTE519,Osaria,"1,534257056"
CLIENTE437,Yeygard,"1,534317836"
CLIENTE355,Aeusserst,"1,53432941"
CLIENTE80,Helheim,"1,534926325"
CLIENTE697,Sunreach,"1,534964282"
CLIENTE678,Valisthea,"1,535179218"
CLIENTE490,Windscar,"1,535197586"
CLIENTE10,Stormbar,"1,535506394"
CLIENTE182,Stevanor,"1,535753944"
CLIENTE90,Stevanor,"1,535980353"
CLIENTE679,Lathen,"1,536367263"
CLIENTE655,Klunheim,"1,536473905"
CLIENTE569,Seireitei,"1,536781176"
CLIENTE89,Jakura,"1,53720341"
CLIENTE50,Galdrin,"1,537489945"
CLIENTE574,Qineth,"1,537651536"
CLIENTE539,Tutira,"1,538174319"
CLIENTE645,Philgaia,"1,538323924"
CLIENTE75,Kragspire,"1,538471404"
CLIENTE250,Northfall,"1,538504862"
CLIENTE463,Tahlenwald,"1,53922963"
CLIENTE426,Humeria,"1,539390038"
CLIENTE94,Dornfall,"1,539492526"
CLIENTE93,Hogwarts,"1,539523981"
CLIENTE231,Termina,"1,539702393"
CLIENTE437,Nibelheim,"1,539713811"
CLIENTE314,Cairhien,"1,539774776"
CLIENTE607,Dirtmouth,"1,541298506"
CLIENTE118,Iyomar,"1,54143939"
CLIENTE699,Ishgard,"1,541758484"
CLIENTE31,Glenhaven,"1,541800712"
CLIENTE362,Skellige,"1,541979752"
CLIENTE161,Ivalice,"1,542066184"
CLIENTE349,Altissia,"1,542545665"
CLIENTE421,Jakura,"1,543095349"
CLIENTE304,Helheim,"1,543560111"
CLIENTE317,Tuxara,"1,543713135"
CLIENTE92,Nighthaven,"1,543772077"
CLIENTE499,Morrowind,"1,543803367"
CLIENTE619,Amoneth,"1,544731641"
CLIENTE232,Askr,"1,545618605"
CLIENTE464,Lyngard,"1,54576608"
CLIENTE498,Tchurion,"1,54584266"
CLIENTE705,Spira,"1,546040289"
CLIENTE497,Deeptrench,"1,546375408"
CLIENTE3,Jadehold,"1,546395277"
CLIENTE433,Jindara,"1,546611117"
CLIENTE596,Johto,"1,546631631"
CLIENTE182,Viscara,"1,546666212"
CLIENTE314,Laputa,"1,547147243"
CLIENTE396,Galdrin,"1,547151847"
CLIENTE284,Azkaban,"1,547312645"
CLIENTE276,Manshade,"1,547323399"
CLIENTE428,Iyomar,"1,547419142"
CLIENTE617,Konoha,"1,547641809"
CLIENTE550,Sunreach,"1,547977799"
CLIENTE695,Perseon,"1,548675406"
CLIENTE184,Cairhien,"1,548704121"
CLIENTE526,Mountglass,"1,548820314"
CLIENTE59,Altissia,"1,549285544"
CLIENTE559,Jakura,"1,549416525"
CLIENTE14,Ivalice,"1,549695582"
CLIENTE246,Bethlehem,"1,54979566"
CLIENTE296,Wuhaven,"1,5498742"
CLIENTE52,Spira,"1,550657635"
CLIENTE166,Stormhold,"1,55066986"
CLIENTE495,Mythra,"1,550732164"
CLIENTE698,Stevanor,"1,551007919"
CLIENTE513,Lyngard,"1,551801282"
CLIENTE7,Ichoris,"1,552182832"
CLIENTE97,Northfall,"1,552298591"
CLIENTE575,Skellige,"1,552833137"
CLIENTE200,Laputa,"1,552877849"
CLIENTE449,Greywatch,"1,553839397"
CLIENTE233,TwinPillars,"1,553933139"
CLIENTE417,Brakmar,"1,554414731"
CLIENTE569,Manshade,"1,554806478"
CLIENTE429,Northfall,"1,555087355"
CLIENTE72,Sectorium,"1,555522864"
CLIENTE354,Amoneth,"1,55581613"
CLIENTE134,Kragspire,"1,55604508"
CLIENTE628,Ulthar,"1,556349492"
CLIENTE671,Ngorim,"1,556630082"
CLIENTE684,Thalassar,"1,557093019"
CLIENTE445,Tuxara,"1,557639288"
CLIENTE235,Skellige,"1,557738756"
CLIENTE589,Brightfall,"1,557878334"
CLIENTE544,Mountglass,"1,558348526"
CLIENTE209,Pangara,"1,558571204"
CLIENTE149,Elzion,"1,559254403"
CLIENTE390,Memphos,"1,559490295"
CLIENTE459,Brightfall,"1,55953922"
CLIENTE392,Qineth,"1,559921812"
CLIENTE686,Kobaris,"1,560011925"
CLIENTE565,Iyomar,"1,560337444"
CLIENTE240,Raumor,"1,560470779"
CLIENTE520,Surakai,"1,561107841"
CLIENTE289,Zanarkand,"1,56116056"
CLIENTE216,Chenara,"1,561163861"
CLIENTE474,Surakai,"1,561246822"
CLIENTE622,Ngorim,"1,561426314"
CLIENTE131,Casperia,"1,561633141"
CLIENTE401,Tempestia,"1,561706863"
CLIENTE125,Zanarkand,"1,561936851"
CLIENTE613,Zanarkand,"1,562194462"
CLIENTE25,Sidora,"1,562306457"
CLIENTE342,Manifold,"1,562460435"
CLIENTE136,Hollowmar,"1,562598215"
CLIENTE544,Manshade,"1,562657087"
CLIENTE559,Spira,"1,562700118"
CLIENTE268,Jindara,"1,563082623"
CLIENTE110,Alabasta,"1,563486656"
CLIENTE539,Khengar,"1,563738199"
CLIENTE119,Valisthea,"1,564088367"
CLIENTE556,Jadehold,"1,564134275"
CLIENTE165,Tarbean,"1,564208282"
CLIENTE670,Ossandor,"1,564303711"
CLIENTE701,Marineford,"1,564649963"
CLIENTE54,Ivalice,"1,564700754"
CLIENTE551,Nenaris,"1,564761621"
CLIENTE171,Vancross,"1,565318207"
CLIENTE398,Raumor,"1,565321058"
CLIENTE396,Iyomar,"1,565465209"
CLIENTE76,Paldea,"1,565667042"
CLIENTE620,Fernwall,"1,565704894"
CLIENTE104,Resembool,"1,565866899"
CLIENTE154,Sableport,"1,566009539"
CLIENTE613,Tomarath,"1,566015232"
CLIENTE31,Nenaris,"1,566282011"
CLIENTE404,Pillarreach,"1,566405065"
CLIENTE194,Stevanor,"1,567094046"
CLIENTE39,Koktahl,"1,567319353"
CLIENTE392,Ulthar,"1,56755022"
CLIENTE349,Manifold,"1,567635643"
CLIENTE369,Tomarath,"1,567849048"
CLIENTE16,Deepwater,"1,567857228"
CLIENTE329,Manshade,"1,568088975"
CLIENTE311,Gerudo,"1,568694155"
CLIENTE141,Tutira,"1,568788672"
CLIENTE408,Yjigar,"1,56899973"
CLIENTE480,Melvara,"1,569172912"
CLIENTE156,Raumor,"1,569198066"
CLIENTE145,Hazoria,"1,569268866"
CLIENTE439,Jindara,"1,569701909"
CLIENTE365,Osaria,"1,569911658"
CLIENTE472,Kobaris,"1,5705785"
CLIENTE109,Azural,"1,571108961"
CLIENTE362,Tahlenwald,"1,57136877"
CLIENTE343,Iyomar,"1,571558997"
CLIENTE386,Yenfall,"1,572152299"
CLIENTE589,Lochbar,"1,572389474"
CLIENTE207,Termina,"1,572474048"
CLIENTE685,Elzion,"1,572654393"
CLIENTE90,Sunreach,"1,572933806"
CLIENTE607,Northfall,"1,573002157"
CLIENTE680,Askr,"1,573130958"
CLIENTE573,Rivenspire,"1,573510353"
CLIENTE47,Stonegate,"1,573886743"
CLIENTE694,Marineford,"1,574038518"
CLIENTE654,Johto,"1,574072402"
CLIENTE111,Iskeld,"1,574083433"
CLIENTE207,Nyagara,"1,574246265"
CLIENTE26,Vancross,"1,57445223"
CLIENTE640,Casperia,"1,574477428"
CLIENTE559,Deliora,"1,575025914"
CLIENTE274,Kharon,"1,575855256"
CLIENTE536,Eredin,"1,576143804"
CLIENTE248,Elysor,"1,576447804"
CLIENTE367,Glenhaven,"1,576490091"
CLIENTE652,Glenhaven,"1,576566285"
CLIENTE123,Lothlorien,"1,576724355"
CLIENTE575,Morrowind,"1,57674665"
CLIENTE373,Azural,"1,57712542"
CLIENTE91,Ulthar,"1,577276134"
CLIENTE321,Chenara,"1,577441778"
CLIENTE405,Cairhien,"1,57749653"
CLIENTE37,Solstheim,"1,577698133"
CLIENTE335,Ironfall,"1,577756422"
CLIENTE506,Haldryn,"1,577901069"
CLIENTE523,Spira,"1,578442888"
CLIENTE561,Valyria,"1,578520338"
CLIENTE434,Uinhold,"1,578692163"
CLIENTE417,Ichoris,"1,578720766"
CLIENTE44,Aeusserst,"1,578941023"
CLIENTE300,Viscara,"1,578954517"
CLIENTE159,Imre,"1,579789698"
CLIENTE113,Ashkora,"1,579814595"
CLIENTE91,Philgaia,"1,579854263"
CLIENTE123,Northfall,"1,580144111"
CLIENTE192,Solstheim,"1,580377447"
CLIENTE393,Ykoura,"1,580397174"
CLIENTE608,Deeptrench,"1,580606011"
CLIENTE54,Sectorium,"1,580755678"
CLIENTE21,Tuxara,"1,581148329"
CLIENTE30,Hollowmar,"1,581342699"
CLIENTE206,Noctis,"1,581529626"
CLIENTE292,Ngorim,"1,581865018"
CLIENTE304,Skyreach,"1,582623955"
CLIENTE24,Perseon,"1,582662984"
CLIENTE337,Nassauia,"1,582779243"
CLIENTE423,Mythra,"1,582953344"
CLIENTE660,Savois,"1,582962824"
CLIENTE582,Casperia,"1,583191441"
CLIENTE231,Bethlehem,"1,583605352"
CLIENTE415,Quasmar,"1,584135023"
CLIENTE377,Savois,"1,584280587"
CLIENTE706,Stormhold,"1,584811368"
CLIENTE93,Marineford,"1,584961815"
CLIENTE49,Northfall,"1,585061004"
CLIENTE101,Khengar,"1,585391145"
CLIENTE585,Highspire,"1,586633611"
CLIENTE359,Rlyeh,"1,587394642"
CLIENTE623,Stormbar,"1,587878497"
CLIENTE492,Highspire,"1,588035442"
CLIENTE462,Helheim,"1,588164446"
CLIENTE568,Tarbean,"1,588217356"
CLIENTE67,Iskeld,"1,588263933"
CLIENTE652,Savois,"1,588847397"
CLIENTE47,Cairhien,"1,588972455"
CLIENTE439,Yenfall,"1,589189937"
CLIENTE318,Ashkora,"1,589223002"
CLIENTE433,Yokara,"1,589611556"
CLIENTE163,Tarbean,"1,590060972"
CLIENTE500,Besaid,"1,590189477"
CLIENTE692,Vancross,"1,590443394"
CLIENTE479,Seireitei,"1,590662701"
CLIENTE577,Osaria,"1,590736952"
CLIENTE636,Imre,"1,591011358"
CLIENTE185,Namek,"1,591177327"
CLIENTE440,Pausen,"1,591242848"
CLIENTE450,Tutira,"1,591258333"
CLIENTE253,Quasmar,"1,591424723"
CLIENTE252,Riorin,"1,591945264"
CLIENTE126,Ironfall,"1,592404979"
CLIENTE488,Alabasta,"1,592810818"
CLIENTE337,Khengar,"1,593258943"
CLIENTE154,Jadehold,"1,59341689"
CLIENTE123,Ishgard,"1,593793485"
CLIENTE118,Iskeld,"1,593888172"
CLIENTE55,Rivenspire,"1,593968651"
CLIENTE512,Nyagara,"1,594018934"
CLIENTE140,Nenaris,"1,594057836"
CLIENTE285,Koktahl,"1,594080657"
CLIENTE414,Aeusserst,"1,594175566"
CLIENTE697,Hyrule,"1,594211903"
CLIENTE709,Limoria,"1,594226531"
CLIENTE162,Nighthaven,"1,594585116"
CLIENTE154,Dornfall,"1,594662165"
CLIENTE343,Morrowind,"1,595057091"
CLIENTE270,Melvara,"1,595137983"
CLIENTE696,Nibelheim,"1,595250548"
CLIENTE650,Yjigar,"1,595256485"
CLIENTE241,Mythra,"1,595345789"
CLIENTE204,Hyrule,"1,595403541"
CLIENTE300,Termina,"1,596661041"
CLIENTE622,Skellige,"1,597071465"
CLIENTE322,Tartarus,"1,597165537"
CLIENTE712,Wuhaven,"1,597479213"
CLIENTE305,Resembool,"1,598108224"
CLIENTE38,Humeria,"1,598511474"
CLIENTE611,Deliora,"1,598795458"
CLIENTE572,Vancross,"1,599350303"
CLIENTE385,Tempestia,"1,59952889"
CLIENTE93,Galdrin,"1,599606276"
CLIENTE78,Lyngard,"1,599923313"
CLIENTE325,Jadehold,"1,600263287"
CLIENTE263,Imre,"1,60027584"
CLIENTE223,Valyria,"1,600591195"
CLIENTE612,Perseon,"1,600705178"
CLIENTE259,Stormbar,"1,601385061"
CLIENTE403,Rocabar,"1,601539923"
CLIENTE467,Termina,"1,601559727"
CLIENTE68,Frosthelm,"1,60156204"
CLIENTE676,Pangara,"1,601594119"
CLIENTE95,Zanarkand,"1,60199268"
CLIENTE343,Jadehold,"1,60247905"
CLIENTE593,Grimvale,"1,602830671"
CLIENTE156,Iskeld,"1,602912734"
CLIENTE703,Walden,"1,603015959"
CLIENTE54,Aeusserst,"1,603162322"
CLIENTE41,Hazoria,"1,603737868"
CLIENTE99,Nurmengard,"1,604110809"
CLIENTE293,Cartheia,"1,604362299"
CLIENTE283,Stonegate,"1,604782497"
CLIENTE398,Askr,"1,604885345"
CLIENTE390,Promethea,"1,60504015"
CLIENTE439,Yokara,"1,605679872"
CLIENTE153,Hazoria,"1,605753702"
CLIENTE427,Besaid,"1,605958361"
CLIENTE367,Stormbar,"1,606628716"
CLIENTE225,Rocabar,"1,606834852"
CLIENTE32,Koktahl,"1,606922222"
CLIENTE304,Prontera,"1,606923216"
CLIENTE552,Kandor,"1,607087345"
CLIENTE635,Nassauia,"1,607208368"
CLIENTE214,Surakai,"1,607481053"
CLIENTE600,Konoha,"1,607684708"
CLIENTE102,Ivalice,"1,607723237"
CLIENTE189,Ossandor,"1,607914089"
CLIENTE423,Amoneth,"1,607998293"
CLIENTE631,Highspire,"1,608128039"
CLIENTE558,Mythra,"1,608408577"
CLIENTE562,Northfall,"1,608411703"
CLIENTE711,Deeptrench,"1,608583335"
CLIENTE196,Askr,"1,608624524"
CLIENTE135,Greywatch,"1,60883028"
CLIENTE621,Frosthelm,"1,609596163"
CLIENTE452,Iyomar,"1,609969851"
CLIENTE130,Skyreach,"1,610007559"
CLIENTE144,Tempestia,"1,61046656"
CLIENTE58,Windscar,"1,610518736"
CLIENTE623,Osaria,"1,611609879"
CLIENTE222,Deepwater,"1,611712518"
CLIENTE137,Thalassar,"1,611776876"
CLIENTE177,Sunreach,"1,612116363"
CLIENTE333,Dornfall,"1,612134165"
CLIENTE125,Zaphura,"1,612810016"
CLIENTE703,Salvaris,"1,612914746"
CLIENTE210,Elysor,"1,612940995"
CLIENTE16,Nighthaven,"1,61296919"
CLIENTE333,Alabasta,"1,613319262"
CLIENTE676,Uinhold,"1,613570902"
CLIENTE517,Surakai,"1,613654721"
CLIENTE520,Haldryn,"1,614048509"
CLIENTE23,Tomarath,"1,614305211"
CLIENTE242,Tahlenwald,"1,614454324"
CLIENTE355,Valyria,"1,614676369"
CLIENTE131,Nurmengard,"1,614739929"
CLIENTE205,Savois,"1,615009769"
CLIENTE211,Zuldazar,"1,615211762"
CLIENTE2,Stormhold,"1,615251984"
CLIENTE599,Tutira,"1,615337407"
CLIENTE662,Kragspire,"1,615363332"
CLIENTE409,Brightfall,"1,615384717"
CLIENTE308,Tuxara,"1,615665986"
CLIENTE620,Melvara,"1,615903259"
CLIENTE495,Yeygard,"1,616091623"
CLIENTE116,Valisthea,"1,616271172"
CLIENTE331,Yatora,"1,61664114"
CLIENTE561,Sectorium,"1,616702973"
CLIENTE517,Swindale,"1,616734913"
CLIENTE390,Ossandor,"1,617325936"
CLIENTE520,Galdrin,"1,617816336"
CLIENTE169,Calcara,"1,617819645"
CLIENTE420,Calcara,"1,617901645"
CLIENTE267,Surakai,"1,617989063"
CLIENTE553,Tartarus,"1,618076911"
CLIENTE641,Valyria,"1,618164191"
CLIENTE123,Askr,"1,61818333"
CLIENTE579,Nenaris,"1,618512245"
CLIENTE49,Zanarkand,"1,618756407"
CLIENTE28,Promethea,"1,619092357"
CLIENTE25,Rocabar,"1,619697765"
CLIENTE382,Inoria,"1,619721152"
CLIENTE10,Tutira,"1,619722183"
CLIENTE92,Surakai,"1,619955255"
CLIENTE158,Muskara,"1,620098185"
CLIENTE331,Raumor,"1,620508999"
CLIENTE691,Paldea,"1,620515585"
CLIENTE300,Konoha,"1,621302582"
CLIENTE248,Tchurion,"1,621715324"
CLIENTE71,Winhill,"1,622043518"
CLIENTE189,Solstheim,"1,622306776"
CLIENTE76,Lathen,"1,622347611"
CLIENTE294,Osaria,"1,622492539"
CLIENTE706,Paldea,"1,623572543"
CLIENTE448,Brightfall,"1,623763351"
CLIENTE496,Kakariko,"1,624524171"
CLIENTE544,Shadowpeak,"1,624557647"
CLIENTE517,Nighthaven,"1,624786304"
CLIENTE430,Noctis,"1,624810931"
CLIENTE102,Tartarus,"1,625178783"
CLIENTE443,Resembool,"1,625331503"
CLIENTE455,Noctis,"1,62556276"
CLIENTE45,Tutira,"1,625637873"
CLIENTE182,Namek,"1,625853058"
CLIENTE10,Laputa,"1,626207241"
CLIENTE290,Osaria,"1,626449337"
CLIENTE579,Manifold,"1,626470538"
CLIENTE618,Viscara,"1,626698738"
CLIENTE695,Ykoura,"1,626704961"
CLIENTE382,Ashkora,"1,627106757"
CLIENTE127,Zanarkand,"1,627190927"
CLIENTE392,Liones,"1,627202075"
CLIENTE97,Yjigar,"1,627307159"
CLIENTE243,Surakai,"1,62737113"
CLIENTE232,Memphos,"1,627737209"
CLIENTE369,Pillarreach,"1,627743408"
CLIENTE17,Galdrin,"1,627902244"
CLIENTE27,Morrowind,"1,627936959"
CLIENTE40,Shadowpeak,"1,628348277"
CLIENTE234,Helheim,"1,628623652"
CLIENTE47,Ossandor,"1,629384884"
CLIENTE527,Rivenspire,"1,629592392"
CLIENTE19,Imre,"1,629910377"
CLIENTE609,Sectorium,"1,630341908"
CLIENTE52,Brightfall,"1,630457155"
CLIENTE262,Namek,"1,630521649"
CLIENTE217,Eredin,"1,630524458"
CLIENTE192,Savois,"1,630633637"
CLIENTE623,Duskwall,"1,631650066"
CLIENTE228,Askr,"1,63211638"
CLIENTE144,Zuldazar,"1,632131962"
CLIENTE599,Promethea,"1,634283609"
CLIENTE669,Ykoura,"1,634387436"
CLIENTE479,Vancross,"1,635046248"
CLIENTE442,Pillarreach,"1,635086922"
CLIENTE10,Swindale,"1,635328106"
CLIENTE696,Greywatch,"1,635410165"
CLIENTE109,Winhill,"1,63543466"
CLIENTE467,Thalassar,"1,635723034"
CLIENTE366,Yenfall,"1,636303131"
CLIENTE60,Pausen,"1,636501794"
CLIENTE713,Zanarkand,"1,637413008"
CLIENTE625,Tahlenwald,"1,638220876"
CLIENTE266,Ashkora,"1,640446406"
CLIENTE132,Konoha,"1,641439617"
CLIENTE472,Mythra,"1,642475663"
CLIENTE487,Dragmere,"1,64249864"
CLIENTE405,Marineford,"1,642797434"
CLIENTE186,Noctis,"1,643153342"
CLIENTE201,Noctis,"1,64321734"
CLIENTE678,Tuxara,"1,643409095"
CLIENTE40,Kragspire,"1,64366165"
CLIENTE602,Greywatch,"1,643866778"
CLIENTE86,Spira,"1,644191934"
CLIENTE500,Elysor,"1,645356247"
CLIENTE475,Lyngard,"1,645724327"
CLIENTE319,Sunreach,"1,646567217"
CLIENTE512,Seireitei,"1,646836452"
CLIENTE78,Promethea,"1,64687313"
CLIENTE388,Galdrin,"1,647458866"
CLIENTE685,Piscara,"1,647560268"
CLIENTE618,Kharon,"1,647650999"
CLIENTE4,Kobaris,"1,648063371"
CLIENTE591,Kandor,"1,648227907"
CLIENTE705,Skellige,"1,648340163"
CLIENTE328,Uinhold,"1,648521434"
CLIENTE76,Ngorim,"1,648540499"
CLIENTE343,Gerudo,"1,648957807"
CLIENTE586,Hollowmar,"1,649180707"
CLIENTE417,Shadowpeak,"1,649264319"
CLIENTE487,Nyagara,"1,649305119"
CLIENTE402,Sectorium,"1,649752536"
CLIENTE107,Skellige,"1,649922325"
CLIENTE502,Yokara,"1,649982092"
CLIENTE315,Seireitei,"1,650779936"
CLIENTE161,Hazoria,"1,650878978"
CLIENTE620,Glenhaven,"1,651104566"
CLIENTE139,Thalassar,"1,65126962"
CLIENTE648,Koktahl,"1,65183536"
CLIENTE502,Jakura,"1,652637371"
CLIENTE113,Valyria,"1,652692823"
CLIENTE360,Valyria,"1,652935352"
CLIENTE528,Bethlehem,"1,653387079"
CLIENTE367,Paldea,"1,653481537"
CLIENTE617,Termina,"1,654091737"
CLIENTE699,Lathen,"1,65410209"
CLIENTE40,Ossandor,"1,654551505"
CLIENTE209,Hogwarts,"1,654567895"
CLIENTE453,Windscar,"1,654572134"
CLIENTE286,Tartarus,"1,654586933"
CLIENTE394,Wuhaven,"1,65630739"
CLIENTE541,Qineth,"1,656419409"
CLIENTE114,Grimvale,"1,658077918"
CLIENTE324,Valisthea,"1,658616064"
CLIENTE596,Philgaia,"1,658718387"
CLIENTE171,Skyreach,"1,659049665"
CLIENTE373,Tempestia,"1,659708943"
CLIENTE363,Ossandor,"1,660181477"
CLIENTE509,Quasmar,"1,661102901"
CLIENTE561,Philgaia,"1,661144989"
CLIENTE406,Sethera,"1,661262325"
CLIENTE184,Kakariko,"1,661503242"
CLIENTE70,Windscar,"1,66165612"
CLIENTE571,Ulthar,"1,661796992"
CLIENTE705,Swindale,"1,662318839"
CLIENTE295,Pangara,"1,662668132"
CLIENTE683,Laputa,"1,662832263"
CLIENTE131,Tartarus,"1,664602453"
CLIENTE533,Mythra,"1,664614607"
CLIENTE629,Perseon,"1,664680372"
CLIENTE630,Prontera,"1,664833905"
CLIENTE416,Fernwall,"1,666401848"
CLIENTE273,Stormhold,"1,666560753"
CLIENTE399,Tartarus,"1,666678322"
CLIENTE463,Grimvale,"1,667182688"
CLIENTE607,Deepwater,"1,667291267"
CLIENTE50,Drinmoor,"1,667363645"
CLIENTE368,Surakai,"1,667371229"
CLIENTE494,Ashkora,"1,667407986"
CLIENTE395,Surakai,"1,667588829"
CLIENTE359,Iskeld,"1,668345684"
CLIENTE398,Surakai,"1,668379296"
CLIENTE425,Marineford,"1,668988196"
CLIENTE61,Kragspire,"1,669118992"
CLIENTE235,Uinhold,"1,669440752"
CLIENTE398,Ivalice,"1,669563479"
CLIENTE701,Quasmar,"1,669694201"
CLIENTE372,Greywatch,"1,669771355"
CLIENTE540,Dragmere,"1,671852292"
CLIENTE536,Highspire,"1,672020963"
CLIENTE561,Kandor,"1,672309237"
CLIENTE373,Viscara,"1,672835278"
CLIENTE392,Askr,"1,672872042"
CLIENTE614,Yeygard,"1,673344331"
CLIENTE254,Stevanor,"1,673818656"
CLIENTE271,Cartheia,"1,673916603"
CLIENTE644,Prontera,"1,675178144"
CLIENTE207,Ossandor,"1,675426685"
CLIENTE114,Hogwarts,"1,675617472"
CLIENTE709,Lothlorien,"1,676023086"
CLIENTE214,Nighthaven,"1,676468642"
CLIENTE591,Azural,"1,676753685"
CLIENTE522,Prontera,"1,676806856"
CLIENTE252,Brightfall,"1,677023513"
CLIENTE278,Nurmengard,"1,677355635"
CLIENTE299,Nurmengard,"1,677484516"
CLIENTE201,Iskeld,"1,67815108"
CLIENTE447,Alabasta,"1,678451347"
CLIENTE126,Mountglass,"1,679089294"
CLIENTE111,Gerudo,"1,679168423"
CLIENTE174,Azural,"1,679192302"
CLIENTE48,Manshade,"1,679778929"
CLIENTE523,Kobaris,"1,680204302"
CLIENTE29,Dornfall,"1,680331738"
CLIENTE338,Kharon,"1,68108598"
CLIENTE87,Humeria,"1,68152048"
CLIENTE13,Bethlehem,"1,681822899"
CLIENTE578,Lathen,"1,682179576"
CLIENTE143,Deepwater,"1,682247277"
CLIENTE79,Pillarreach,"1,682337274"
CLIENTE274,Nenaris,"1,682488778"
CLIENTE318,Valyria,"1,682621102"
CLIENTE157,Tartarus,"1,68340346"
CLIENTE618,Tarbean,"1,683614467"
CLIENTE311,Qineth,"1,68375567"
CLIENTE292,Humeria,"1,684072028"
CLIENTE702,Vancross,"1,684634726"
CLIENTE389,Alabasta,"1,684702588"
CLIENTE656,Jindara,"1,684714114"
CLIENTE678,Azkaban,"1,68475226"
CLIENTE217,Brightfall,"1,684770981"
CLIENTE255,Grimvale,"1,684804861"
CLIENTE414,Sethera,"1,684805378"
CLIENTE412,Skellige,"1,684864161"
CLIENTE270,Riorin,"1,686935444"
CLIENTE710,Dragmere,"1,688119482"
CLIENTE348,Nibelheim,"1,68813539"
CLIENTE699,Seireitei,"1,688561285"
CLIENTE10,Lyngard,"1,689392931"
CLIENTE26,Ossandor,"1,689454444"
CLIENTE348,Helheim,"1,689763014"
CLIENTE490,Tutira,"1,690111053"
CLIENTE658,Noctis,"1,690390368"
CLIENTE354,Zaphura,"1,690669276"
CLIENTE152,Wuhaven,"1,690904223"
CLIENTE615,Ngorim,"1,691225183"
CLIENTE635,Amoneth,"1,691229229"
CLIENTE245,Zanarkand,"1,69125483"
CLIENTE359,Surakai,"1,691317534"
CLIENTE283,Midgar,"1,691805834"
CLIENTE606,Skyreach,"1,69215277"
CLIENTE271,Sidora,"1,692438473"
CLIENTE377,Wuhaven,"1,693899439"
CLIENTE559,Stevanor,"1,694059297"
CLIENTE604,Fernwall,"1,694499076"
CLIENTE292,Thalassar,"1,695031311"
CLIENTE535,Hollowmar,"1,695091074"
CLIENTE40,Zuldazar,"1,695512337"
CLIENTE336,Alabasta,"1,695589946"
CLIENTE113,Cairhien,"1,697244337"
CLIENTE515,Rocabar,"1,697636661"
CLIENTE216,Ngorim,"1,69784252"
CLIENTE260,Johto,"1,698199073"
CLIENTE37,Stormbar,"1,698484611"
CLIENTE510,Nosgoth,"1,698773751"
CLIENTE3,Fernwall,"1,699394332"
CLIENTE645,Vancross,"1,699682321"
CLIENTE26,Nighthaven,"1,699917029"
CLIENTE300,Philgaia,"1,700703873"
CLIENTE31,Lothlorien,"1,700979584"
CLIENTE486,Yjigar,"1,701217361"
CLIENTE21,Klunheim,"1,701540909"
CLIENTE501,Nosgoth,"1,702078763"
CLIENTE19,Koktahl,"1,702341638"
CLIENTE613,Manshade,"1,702714002"
CLIENTE691,Targalon,"1,702898613"
CLIENTE605,Hyrule,"1,702963779"
CLIENTE153,Mondstadt,"1,702997464"
CLIENTE362,Manifold,"1,703004843"
CLIENTE197,Galdrin,"1,703027113"
CLIENTE299,Iskeld,"1,703265013"
CLIENTE708,Obsidian,"1,703291691"
CLIENTE616,Mountglass,"1,703559881"
CLIENTE276,Cairhien,"1,703723127"
CLIENTE342,Tchurion,"1,703940711"
CLIENTE702,Deepwater,"1,704084438"
CLIENTE705,Elzion,"1,704114601"
CLIENTE708,Valisthea,"1,704786562"
CLIENTE7,Tutira,"1,705126179"
CLIENTE251,Zaphura,"1,70626874"
CLIENTE403,Rlyeh,"1,70695468"
CLIENTE171,Ranskar,"1,707137227"
CLIENTE74,Muskara,"1,707144766"
CLIENTE154,Ichoris,"1,707605503"
CLIENTE577,Windscar,"1,707655682"
CLIENTE229,Marineford,"1,708088765"
CLIENTE183,Cairhien,"1,708354915"
CLIENTE360,Tutira,"1,708572286"
CLIENTE265,Pandora,"1,70929939"
CLIENTE601,Ngorim,"1,710205389"
CLIENTE421,Mythra,"1,710941651"
CLIENTE353,Melvara,"1,711025021"
CLIENTE332,Brakmar,"1,71127946"
CLIENTE156,Nighthaven,"1,712552564"
CLIENTE532,Mountglass,"1,713503107"
CLIENTE274,Windscar,"1,713962131"
CLIENTE569,Salvaris,"1,714256981"
CLIENTE637,Azkaban,"1,714267001"
CLIENTE688,Deepwater,"1,714283646"
CLIENTE685,Midgar,"1,714927345"
CLIENTE533,Azural,"1,715210903"
CLIENTE529,Klunheim,"1,716055424"
CLIENTE416,Paldea,"1,716141767"
CLIENTE364,Zanarkand,"1,716143595"
CLIENTE183,Askr,"1,716334381"
CLIENTE94,Glenhaven,"1,716751067"
CLIENTE505,Deeptrench,"1,716863835"
CLIENTE551,Osaria,"1,717410641"
CLIENTE475,Khengar,"1,717751049"
CLIENTE212,Tartarus,"1,717789168"
CLIENTE250,Viscara,"1,71891564"
CLIENTE676,Yeygard,"1,719158403"
CLIENTE92,Jadehold,"1,720219027"
CLIENTE320,Rivenspire,"1,721491217"
CLIENTE140,Chenara,"1,721954906"
CLIENTE478,Brightfall,"1,722362677"
CLIENTE590,Vancross,"1,72238683"
CLIENTE170,Stormbar,"1,722906519"
CLIENTE240,Ngorim,"1,722908035"
CLIENTE363,Pausen,"1,723554943"
CLIENTE315,Riorin,"1,724958876"
CLIENTE612,Haldryn,"1,725182972"
CLIENTE143,Solhara,"1,725843623"
CLIENTE85,Jadehold,"1,726075581"
CLIENTE622,Limoria,"1,726092433"
CLIENTE318,Kandor,"1,726353491"
CLIENTE544,Mondstadt,"1,726946326"
CLIENTE217,Noctis,"1,728336014"
CLIENTE449,Nyagara,"1,728941425"
CLIENTE194,Midgar,"1,729254903"
CLIENTE415,Stormbar,"1,729342855"
CLIENTE401,Azural,"1,729893552"
CLIENTE87,Amoneth,"1,729944162"
CLIENTE189,Rocabar,"1,730346566"
CLIENTE113,Iyomar,"1,730369314"
CLIENTE673,Tartarus,"1,730792934"
CLIENTE428,Stevanor,"1,73139734"
CLIENTE670,Kandor,"1,73184571"
CLIENTE548,Lyngard,"1,732769946"
CLIENTE447,Thalassar,"1,733100896"
CLIENTE96,Inoria,"1,735011841"
CLIENTE396,Vancross,"1,73562911"
CLIENTE411,Memphos,"1,735804551"
CLIENTE562,Mondstadt,"1,736162923"
CLIENTE100,Jakura,"1,736739615"
CLIENTE547,Tarbean,"1,737582566"
CLIENTE499,Manshade,"1,738166719"
CLIENTE689,Grimvale,"1,738500871"
CLIENTE287,Yatora,"1,739612402"
CLIENTE232,Morrowind,"1,739626149"
CLIENTE265,Haldryn,"1,739731312"
CLIENTE553,Gerudo,"1,739841652"
CLIENTE188,Drinmoor,"1,740707143"
CLIENTE561,Klunheim,"1,740815879"
CLIENTE541,Inoria,"1,741695786"
CLIENTE595,Kandor,"1,741936866"
CLIENTE205,Salvaris,"1,742529892"
CLIENTE468,Yenfall,"1,742626012"
CLIENTE374,Elzion,"1,743341403"
CLIENTE352,Shadowpeak,"1,74374043"
CLIENTE503,Ulthar,"1,744598007"
CLIENTE709,Gerudo,"1,745041386"
CLIENTE193,Tuxara,"1,745499862"
CLIENTE440,Nyagara,"1,746551143"
CLIENTE445,Spira,"1,746620577"
CLIENTE338,Highspire,"1,746757986"
CLIENTE127,Elysor,"1,747309741"
CLIENTE175,Promethea,"1,747383445"
CLIENTE569,Tartarus,"1,747881937"
CLIENTE687,Cairhien,"1,748432237"
CLIENTE645,Gerudo,"1,74862586"
CLIENTE136,Brightfall,"1,749008823"
CLIENTE709,Dragmere,"1,749279536"
CLIENTE37,Kandor,"1,749291725"
CLIENTE226,Azkaban,"1,74947337"
CLIENTE710,Kharon,"1,749491883"
CLIENTE96,Aeusserst,"1,750020319"
CLIENTE58,Vancross,"1,750417602"
CLIENTE473,Dornfall,"1,750570316"
CLIENTE165,Alabasta,"1,750710719"
CLIENTE112,Stonegate,"1,751031157"
CLIENTE662,Stonegate,"1,751117799"
CLIENTE423,Stevanor,"1,751671585"
CLIENTE233,Chenara,"1,751963907"
CLIENTE711,Piscara,"1,752312411"
CLIENTE643,Sidora,"1,752748129"
CLIENTE625,Fernwall,"1,753337588"
CLIENTE605,Mythra,"1,754287333"
CLIENTE573,Valyria,"1,754859233"
CLIENTE194,Hollowmar,"1,754865208"
CLIENTE519,Nurmengard,"1,755102475"
CLIENTE468,Zaphura,"1,755458083"
CLIENTE531,Viscara,"1,755539043"
CLIENTE543,Thalassar,"1,755573142"
CLIENTE41,Azkaban,"1,755814912"
CLIENTE402,Sidora,"1,756225808"
CLIENTE9,Lathen,"1,756637985"
CLIENTE463,Iyomar,"1,756710354"
CLIENTE543,Northfall,"1,757051629"
CLIENTE439,Windscar,"1,757291602"
CLIENTE325,Jakura,"1,757344255"
CLIENTE389,Lathen,"1,758120096"
CLIENTE68,Namek,"1,758313082"
CLIENTE131,Wuhaven,"1,758711246"
CLIENTE111,Grimvale,"1,759305889"
CLIENTE459,Marineford,"1,760157501"
CLIENTE429,Tomarath,"1,760263092"
CLIENTE642,Uinhold,"1,761074295"
CLIENTE588,Termina,"1,762227413"
CLIENTE692,Tarbean,"1,762520844"
CLIENTE639,Dragmere,"1,763526027"
CLIENTE251,Iskeld,"1,764280874"
CLIENTE561,Sunreach,"1,764977674"
CLIENTE74,Laputa,"1,765403071"
CLIENTE632,Elzion,"1,76578501"
CLIENTE563,Lyngard,"1,765837581"
CLIENTE76,Viscara,"1,765843898"
CLIENTE573,Duskwall,"1,766173674"
CLIENTE613,Tchurion,"1,766576415"
CLIENTE228,Lyngard,"1,766677156"
CLIENTE668,Lothlorien,"1,767635123"
CLIENTE528,Azural,"1,767774776"
CLIENTE556,Helheim,"1,768083674"
CLIENTE342,Kobaris,"1,768561655"
CLIENTE698,Muskara,"1,768691024"
CLIENTE33,Kandor,"1,76870898"
CLIENTE130,Chenara,"1,768914787"
CLIENTE670,Hazoria,"1,768941926"
CLIENTE475,Sethera,"1,769146811"
CLIENTE407,Mythra,"1,770120498"
CLIENTE67,Yatora,"1,770454125"
CLIENTE232,Elysor,"1,770615886"
CLIENTE178,Elzion,"1,772361245"
CLIENTE693,Helheim,"1,773173342"
CLIENTE319,Resembool,"1,773598764"
CLIENTE318,Nurmengard,"1,773888007"
CLIENTE688,Valyria,"1,774104487"
CLIENTE87,Zanarkand,"1,774109214"
CLIENTE507,Dragmere,"1,774476194"
CLIENTE36,Targalon,"1,77466773"
CLIENTE16,Thalassar,"1,774834806"
CLIENTE185,Nighthaven,"1,775878983"
CLIENTE148,Sectorium,"1,776493843"
CLIENTE132,Tarbean,"1,777485806"
CLIENTE619,Xinthar,"1,777623204"
CLIENTE383,Memphos,"1,778111832"
CLIENTE118,Konoha,"1,778400742"
CLIENTE637,Deepwater,"1,779070322"
CLIENTE663,Nosgoth,"1,779425765"
CLIENTE666,Eredin,"1,779713492"
CLIENTE459,Sunreach,"1,780135221"
CLIENTE208,Perseon,"1,780274678"
CLIENTE226,Fernwall,"1,780836095"
CLIENTE154,Uinhold,"1,78152754"
CLIENTE301,Posthaven,"1,782214203"
CLIENTE567,Kragspire,"1,782219186"
CLIENTE279,Walden,"1,782800072"
CLIENTE146,TwinPillars,"1,783165985"
CLIENTE242,Helheim,"1,78356649"
CLIENTE290,Savois,"1,783573736"
CLIENTE334,Morrowind,"1,783628644"
CLIENTE673,Kobaris,"1,785065981"
CLIENTE616,Klunheim,"1,785953288"
CLIENTE154,Frosthelm,"1,786229373"
CLIENTE25,Dirtmouth,"1,786545742"
CLIENTE69,Elysor,"1,786977152"
CLIENTE699,Grimvale,"1,787196933"
CLIENTE301,Xinthar,"1,788165682"
CLIENTE84,Solhara,"1,788571092"
CLIENTE64,Zaphura,"1,788714808"
CLIENTE465,Ironfall,"1,788773916"
CLIENTE534,Savois,"1,789412518"
CLIENTE656,TwinPillars,"1,7896008"
CLIENTE288,Hogwarts,"1,790189238"
CLIENTE639,Namek,"1,790516332"
CLIENTE476,Khengar,"1,79082082"
CLIENTE524,Nassauia,"1,791177642"
CLIENTE400,Laputa,"1,791292766"
CLIENTE407,Lothlorien,"1,791326095"
CLIENTE527,Ivalice,"1,791517706"
CLIENTE520,Spira,"1,792277194"
CLIENTE80,Pandora,"1,792318811"
CLIENTE565,Uinhold,"1,792804425"
CLIENTE419,Viscara,"1,793046245"
CLIENTE169,Savois,"1,793410997"
CLIENTE124,Besaid,"1,793412407"
CLIENTE294,Ashkora,"1,79355785"
CLIENTE553,Lothlorien,"1,79397494"
CLIENTE315,Vancross,"1,794020223"
CLIENTE356,Iskeld,"1,79533193"
CLIENTE368,Marineford,"1,795545986"
CLIENTE617,Midgar,"1,796049532"
CLIENTE277,Thalassar,"1,796412155"
CLIENTE447,Iyomar,"1,796513679"
CLIENTE571,Qineth,"1,796559132"
CLIENTE375,Mountglass,"1,797290341"
CLIENTE532,Nassauia,"1,797947927"
CLIENTE644,Nenaris,"1,798216743"
CLIENTE634,Ykoura,"1,798321365"
CLIENTE252,Tchurion,"1,798363415"
CLIENTE551,Khengar,"1,798989732"
CLIENTE414,Azural,"1,799231115"
CLIENTE678,Yjigar,"1,799873959"
CLIENTE128,Ykoura,"1,800289301"
CLIENTE165,Lochbar,"1,800917919"
CLIENTE508,Valisthea,"1,80113689"
CLIENTE417,Nenaris,"1,801255105"
CLIENTE452,Namek,"1,801292479"
CLIENTE538,Lothlorien,"1,801419786"
CLIENTE638,Sunreach,"1,802061326"
CLIENTE412,Walden,"1,802141989"
CLIENTE660,Cartheia,"1,802249138"
CLIENTE494,Uinhold,"1,80239639"
CLIENTE551,Yenfall,"1,802764413"
CLIENTE102,Stonegate,"1,803192147"
CLIENTE112,Obsidian,"1,803499422"
CLIENTE681,Cairhien,"1,803749643"
CLIENTE389,Pangara,"1,803923284"
CLIENTE86,Yjigar,"1,804128804"
CLIENTE281,Tchurion,"1,804315688"
CLIENTE39,Laputa,"1,806102151"
CLIENTE224,Ykoura,"1,806322588"
CLIENTE582,Ashkora,"1,806944478"
CLIENTE48,Stevanor,"1,807078061"
CLIENTE346,Limoria,"1,80745042"
CLIENTE334,Perseon,"1,807968831"
CLIENTE700,Inoria,"1,808231628"
CLIENTE91,Besaid,"1,808264399"
CLIENTE13,Noctis,"1,808668202"
CLIENTE690,Resembool,"1,809087112"
CLIENTE611,Mountglass,"1,809590719"
CLIENTE523,Promethea,"1,810467189"
CLIENTE227,Midgar,"1,811967352"
CLIENTE369,Nurmengard,"1,81239059"
CLIENTE125,Gerudo,"1,812528547"
CLIENTE423,Yjigar,"1,8129408"
CLIENTE88,Tahlenwald,"1,814587883"
CLIENTE236,Swindale,"1,814668243"
CLIENTE694,Tchurion,"1,814803281"
CLIENTE122,Targalon,"1,81601543"
CLIENTE382,Tarbean,"1,816024925"
CLIENTE670,Targalon,"1,816790823"
CLIENTE394,Morrowind,"1,816896859"
CLIENTE74,Windscar,"1,817042527"
CLIENTE14,Uinhold,"1,817918826"
CLIENTE152,Azkaban,"1,818355152"
CLIENTE29,Ykoura,"1,818936461"
CLIENTE400,Humeria,"1,819052398"
CLIENTE713,Wuhaven,"1,819451625"
CLIENTE381,Tomarath,"1,820672312"
CLIENTE190,Resembool,"1,821985353"
CLIENTE332,Ironfall,"1,822198103"
CLIENTE543,Qineth,"1,822318674"
CLIENTE246,Manifold,"1,823262226"
CLIENTE447,Bethlehem,"1,823673622"
CLIENTE448,Raumor,"1,825463791"
CLIENTE504,Philgaia,"1,826049793"
CLIENTE418,Kharon,"1,826319555"
CLIENTE206,Konoha,"1,826366072"
CLIENTE474,Ossandor,"1,826451051"
CLIENTE30,Osaria,"1,826506859"
CLIENTE56,Azural,"1,82669918"
CLIENTE419,Stormbar,"1,826901423"
CLIENTE149,Cartheia,"1,827210358"
CLIENTE27,Ichoris,"1,827244958"
CLIENTE230,Yeygard,"1,827893546"
CLIENTE519,Xinthar,"1,828314905"
CLIENTE30,Ichoris,"1,828686373"
CLIENTE507,Paldea,"1,828711348"
CLIENTE605,Stonegate,"1,828847197"
CLIENTE425,Tempestia,"1,828950214"
CLIENTE161,Stonegate,"1,829444992"
CLIENTE550,Ranskar,"1,829476551"
CLIENTE456,Ivalice,"1,829817713"
CLIENTE465,Zaphura,"1,830023414"
CLIENTE354,Stevanor,"1,830045205"
CLIENTE315,Promethea,"1,830357264"
CLIENTE17,Nassauia,"1,830788598"
CLIENTE652,Seireitei,"1,830829399"
CLIENTE301,Nosgoth,"1,830936189"
CLIENTE72,Humeria,"1,831006723"
CLIENTE449,Resembool,"1,832191536"
CLIENTE491,Konoha,"1,833427335"
CLIENTE557,Perseon,"1,834424252"
CLIENTE613,Nosgoth,"1,834683638"
CLIENTE112,Ossandor,"1,835335239"
CLIENTE674,Tartarus,"1,835530663"
CLIENTE428,Aeusserst,"1,835564827"
CLIENTE701,Posthaven,"1,835713168"
CLIENTE397,Eredin,"1,836161688"
CLIENTE527,Nosgoth,"1,836230956"
CLIENTE330,Iyomar,"1,836494554"
CLIENTE187,Hyrule,"1,837556399"
CLIENTE189,Dirtmouth,"1,837738643"
CLIENTE658,Dornfall,"1,83802386"
CLIENTE380,Midgar,"1,838392692"
CLIENTE427,Promethea,"1,839053682"
CLIENTE120,Tarbean,"1,840047283"
CLIENTE344,Ishgard,"1,840137503"
CLIENTE611,Muskara,"1,840525983"
CLIENTE331,Inoria,"1,840829254"
CLIENTE540,Rivenspire,"1,841133173"
CLIENTE515,Lathen,"1,84164186"
CLIENTE167,Highspire,"1,841714211"
CLIENTE401,Chenara,"1,842399714"
CLIENTE440,Hazoria,"1,842853389"
CLIENTE525,Fernwall,"1,843104951"
CLIENTE45,Manifold,"1,844167629"
CLIENTE578,Dirtmouth,"1,844697973"
CLIENTE348,Tchurion,"1,845714268"
CLIENTE504,Koktahl,"1,84613645"
CLIENTE639,Huern,"1,846450262"
CLIENTE606,Swindale,"1,848465405"
CLIENTE45,Haldryn,"1,848805004"
CLIENTE341,Promethea,"1,849219396"
CLIENTE318,Namek,"1,850476448"
CLIENTE49,Philgaia,"1,851528005"
CLIENTE287,Lothlorien,"1,851784452"
CLIENTE510,Liones,"1,852954924"
CLIENTE367,Manshade,"1,853785095"
CLIENTE603,Ossandor,"1,853999507"
CLIENTE449,Quasmar,"1,85558131"
CLIENTE463,Ykoura,"1,856494261"
CLIENTE250,Hyrule,"1,857436551"
CLIENTE480,Ichoris,"1,858083366"
CLIENTE208,Ngorim,"1,858744604"
CLIENTE712,Stormhold,"1,859204012"
CLIENTE129,Johto,"1,859280779"
CLIENTE362,Swindale,"1,860585237"
CLIENTE54,Kharon,"1,860713141"
CLIENTE356,Savois,"1,863416163"
CLIENTE1,Ivalice,"1,863705803"
CLIENTE503,Kakariko,"1,863781054"
CLIENTE114,Limoria,"1,86460851"
CLIENTE566,Kandor,"1,864666587"
CLIENTE446,Midgar,"1,865218852"
CLIENTE577,Obsidian,"1,866457372"
CLIENTE707,Chenara,"1,866747252"
CLIENTE333,Pillarreach,"1,866814798"
CLIENTE78,Ranskar,"1,866922374"
CLIENTE541,Paldea,"1,866930332"
CLIENTE456,Amoneth,"1,86757032"
CLIENTE567,Ashkora,"1,869773516"
CLIENTE513,Altissia,"1,872049467"
CLIENTE150,Targalon,"1,872186766"
CLIENTE362,Yenfall,"1,872868279"
CLIENTE595,Tahlenwald,"1,873145952"
CLIENTE578,Pandora,"1,873223531"
CLIENTE159,Skellige,"1,873433036"
CLIENTE248,Ngorim,"1,873663416"
CLIENTE680,Skyreach,"1,874077649"
CLIENTE669,Philgaia,"1,874407151"
CLIENTE113,Namek,"1,875390266"
CLIENTE220,Quasmar,"1,875745418"
CLIENTE161,Gerudo,"1,875778542"
CLIENTE171,Resembool,"1,875965953"
CLIENTE406,Ykoura,"1,877093416"
CLIENTE156,Brightfall,"1,877101528"
CLIENTE175,Mountglass,"1,877714489"
CLIENTE609,Surakai,"1,878881352"
CLIENTE680,Liones,"1,879832916"
CLIENTE289,Tarbean,"1,87998792"
CLIENTE87,Tomarath,"1,880437821"
CLIENTE483,Nassauia,"1,88065579"
CLIENTE156,Dragmere,"1,880745309"
CLIENTE77,Huern,"1,880991417"
CLIENTE578,Windscar,"1,881176027"
CLIENTE15,Duskwall,"1,881856484"
CLIENTE297,Limoria,"1,882041903"
CLIENTE645,Tchurion,"1,882761972"
CLIENTE690,Johto,"1,884411391"
CLIENTE382,Johto,"1,885440371"
CLIENTE158,Swindale,"1,88581328"
CLIENTE709,Rivenspire,"1,886451023"
CLIENTE76,Perseon,"1,887342243"
CLIENTE591,Kragspire,"1,887979993"
CLIENTE47,Jakura,"1,888342101"
CLIENTE412,Nibelheim,"1,889324683"
CLIENTE333,Frosthelm,"1,889582017"
CLIENTE450,Ngorim,"1,889794253"
CLIENTE189,Shadowpeak,"1,890351246"
CLIENTE88,Chenara,"1,892868037"
CLIENTE694,Jakura,"1,89298746"
CLIENTE681,Yokara,"1,893650846"
CLIENTE276,Askr,"1,894044886"
CLIENTE547,Frosthelm,"1,894983106"
CLIENTE214,Konoha,"1,895465581"
CLIENTE131,Mondstadt,"1,895813958"
CLIENTE177,Dragmere,"1,895821203"
CLIENTE635,Namek,"1,89616635"
CLIENTE47,Hollowmar,"1,897736523"
CLIENTE361,Zuldazar,"1,897739424"
CLIENTE320,Posthaven,"1,898038972"
CLIENTE361,Hollowmar,"1,898533763"
CLIENTE574,Konoha,"1,899238911"
CLIENTE178,Iskeld,"1,899264461"
CLIENTE523,Klunheim,"1,899393098"
CLIENTE523,Shadowpeak,"1,899803425"
CLIENTE103,Fernwall,"1,900139815"
CLIENTE14,Hollowmar,"1,900256848"
CLIENTE501,Swindale,"1,901047221"
CLIENTE123,Jindara,"1,901369394"
CLIENTE377,Manshade,"1,902686963"
CLIENTE438,Deliora,"1,903261332"
CLIENTE535,Hogwarts,"1,903701789"
CLIENTE270,Ivalice,"1,904396612"
CLIENTE355,Tuxara,"1,905050824"
CLIENTE408,Qineth,"1,907867591"
CLIENTE562,Savois,"1,909362594"
CLIENTE222,Tutira,"1,909514231"
CLIENTE348,Frosthelm,"1,910225025"
CLIENTE295,Swindale,"1,910743432"
CLIENTE309,Philgaia,"1,910985077"
CLIENTE155,Winhill,"1,911003668"
CLIENTE433,Ivalice,"1,91140173"
CLIENTE283,Yeygard,"1,911458515"
CLIENTE62,Swindale,"1,913214951"
CLIENTE61,Fernwall,"1,91362601"
CLIENTE532,Morrowind,"1,913697432"
CLIENTE223,Zaphura,"1,914909692"
CLIENTE600,Iyomar,"1,915807897"
CLIENTE295,Deeptrench,"1,916144888"
CLIENTE514,Casperia,"1,916918374"
CLIENTE555,Haldryn,"1,917886453"
CLIENTE14,Walden,"1,917996032"
CLIENTE508,Muskara,"1,918252586"
CLIENTE226,Pausen,"1,919184297"
CLIENTE641,Solstheim,"1,920926229"
CLIENTE541,Lyngard,"1,921019412"
CLIENTE456,Lochbar,"1,92139641"
CLIENTE309,Haldryn,"1,92158506"
CLIENTE201,Manifold,"1,921591395"
CLIENTE179,Besaid,"1,922143401"
CLIENTE185,Rlyeh,"1,922619172"
CLIENTE516,Jindara,"1,922631997"
CLIENTE259,Askr,"1,923394926"
CLIENTE139,Resembool,"1,923985921"
CLIENTE619,Piscara,"1,925179672"
CLIENTE67,Lochbar,"1,927314467"
CLIENTE200,Qineth,"1,928900348"
CLIENTE455,Ngorim,"1,928989089"
CLIENTE293,Tuxara,"1,931418222"
CLIENTE423,Drinmoor,"1,93242581"
CLIENTE489,Skellige,"1,932547863"
CLIENTE118,Lathen,"1,932661494"
CLIENTE286,Resembool,"1,932863371"
CLIENTE34,Kragspire,"1,932959788"
CLIENTE79,Obsidian,"1,933090233"
CLIENTE482,Humeria,"1,933502159"
CLIENTE59,Cartheia,"1,933611121"
CLIENTE151,Galdrin,"1,93466313"
CLIENTE263,Noctis,"1,936878661"
CLIENTE261,Grimvale,"1,937024685"
CLIENTE51,Elysor,"1,937517124"
CLIENTE611,Viscara,"1,938222779"
CLIENTE285,Ironfall,"1,938277747"
CLIENTE323,Frosthelm,"1,939585615"
CLIENTE359,TwinPillars,"1,939768547"
CLIENTE162,Muskara,"1,940013122"
CLIENTE353,Kakariko,"1,940221767"
CLIENTE461,Nighthaven,"1,941936042"
CLIENTE64,Yjigar,"1,942650745"
CLIENTE617,Ashkora,"1,943551269"
CLIENTE272,Manshade,"1,943605451"
CLIENTE277,Pangara,"1,944324973"
CLIENTE459,Uinhold,"1,944361174"
CLIENTE687,Iyomar,"1,945197513"
CLIENTE242,Azkaban,"1,945727564"
CLIENTE230,Rivenspire,"1,94591414"
CLIENTE207,Fernwall,"1,946976165"
CLIENTE19,Stonegate,"1,947862296"
CLIENTE128,Winhill,"1,947874228"
CLIENTE49,Zuldazar,"1,949988054"
CLIENTE241,Hazoria,"1,951627865"
CLIENTE444,Duskwall,"1,952453846"
CLIENTE221,Deepwater,"1,952571215"
CLIENTE203,Skellige,"1,952779314"
CLIENTE311,Grimvale,"1,95326607"
CLIENTE83,Valyria,"1,95512172"
CLIENTE101,Lothlorien,"1,955233557"
CLIENTE552,Nibelheim,"1,956777383"
CLIENTE583,Yokara,"1,957683721"
CLIENTE689,Pillarreach,"1,959352424"
CLIENTE92,Sableport,"1,961454706"
CLIENTE312,Morrowind,"1,961977572"
CLIENTE258,Brightfall,"1,962488337"
CLIENTE251,Muskara,"1,963104714"
CLIENTE135,Grimvale,"1,963205001"
CLIENTE303,Galdrin,"1,964519199"
CLIENTE402,Amoneth,"1,964585445"
CLIENTE208,Laputa,"1,965308373"
CLIENTE315,Yenfall,"1,966205797"
CLIENTE61,Solstheim,"1,966246928"
CLIENTE179,Konoha,"1,968054766"
CLIENTE535,Zanarkand,"1,968061624"
CLIENTE413,Liones,"1,968484513"
CLIENTE595,Jadehold,"1,968644658"
CLIENTE421,Aeusserst,"1,969551184"
CLIENTE603,Ngorim,"1,970190405"
CLIENTE595,Valyria,"1,971332428"
CLIENTE352,Chenara,"1,971761229"
CLIENTE317,Osaria,"1,972608821"
CLIENTE549,Deliora,"1,972780653"
CLIENTE396,Kragspire,"1,976876095"
CLIENTE80,Besaid,"1,978795665"
CLIENTE479,Duskwall,"1,979305394"
CLIENTE554,Kobaris,"1,979908973"
CLIENTE405,Limoria,"1,981508727"
CLIENTE638,Muskara,"1,981617364"
CLIENTE580,Liones,"1,981750552"
CLIENTE244,Humeria,"1,981979801"
CLIENTE531,Sectorium,"1,982164121"
CLIENTE576,Sectorium,"1,982451129"
CLIENTE249,Targalon,"1,983586594"
CLIENTE166,Greywatch,"1,983597871"
CLIENTE164,Fernwall,"1,984740119"
CLIENTE157,Deepwater,"1,984989134"
CLIENTE315,Solhara,"1,985406736"
CLIENTE187,TwinPillars,"1,98593028"
CLIENTE122,Rlyeh,"1,985948335"
CLIENTE142,Drinmoor,"1,986251453"
CLIENTE120,Solstheim,"1,987011185"
CLIENTE17,Deliora,"1,9871437"
CLIENTE517,Jindara,"1,987687184"
CLIENTE112,Walden,"1,990110576"
CLIENTE402,Hazoria,"1,992348012"
CLIENTE190,Askr,"1,992657376"
CLIENTE517,Ironfall,"1,993305486"
CLIENTE511,Obsidian,"1,993840888"
CLIENTE31,Tempestia,"1,99464201"
CLIENTE390,Tuxara,"1,994827437"
CLIENTE13,Sableport,"1,994838164"
CLIENTE625,Hazoria,"1,995151926"
CLIENTE175,Nyagara,"1,995282948"
CLIENTE585,Kobaris,"1,995862169"
CLIENTE354,Jindara,"1,996937503"
CLIENTE92,Rlyeh,"1,997655198"
CLIENTE315,Hyrule,"1,997847807"
CLIENTE394,Cartheia,"1,99808975"
CLIENTE413,Obsidian,"1,99825809"
CLIENTE631,Hollowmar,"1,998315198"
CLIENTE615,Nurmengard,"1,999004488"
CLIENTE692,Wuhaven,"1,999259954"
CLIENTE667,Philgaia,"2,001762013"
CLIENTE324,Osaria,"2,003011788"
CLIENTE246,Posthaven,"2,004107131"
CLIENTE711,Ossandor,"2,004462869"
CLIENTE97,Gerudo,"2,0048711"
CLIENTE464,Greywatch,"2,005986863"
CLIENTE525,Kharon,"2,006382319"
CLIENTE434,Memphos,"2,006441899"
CLIENTE488,Wuhaven,"2,00698915"
CLIENTE365,Muskara,"2,007817656"
CLIENTE296,Nassauia,"2,009108148"
CLIENTE409,Sidora,"2,009961316"
CLIENTE312,Philgaia,"2,010060063"
CLIENTE272,Pillarreach,"2,010099449"
CLIENTE177,Yokara,"2,013534918"
CLIENTE448,Tuxara,"2,014506339"
CLIENTE148,Grimvale,"2,014998174"
CLIENTE535,Deepwater,"2,016458454"
CLIENTE351,Mythra,"2,016522469"
CLIENTE339,Alabasta,"2,016523223"
CLIENTE593,Hyrule,"2,016771236"
CLIENTE362,Dragmere,"2,018268846"
CLIENTE196,Prontera,"2,018545453"
CLIENTE653,Deeptrench,"2,022264561"
CLIENTE269,Frosthelm,"2,022774637"
CLIENTE692,Zuldazar,"2,023168196"
CLIENTE636,Konoha,"2,023259348"
CLIENTE4,Deepwater,"2,023985276"
CLIENTE387,Tarbean,"2,024278674"
CLIENTE386,Resembool,"2,024850665"
CLIENTE301,Lochbar,"2,024953943"
CLIENTE294,Gerudo,"2,026433883"
CLIENTE78,Inoria,"2,028219976"
CLIENTE158,Iskeld,"2,028711606"
CLIENTE379,Kandor,"2,030691883"
CLIENTE229,Sidora,"2,030955461"
CLIENTE196,Deeptrench,"2,031330854"
CLIENTE547,Ngorim,"2,032444147"
CLIENTE550,Nassauia,"2,034856427"
CLIENTE63,Shadowpeak,"2,035499912"
CLIENTE349,Azural,"2,03598856"
CLIENTE323,Valisthea,"2,037581206"
CLIENTE154,Alabasta,"2,03796303"
CLIENTE331,Memphos,"2,038001964"
CLIENTE409,Haldryn,"2,041183094"
CLIENTE79,Manifold,"2,041595204"
CLIENTE304,Manshade,"2,041928853"
CLIENTE562,Khengar,"2,043190178"
CLIENTE480,Windscar,"2,043815935"
CLIENTE30,Huern,"2,045303435"
CLIENTE443,Duskwall,"2,046522575"
CLIENTE169,Jakura,"2,048636107"
CLIENTE163,Hyrule,"2,048872974"
CLIENTE398,Ashkora,"2,049532577"
CLIENTE638,Midgar,"2,050263409"
CLIENTE651,Yenfall,"2,050341351"
CLIENTE375,Solstheim,"2,050423951"
CLIENTE327,Grimvale,"2,050939679"
CLIENTE434,Azural,"2,050996304"
CLIENTE120,Hazoria,"2,05283359"
CLIENTE309,Quasmar,"2,056318851"
CLIENTE305,Pandora,"2,056827733"
CLIENTE308,Stonegate,"2,057852201"
CLIENTE576,Resembool,"2,059032609"
CLIENTE78,Posthaven,"2,059975788"
CLIENTE513,Pangara,"2,061420997"
CLIENTE485,Rlyeh,"2,061522752"
CLIENTE169,Brightfall,"2,062081873"
CLIENTE617,Uinhold,"2,062680975"
CLIENTE118,Greywatch,"2,062763221"
CLIENTE245,Noctis,"2,062966914"
CLIENTE713,Tuxara,"2,063377239"
CLIENTE557,Lyngard,"2,063849216"
CLIENTE323,Sectorium,"2,064870382"
CLIENTE292,Yenfall,"2,065174338"
CLIENTE696,Nighthaven,"2,066201444"
CLIENTE77,Casperia,"2,066301998"
CLIENTE286,Obsidian,"2,06634849"
CLIENTE97,Tutira,"2,067516739"
CLIENTE672,Ulthar,"2,068912775"
CLIENTE518,Rivenspire,"2,068979024"
CLIENTE162,Ossandor,"2,069538226"
CLIENTE80,Jindara,"2,069914027"
CLIENTE396,Inoria,"2,071161693"
CLIENTE568,Calcara,"2,071327882"
CLIENTE679,Kragspire,"2,071413507"
CLIENTE359,Ulthar,"2,074006048"
CLIENTE313,Spira,"2,074258161"
CLIENTE599,Gerudo,"2,075020484"
CLIENTE544,Solhara,"2,075340415"
CLIENTE275,Eredin,"2,076229786"
CLIENTE303,Askr,"2,076535496"
CLIENTE575,Tuxara,"2,076907189"
CLIENTE407,Kobaris,"2,076956153"
CLIENTE80,Cartheia,"2,0770915"
CLIENTE106,Askr,"2,077850314"
CLIENTE311,Lothlorien,"2,079405798"
CLIENTE327,Stormhold,"2,079425666"
CLIENTE392,Glenhaven,"2,079811103"
CLIENTE548,Prontera,"2,081003119"
CLIENTE651,Ulthar,"2,081688305"
CLIENTE673,Kharon,"2,083030581"
CLIENTE181,Lochbar,"2,083821643"
CLIENTE619,Vancross,"2,083869929"
CLIENTE463,Kobaris,"2,085238832"
CLIENTE439,Riorin,"2,085758659"
CLIENTE694,Konoha,"2,086632703"
CLIENTE575,TwinPillars,"2,086701447"
CLIENTE26,Marineford,"2,087702758"
CLIENTE110,Sidora,"2,089098577"
CLIENTE441,Pangara,"2,089315397"
CLIENTE429,Tuxara,"2,09074256"
CLIENTE475,Raumor,"2,091000853"
CLIENTE706,Zaphura,"2,091245251"
CLIENTE18,Uinhold,"2,092620108"
CLIENTE286,Wuhaven,"2,093371703"
CLIENTE317,Casperia,"2,09519125"
CLIENTE194,Khengar,"2,095815419"
CLIENTE375,Yeygard,"2,096115568"
CLIENTE556,Casperia,"2,097779054"
CLIENTE125,Spira,"2,098084206"
CLIENTE509,Sunreach,"2,098226132"
CLIENTE681,Termina,"2,098541341"
CLIENTE543,Mountglass,"2,099557763"
CLIENTE266,Khengar,"2,100586404"
CLIENTE123,Lyngard,"2,101005302"
CLIENTE465,Mythra,"2,102813955"
CLIENTE271,Huern,"2,103224139"
CLIENTE681,Deliora,"2,104490466"
CLIENTE355,Stonegate,"2,104754003"
CLIENTE517,Lyngard,"2,105176224"
CLIENTE489,Promethea,"2,105379856"
CLIENTE323,Nyagara,"2,106088901"
CLIENTE322,Piscara,"2,106122762"
CLIENTE598,Iyomar,"2,106990477"
CLIENTE222,Kakariko,"2,108945464"
CLIENTE595,Amoneth,"2,110879977"
CLIENTE84,Nenaris,"2,11133318"
CLIENTE148,Azural,"2,112634334"
CLIENTE267,Kakariko,"2,112932704"
CLIENTE132,Tchurion,"2,113550995"
CLIENTE461,Lochbar,"2,113602195"
CLIENTE688,Jakura,"2,115074907"
CLIENTE198,Kandor,"2,115493158"
CLIENTE82,Hollowmar,"2,116178994"
CLIENTE45,Stevanor,"2,116556875"
CLIENTE708,Raumor,"2,117890478"
CLIENTE417,Glenhaven,"2,118202388"
CLIENTE631,Brightfall,"2,118773168"
CLIENTE499,Greywatch,"2,120606884"
CLIENTE383,Casperia,"2,121052913"
CLIENTE92,Duskwall,"2,122060971"
CLIENTE572,Lathen,"2,122856293"
CLIENTE599,Ossandor,"2,12449828"
CLIENTE654,Ivalice,"2,124713795"
CLIENTE573,Casperia,"2,125385813"
CLIENTE483,Thalassar,"2,125558689"
CLIENTE428,Hazoria,"2,12622141"
CLIENTE664,Nassauia,"2,126552894"
CLIENTE497,Bethlehem,"2,126778305"
CLIENTE626,Mondstadt,"2,127412519"
CLIENTE487,Mondstadt,"2,128496091"
CLIENTE387,Yatora,"2,129389068"
CLIENTE382,Salvaris,"2,129394246"
CLIENTE87,Greywatch,"2,129408976"
CLIENTE267,Klunheim,"2,129876148"
CLIENTE686,Zaphura,"2,131322766"
CLIENTE405,Yenfall,"2,131465143"
CLIENTE638,Jakura,"2,132659679"
CLIENTE710,Thalassar,"2,133373664"
CLIENTE270,Thalassar,"2,134057617"
CLIENTE306,Ngorim,"2,134259889"
CLIENTE394,Nassauia,"2,13449188"
CLIENTE119,Sunreach,"2,134703465"
CLIENTE278,Laputa,"2,135097359"
CLIENTE423,Northfall,"2,135134809"
CLIENTE262,Yokara,"2,135607603"
CLIENTE483,Shadowpeak,"2,13587987"
CLIENTE92,Viscara,"2,13696349"
CLIENTE52,Humeria,"2,13733206"
CLIENTE528,Pillarreach,"2,137411644"
CLIENTE469,Promethea,"2,137419028"
CLIENTE318,Cartheia,"2,137567845"
CLIENTE388,Laputa,"2,138052497"
CLIENTE36,Resembool,"2,138129134"
CLIENTE133,Aeusserst,"2,138455432"
CLIENTE260,Skyreach,"2,139030792"
CLIENTE391,Ykoura,"2,13936825"
CLIENTE251,Spira,"2,141064926"
CLIENTE264,Chenara,"2,141155915"
CLIENTE681,Nenaris,"2,141468751"
CLIENTE636,Cairhien,"2,141844832"
CLIENTE463,Yokara,"2,144072992"
CLIENTE193,Solstheim,"2,144794278"
CLIENTE398,Ranskar,"2,147135482"
CLIENTE137,Glenhaven,"2,147549798"
CLIENTE500,Nenaris,"2,149665993"
CLIENTE9,Zanarkand,"2,149885546"
CLIENTE6,Midgar,"2,150741239"
CLIENTE217,Duskwall,"2,151633042"
CLIENTE331,Ykoura,"2,152511727"
CLIENTE341,TwinPillars,"2,154246907"
CLIENTE642,Inoria,"2,155005663"
CLIENTE610,Dragmere,"2,155390523"
CLIENTE291,Viscara,"2,156094562"
CLIENTE390,Bethlehem,"2,156265358"
CLIENTE600,Perseon,"2,159441222"
CLIENTE397,Riorin,"2,161364359"
CLIENTE265,Yeygard,"2,16157118"
CLIENTE39,Liones,"2,162924618"
CLIENTE678,Humeria,"2,163074298"
CLIENTE497,Highspire,"2,163131983"
CLIENTE351,Azural,"2,168134066"
CLIENTE353,Resembool,"2,169576782"
CLIENTE243,Klunheim,"2,169779442"
CLIENTE27,Rocabar,"2,169801714"
CLIENTE671,Philgaia,"2,172598709"
CLIENTE73,Hollowmar,"2,172942857"
CLIENTE558,Spira,"2,173891613"
CLIENTE684,Inoria,"2,175215127"
CLIENTE394,Kakariko,"2,176122613"
CLIENTE702,Kragspire,"2,177502504"
CLIENTE145,Savois,"2,177675678"
CLIENTE146,Tempestia,"2,177695779"
CLIENTE284,Cartheia,"2,178845526"
CLIENTE40,Jindara,"2,179156945"
CLIENTE458,Tahlenwald,"2,179934834"
CLIENTE267,Yeygard,"2,180454572"
CLIENTE137,Azural,"2,180943234"
CLIENTE368,Nyagara,"2,181802358"
CLIENTE298,Ranskar,"2,18182961"
CLIENTE29,Azkaban,"2,182972575"
CLIENTE303,Brightfall,"2,18310558"
CLIENTE36,Brakmar,"2,183114237"
CLIENTE600,Glenhaven,"2,183328625"
CLIENTE7,Tarbean,"2,183633128"
CLIENTE76,Salvaris,"2,185122686"
CLIENTE631,Zuldazar,"2,186838662"
CLIENTE451,Melvara,"2,187564317"
CLIENTE273,Ulthar,"2,18868976"
CLIENTE597,Sethera,"2,189061499"
CLIENTE659,Ulthar,"2,19038958"
CLIENTE74,Alabasta,"2,191555557"
CLIENTE17,Kragspire,"2,191938963"
CLIENTE94,Seireitei,"2,192350871"
CLIENTE290,Ironfall,"2,19336283"
CLIENTE617,Skyreach,"2,194898082"
CLIENTE606,Quasmar,"2,197180102"
CLIENTE307,Solhara,"2,198990972"
CLIENTE148,Ykoura,"2,200381496"
CLIENTE428,Grimvale,"2,200580019"
CLIENTE121,Wuhaven,"2,20084305"
CLIENTE288,Kragspire,"2,202658042"
CLIENTE490,Pillarreach,"2,204660519"
CLIENTE194,Rivenspire,"2,205184419"
CLIENTE383,Kharon,"2,206649414"
CLIENTE206,Stevanor,"2,207238725"
CLIENTE661,Kandor,"2,207591119"
CLIENTE259,Kobaris,"2,208030668"
CLIENTE229,Iskeld,"2,208713175"
CLIENTE669,Tarbean,"2,209919744"
CLIENTE160,Tahlenwald,"2,21233906"
CLIENTE572,Ishgard,"2,213230653"
CLIENTE520,Ivalice,"2,214342455"
CLIENTE397,Morrowind,"2,214481547"
CLIENTE48,Azkaban,"2,214681426"
CLIENTE379,Nibelheim,"2,216656711"
CLIENTE491,Tutira,"2,218115637"
CLIENTE163,Liones,"2,218761919"
CLIENTE379,Limoria,"2,218791928"
CLIENTE16,Winhill,"2,221790162"
CLIENTE183,Kakariko,"2,223706314"
CLIENTE258,Greywatch,"2,226714295"
CLIENTE640,Northfall,"2,227332182"
CLIENTE519,Noctis,"2,228091695"
CLIENTE407,Highspire,"2,228544201"
CLIENTE237,Tarbean,"2,229339602"
CLIENTE468,Mountglass,"2,230479794"
CLIENTE674,Aeusserst,"2,232593372"
CLIENTE403,Memphos,"2,232667032"
CLIENTE521,Tutira,"2,233169399"
CLIENTE402,Zaphura,"2,233876919"
CLIENTE216,Elzion,"2,23438133"
CLIENTE181,Huern,"2,235553497"
CLIENTE260,Hyrule,"2,238103123"
CLIENTE31,Uinhold,"2,238168279"
CLIENTE416,Shadowpeak,"2,238232598"
CLIENTE31,Melvara,"2,238716906"
CLIENTE140,Sableport,"2,239770144"
CLIENTE430,Imre,"2,241477359"
CLIENTE88,Drinmoor,"2,241874908"
CLIENTE648,Jakura,"2,242624428"
CLIENTE260,Savois,"2,243242303"
CLIENTE186,Mondstadt,"2,244790284"
CLIENTE202,Quasmar,"2,251399927"
CLIENTE535,Hazoria,"2,257230628"
CLIENTE474,Noctis,"2,260035617"
CLIENTE296,Valyria,"2,2600835"
CLIENTE354,Cartheia,"2,263699833"
CLIENTE31,Skellige,"2,266659866"
CLIENTE465,Duskwall,"2,266781037"
CLIENTE616,Lathen,"2,267875045"
CLIENTE639,Cartheia,"2,269713498"
CLIENTE50,Nosgoth,"2,27207594"
CLIENTE328,Ossandor,"2,272784848"
CLIENTE564,Elzion,"2,276551856"
CLIENTE322,Morrowind,"2,278334237"
CLIENTE590,Sableport,"2,281177782"
CLIENTE285,Deeptrench,"2,283159811"
CLIENTE122,Nighthaven,"2,283660476"
CLIENTE522,Vancross,"2,28400917"
CLIENTE503,Frosthelm,"2,28448718"
CLIENTE141,Zuldazar,"2,28564062"
CLIENTE149,Azkaban,"2,286944745"
CLIENTE711,Duskwall,"2,287592422"
CLIENTE310,Imre,"2,287619007"
CLIENTE536,Sableport,"2,28822483"
CLIENTE588,Winhill,"2,288494361"
CLIENTE233,Grimvale,"2,290222371"
CLIENTE433,Khengar,"2,292512838"
CLIENTE107,Liones,"2,292652229"
CLIENTE692,Zaphura,"2,293175261"
CLIENTE555,Glenhaven,"2,295148405"
CLIENTE484,Casperia,"2,2955251"
CLIENTE259,Besaid,"2,296447641"
CLIENTE618,Iskeld,"2,29979735"
CLIENTE634,Rlyeh,"2,301601522"
CLIENTE613,Konoha,"2,305818186"
CLIENTE367,Lathen,"2,311306765"
CLIENTE365,Liones,"2,313835411"
CLIENTE343,Zanarkand,"2,315028462"
CLIENTE431,Galdrin,"2,315314892"
CLIENTE174,Nighthaven,"2,318615377"
CLIENTE162,Jadehold,"2,319217278"
CLIENTE691,Mythra,"2,3197939"
CLIENTE172,Marineford,"2,321455278"
CLIENTE75,Savois,"2,321823804"
CLIENTE132,Sectorium,"2,322537106"
CLIENTE478,Humeria,"2,323648446"
CLIENTE313,Nosgoth,"2,326852161"
CLIENTE101,Morrowind,"2,327038164"
CLIENTE157,Targalon,"2,327964302"
CLIENTE429,Dirtmouth,"2,329382018"
CLIENTE644,Marineford,"2,330397852"
CLIENTE628,Yeygard,"2,331427445"
CLIENTE313,Sectorium,"2,332764049"
CLIENTE503,Rlyeh,"2,33360509"
CLIENTE613,Viscara,"2,334584081"
CLIENTE18,Stonegate,"2,335606076"
CLIENTE585,Perseon,"2,336192352"
CLIENTE197,Walden,"2,337593924"
CLIENTE255,Wuhaven,"2,339617654"
CLIENTE176,Xinthar,"2,340643523"
CLIENTE122,Sectorium,"2,340983228"
CLIENTE556,Vancross,"2,341663526"
CLIENTE313,Tarbean,"2,345164617"
CLIENTE268,Drinmoor,"2,347392133"
CLIENTE54,Laputa,"2,347924673"
CLIENTE110,Thalassar,"2,348054861"
CLIENTE707,Imre,"2,349202981"
CLIENTE540,Highspire,"2,35138322"
CLIENTE52,Sableport,"2,352187241"
CLIENTE524,Deeptrench,"2,353290912"
CLIENTE269,Dornfall,"2,355005216"
CLIENTE459,Mythra,"2,355090118"
CLIENTE676,Windscar,"2,358375244"
CLIENTE644,Tutira,"2,359825042"
CLIENTE333,Imre,"2,360256674"
CLIENTE577,Dirtmouth,"2,361087287"
CLIENTE529,TwinPillars,"2,362505458"
CLIENTE502,Morrowind,"2,362809411"
CLIENTE695,Solhara,"2,363087333"
CLIENTE126,Muskara,"2,36418212"
CLIENTE189,Deepwater,"2,366484161"
CLIENTE362,Zuldazar,"2,366832194"
CLIENTE453,Klunheim,"2,36777167"
CLIENTE257,Nyagara,"2,368361515"
CLIENTE247,Elzion,"2,369947811"
CLIENTE651,Riorin,"2,370984256"
CLIENTE706,Sidora,"2,373475513"
CLIENTE329,Glenhaven,"2,374158841"
CLIENTE618,Lyngard,"2,374275256"
CLIENTE323,Kakariko,"2,375095428"
CLIENTE445,Ironfall,"2,375779332"
CLIENTE333,Seireitei,"2,376816848"
CLIENTE482,Ulthar,"2,376847726"
CLIENTE595,Skellige,"2,376908518"
CLIENTE59,Tutira,"2,377015961"
CLIENTE571,Helheim,"2,37819658"
CLIENTE69,Yatora,"2,379030656"
CLIENTE491,Askr,"2,381204398"
CLIENTE473,Kakariko,"2,382076028"
CLIENTE533,Casperia,"2,382630878"
CLIENTE479,Humeria,"2,384294521"
CLIENTE174,Khengar,"2,384923377"
CLIENTE322,Sidora,"2,385503056"
CLIENTE112,Muskara,"2,386737896"
CLIENTE486,Xinthar,"2,386946077"
CLIENTE265,Kandor,"2,387978797"
CLIENTE597,Windscar,"2,388597516"
CLIENTE464,Paldea,"2,389735838"
CLIENTE128,Laputa,"2,390293861"
CLIENTE528,Stevanor,"2,391333199"
CLIENTE249,Nosgoth,"2,391525554"
CLIENTE423,Calcara,"2,392101994"
CLIENTE203,Tahlenwald,"2,395100301"
CLIENTE318,Huern,"2,395615643"
CLIENTE560,Askr,"2,395878685"
CLIENTE440,Helheim,"2,396269283"
CLIENTE204,Cartheia,"2,397522393"
CLIENTE240,Quasmar,"2,39796353"
CLIENTE473,Nibelheim,"2,398582448"
CLIENTE379,Stormbar,"2,399004467"
CLIENTE613,Lothlorien,"2,39905823"
CLIENTE675,Hazoria,"2,399626178"
CLIENTE8,Pangara,"2,400959745"
CLIENTE253,Ulthar,"2,402095264"
CLIENTE12,Thalassar,"2,402965582"
CLIENTE469,Konoha,"2,405116084"
CLIENTE568,Zanarkand,"2,409295796"
CLIENTE36,Nosgoth,"2,410910904"
CLIENTE503,Ossandor,"2,411081555"
CLIENTE377,Windscar,"2,411223247"
CLIENTE651,Hollowmar,"2,411647965"
CLIENTE232,Nenaris,"2,415362692"
CLIENTE62,Nosgoth,"2,420451231"
CLIENTE247,Prontera,"2,420656275"
CLIENTE610,Azkaban,"2,421440126"
CLIENTE92,Hyrule,"2,423043885"
CLIENTE537,Tchurion,"2,425999133"
CLIENTE587,Johto,"2,426551317"
CLIENTE370,Ulthar,"2,428890261"
CLIENTE403,Rivenspire,"2,429160056"
CLIENTE342,Ossandor,"2,431163232"
CLIENTE323,Koktahl,"2,431239439"
CLIENTE204,Obsidian,"2,432379136"
CLIENTE85,Paldea,"2,43346085"
CLIENTE281,Yatora,"2,441236211"
CLIENTE698,Chenara,"2,442310022"
CLIENTE248,Haldryn,"2,442636755"
CLIENTE564,Northfall,"2,442870439"
CLIENTE469,Marineford,"2,443511358"
CLIENTE388,Jakura,"2,448793004"
CLIENTE310,Frosthelm,"2,450100197"
CLIENTE216,Noctis,"2,451041168"
CLIENTE610,Brightfall,"2,452632411"
CLIENTE611,Laputa,"2,461452777"
CLIENTE479,Memphos,"2,461539977"
CLIENTE579,Limoria,"2,462665905"
CLIENTE269,Windscar,"2,463467947"
CLIENTE657,Azural,"2,464924314"
CLIENTE222,Besaid,"2,465129201"
CLIENTE277,Uinhold,"2,465580582"
CLIENTE647,Inoria,"2,466032254"
CLIENTE219,Sethera,"2,46856234"
CLIENTE323,Ichoris,"2,471830463"
CLIENTE24,Paldea,"2,472622451"
CLIENTE503,Targalon,"2,472783568"
CLIENTE450,Mountglass,"2,474468379"
CLIENTE575,Sableport,"2,481427632"
CLIENTE252,Rocabar,"2,484355305"
CLIENTE650,Elysor,"2,484636925"
CLIENTE691,Spira,"2,485729796"
CLIENTE533,Amoneth,"2,488069731"
CLIENTE283,Prontera,"2,489020704"
CLIENTE105,Nosgoth,"2,491335149"
CLIENTE617,Ngorim,"2,49172952"
CLIENTE642,Nassauia,"2,497639923"
CLIENTE108,Salvaris,"2,49773158"
CLIENTE315,Obsidian,"2,50353895"
CLIENTE330,Viscara,"2,504746943"
CLIENTE323,Yeygard,"2,506463995"
CLIENTE265,Tempestia,"2,506774435"
CLIENTE438,Tchurion,"2,50952229"
CLIENTE285,Shadowpeak,"2,509955317"
CLIENTE263,Philgaia,"2,511268954"
CLIENTE390,Elzion,"2,513554439"
CLIENTE573,Skellige,"2,515217528"
CLIENTE511,Lochbar,"2,516439901"
CLIENTE374,Mythra,"2,518963719"
CLIENTE286,Spira,"2,520270349"
CLIENTE401,Ishgard,"2,524447881"
CLIENTE133,Casperia,"2,526504057"
CLIENTE541,Midgar,"2,526615698"
CLIENTE60,Solhara,"2,526672061"
CLIENTE325,Manifold,"2,528384827"
CLIENTE45,Viscara,"2,528436685"
CLIENTE198,Liones,"2,530860242"
CLIENTE87,Khengar,"2,534681"
CLIENTE203,Savois,"2,537488608"
CLIENTE657,Huern,"2,537543949"
CLIENTE522,Viscara,"2,537703772"
CLIENTE699,Zuldazar,"2,53791707"
CLIENTE231,Pillarreach,"2,540110076"
CLIENTE632,Highspire,"2,540345484"
CLIENTE169,Besaid,"2,543073556"
CLIENTE606,Qineth,"2,54405611"
CLIENTE18,Liones,"2,544484244"
CLIENTE653,Windscar,"2,546072055"
CLIENTE386,Ranskar,"2,546246194"
CLIENTE138,Deliora,"2,547937123"
CLIENTE661,Manshade,"2,548274587"
CLIENTE555,Sunreach,"2,54828472"
CLIENTE559,Jindara,"2,562780581"
CLIENTE636,Resembool,"2,566494614"
CLIENTE245,Uinhold,"2,567192914"
CLIENTE405,Tarbean,"2,56727161"
CLIENTE444,Solhara,"2,569742796"
CLIENTE596,Obsidian,"2,570604688"
CLIENTE80,Nibelheim,"2,574593247"
CLIENTE213,Cartheia,"2,579300428"
CLIENTE580,Resembool,"2,582847348"
CLIENTE164,Klunheim,"2,583748947"
CLIENTE206,Pangara,"2,585132159"
CLIENTE468,Greywatch,"2,58713571"
CLIENTE610,Yatora,"2,588391597"
CLIENTE657,Khengar,"2,588925867"
CLIENTE21,Jadehold,"2,593145407"
CLIENTE490,Pandora,"2,595702394"
CLIENTE553,Helheim,"2,596036459"
CLIENTE277,Besaid,"2,598331817"
CLIENTE502,Yeygard,"2,598335782"
CLIENTE127,Windscar,"2,603882725"
CLIENTE686,Targalon,"2,606321579"
CLIENTE376,Noctis,"2,608102607"
CLIENTE613,Dirtmouth,"2,608251802"
CLIENTE522,Humeria,"2,610079248"
CLIENTE508,Inoria,"2,610744338"
CLIENTE237,Nassauia,"2,620922418"
CLIENTE502,Nighthaven,"2,626847717"
CLIENTE7,Stonegate,"2,628079923"
CLIENTE536,Northfall,"2,62887876"
CLIENTE561,Laputa,"2,631108277"
CLIENTE589,Alabasta,"2,631393265"
CLIENTE177,Quasmar,"2,632294324"
CLIENTE58,Midgar,"2,634634374"
CLIENTE65,Yokara,"2,63484653"
CLIENTE248,Zuldazar,"2,635965406"
CLIENTE632,Skyreach,"2,640851017"
CLIENTE693,Lothlorien,"2,64162654"
CLIENTE357,Duskwall,"2,642700492"
CLIENTE462,Aeusserst,"2,645988659"
CLIENTE621,Lyngard,"2,64783377"
CLIENTE353,Yjigar,"2,653011357"
CLIENTE283,Thalassar,"2,656722138"
CLIENTE165,Kobaris,"2,656778994"
CLIENTE551,Iyomar,"2,657605053"
CLIENTE214,Askr,"2,658507258"
CLIENTE690,Huern,"2,658848612"
CLIENTE375,Tempestia,"2,661791325"
CLIENTE266,Ranskar,"2,662350943"
CLIENTE336,Xinthar,"2,662480854"
CLIENTE274,Pausen,"2,663369321"
CLIENTE503,Lochbar,"2,663639879"
CLIENTE493,Jadehold,"2,666326782"
CLIENTE229,Prontera,"2,667643021"
CLIENTE30,Azural,"2,670126265"
CLIENTE198,Promethea,"2,671853184"
CLIENTE687,Greywatch,"2,675350642"
CLIENTE355,Drinmoor,"2,675492556"
CLIENTE85,Stonegate,"2,676742676"
CLIENTE565,Sectorium,"2,678455469"
CLIENTE144,Sunreach,"2,67872758"
CLIENTE17,Termina,"2,681423512"
CLIENTE502,Altissia,"2,690749331"
CLIENTE651,Sectorium,"2,692335778"
CLIENTE276,Walden,"2,702498136"
CLIENTE442,Jindara,"2,709114914"
CLIENTE315,Casperia,"2,710032528"
CLIENTE304,Manifold,"2,717517534"
CLIENTE471,Klunheim,"2,728669897"
CLIENTE471,Brightfall,"2,728980647"
CLIENTE700,Brightfall,"2,730929043"
CLIENTE617,Savois,"2,749073118"
CLIENTE331,Pillarreach,"2,749085253"
CLIENTE195,Hollowmar,"2,751016609"
CLIENTE475,Nurmengard,"2,751428071"
CLIENTE180,Azural,"2,756940458"
CLIENTE126,Eredin,"2,757159528"
CLIENTE484,Ulthar,"2,758415491"
CLIENTE490,Greywatch,"2,759150221"
CLIENTE442,Winhill,"2,759722456"
CLIENTE174,Osaria,"2,760052367"
CLIENTE426,Riorin,"2,761990066"
CLIENTE569,Promethea,"2,762596972"
CLIENTE23,Yokara,"2,771367926"
CLIENTE45,Tuxara,"2,774420682"
CLIENTE591,Solstheim,"2,774730394"
CLIENTE146,Elzion,"2,779814769"
CLIENTE534,Dirtmouth,"2,781998788"
CLIENTE29,Imre,"2,787666993"
CLIENTE357,Sunreach,"2,802829668"
CLIENTE527,Ykoura,"2,80770143"
CLIENTE270,Calcara,"2,816519768"
CLIENTE370,Promethea,"2,819708448"
CLIENTE14,Stormhold,"2,827264126"
CLIENTE425,Casperia,"2,828675955"
CLIENTE54,Paldea,"2,833810301"
CLIENTE52,Zuldazar,"2,835112985"
CLIENTE624,Stonegate,"2,835231094"
CLIENTE208,Dornfall,"2,840572744"
CLIENTE589,Ykoura,"2,841481214"
CLIENTE223,Valisthea,"2,842160424"
CLIENTE366,Laputa,"2,843820086"
CLIENTE113,Altissia,"2,857945186"
CLIENTE253,Tutira,"2,860183889"
CLIENTE640,Shadowpeak,"2,874691464"
CLIENTE313,Resembool,"2,888686181"
CLIENTE661,Kragspire,"2,902277416"
CLIENTE379,Ashkora,"2,905857473"
CLIENTE690,Duskwall,"2,916160164"
CLIENTE162,Ykoura,"2,916496544"
CLIENTE281,Philgaia,"2,918179509"
CLIENTE5,Humeria,"2,9329629"
CLIENTE574,Thalassar,"2,93465812"
CLIENTE360,Deliora,"2,938975876"
CLIENTE101,Yenfall,"2,94475118"
CLIENTE155,Perseon,"2,950895419"
CLIENTE35,Grimvale,"2,951741985"
CLIENTE445,Zaphura,"2,957060233"
CLIENTE326,Greywatch,"2,968617652"
CLIENTE322,Iyomar,"2,969019719"
CLIENTE604,Calcara,"2,970370499"
CLIENTE498,Rlyeh,"2,972690304"
CLIENTE391,Kragspire,"2,978197233"
CLIENTE228,Ironfall,"2,985064301"
CLIENTE347,Lyngard,"2,987474415"
CLIENTE650,Tarbean,"2,987723104"
CLIENTE137,Cairhien,"2,991431906"
CLIENTE128,Dornfall,"2,996039879"
CLIENTE617,Sectorium,"3,008467493"
CLIENTE445,Riorin,"3,020361313"
CLIENTE308,Konoha,"3,020728758"
CLIENTE447,Pillarreach,"3,021784372"
CLIENTE396,Dirtmouth,"3,024598835"
CLIENTE21,Brightfall,"3,026596794"
CLIENTE5,Huern,"3,037818719"
CLIENTE615,Targalon,"3,038913236"
CLIENTE303,Frosthelm,"3,039317676"
CLIENTE398,Humeria,"3,040370522"
CLIENTE161,Ulthar,"3,057155709"
CLIENTE496,Quasmar,"3,058761585"
CLIENTE698,Calcara,"3,060567584"
CLIENTE522,Glenhaven,"3,077446082"
CLIENTE161,Ichoris,"3,082751424"
CLIENTE395,Iskeld,"3,088336581"
CLIENTE322,Stormhold,"3,091781985"
CLIENTE174,Northfall,"3,098040449"
CLIENTE500,Stevanor,"3,109173856"
CLIENTE383,Sectorium,"3,131992866"
CLIENTE292,Raumor,"3,143055918"
CLIENTE386,Imre,"3,144549121"
CLIENTE272,Yatora,"3,144987524"
CLIENTE629,Calcara,"3,145752639"
CLIENTE226,Zaphura,"3,160047712"
CLIENTE125,Bethlehem,"3,165601747"
CLIENTE315,Grimvale,"3,183005217"
CLIENTE515,Ishgard,"3,183307752"
CLIENTE136,Walden,"3,189785004"
CLIENTE420,Pandora,"3,201204563"
CLIENTE560,Memphos,"3,215218486"
CLIENTE498,Azkaban,"3,224723985"
CLIENTE209,Grimvale,"3,228943818"
CLIENTE522,Mythra,"3,241010733"
CLIENTE377,Elzion,"3,244882619"
CLIENTE631,Ngorim,"3,266230833"
CLIENTE371,Jadehold,"3,288092156"
CLIENTE131,Chenara,"3,292901102"
CLIENTE69,Drinmoor,"3,294027637"
CLIENTE172,Targalon,"3,299752428"
CLIENTE198,Piscara,"3,300545072"
CLIENTE134,Muskara,"3,311887919"
CLIENTE467,Hollowmar,"3,314885263"
CLIENTE385,Ashkora,"3,326306195"
CLIENTE36,Rlyeh,"3,342072672"
CLIENTE48,Posthaven,"3,367110428"
CLIENTE372,Dornfall,"3,371151697"
CLIENTE98,Salvaris,"3,378180054"
CLIENTE44,Brakmar,"3,383014523"
CLIENTE415,Pausen,"3,383762046"
CLIENTE670,Besaid,"3,383826417"
CLIENTE651,Haldryn,"3,396496145"
CLIENTE359,Nyagara,"3,427427188"
CLIENTE54,Ranskar,"3,431416968"
CLIENTE319,Pillarreach,"3,443451612"
CLIENTE431,Ranskar,"3,443743112"
CLIENTE46,Osaria,"3,457112201"
CLIENTE614,Riorin,"3,479381627"
CLIENTE451,Drinmoor,"3,512549989"
CLIENTE124,Memphos,"3,518341829"
CLIENTE197,Sethera,"3,52346949"
CLIENTE604,Zaphura,"3,528577463"
CLIENTE270,Termina,"3,553826708"
CLIENTE610,Stonegate,"3,57838676"
CLIENTE616,Posthaven,"3,580270921"
CLIENTE258,Windscar,"3,60742042"
CLIENTE257,Mountglass,"3,639141514"
CLIENTE534,Namek,"3,639863263"
CLIENTE552,Kharon,"3,661741028"
CLIENTE522,Tutira,"3,675948856"
CLIENTE290,Northfall,"3,689785343"
CLIENTE618,Resembool,"3,730736429"
CLIENTE397,Tartarus,"3,746527259"
CLIENTE265,Viscara,"3,746610239"
CLIENTE549,Tomarath,"3,752198989"
CLIENTE638,Casperia,"3,767722902"
CLIENTE486,Kandor,"3,794362398"
CLIENTE588,Spira,"3,811712904"
CLIENTE11,Besaid,"3,833876467"
CLIENTE658,Aeusserst,"3,881054644"
CLIENTE7,Manshade,"3,8864851"
CLIENTE306,Drinmoor,"3,913873239"
CLIENTE359,Melvara,"3,928134722"
CLIENTE216,Hollowmar,"3,984276957"
CLIENTE94,Yokara,"4,079496128"
CLIENTE548,Gerudo,"4,090842978"
CLIENTE538,Pillarreach,"4,131567627"
CLIENTE256,Viscara,"4,136892093"
CLIENTE529,Manshade,"4,164899738"
CLIENTE407,Hogwarts,"4,262364297"
CLIENTE266,Nosgoth,"4,459646819"
CLIENTE333,Dirtmouth,"4,541238047"
CLIENTE642,Rocabar,"4,597377109"
CLIENTE377,Hyrule,"4,826220513"
CLIENTE416,Grimvale,"5,191551047"