COD_CLIENTE,FAMILIA_PRODUTO,LINHA_PRODUTO,INSTANTE,PRECO_VENDA,DEMANDA
CLIENTE1,NaturalClaro,V1,1,"608,4788771",32
CLIENTE1,NaturalClaro,V1,2,"608,4788771",120
CLIENTE1,NaturalClaro,V1,3,"608,4788771",120
CLIENTE1,NaturalClaro,V1,4,"608,4788771",120
CLIENTE1,NaturalClaro,V1,5,"608,4788771",120
CLIENTE1,NaturalClaro,V1,6,"608,4788771",120
CLIENTE1,NaturalClaro,V1,7,"608,4788771",120
CLIENTE1,NaturalClaro,V1,8,"608,4788771",120
CLIENTE1,NaturalClaro,V1,9,"608,4788771",120
CLIENTE1,NaturalClaro,V1,10,"608,4788771",120
CLIENTE1,NaturalClaro,V1,11,"608,4788771",120
CLIENTE1,NaturalClaro,V1,12,"608,4788771",120
CLIENTE1,NaturalClaro,V1,13,"608,4788771",32
CLIENTE1,NaturalClaro,V1,14,"608,4788771",120
CLIENTE1,NaturalClaro,V1,15,"608,4788771",120
CLIENTE1,IncomumSutil,V8,1,"608,4788771",768
CLIENTE1,IncomumSutil,V8,2,"608,4788771",713
CLIENTE1,IncomumSutil,V8,3,"608,4788771",713
CLIENTE1,IncomumSutil,V8,4,"608,4788771",713
CLIENTE1,IncomumSutil,V8,5,"608,4788771",713
CLIENTE1,IncomumSutil,V8,6,"608,4788771",713
CLIENTE1,IncomumSutil,V8,7,"608,4788771",713
CLIENTE1,IncomumSutil,V8,8,"608,4788771",713
CLIENTE1,IncomumSutil,V8,9,"608,4788771",713
CLIENTE1,IncomumSutil,V8,10,"608,4788771",713
CLIENTE1,IncomumSutil,V8,11,"608,4788771",713
CLIENTE1,IncomumSutil,V8,12,"608,4788771",713
CLIENTE1,IncomumSutil,V8,13,"608,4788771",768
CLIENTE1,IncomumSutil,V8,14,"608,4788771",713
CLIENTE1,IncomumSutil,V8,15,"608,4788771",713
CLIENTE3,BomCentral,V6,2,"608,4788771",850
CLIENTE3,BomCentral,V6,3,"608,4788771",1000
CLIENTE3,BomCentral,V6,4,"608,4788771",700
CLIENTE3,SaturadoProfundo,V6,1,"608,4788771",650
CLIENTE3,SaturadoProfundo,V6,5,"608,4788771",350
CLIENTE3,SaturadoProfundo,V6,6,"608,4788771",350
CLIENTE3,SaturadoProfundo,V6,13,"608,4788771",650
CLIENTE3,SaturadoProfundo,V6,14,"608,4788771",850
CLIENTE3,SaturadoProfundo,V6,15,"608,4788771",1000
CLIENTE662,InferiorRaso,V13,2,"608,4788771",150
CLIENTE662,InferiorRaso,V13,4,"608,4788771",150
CLIENTE662,InferiorRaso,V13,6,"608,4788771",150
CLIENTE662,InferiorRaso,V13,8,"608,4788771",150
CLIENTE662,InferiorRaso,V13,10,"608,4788771",150
CLIENTE662,InferiorRaso,V13,12,"608,4788771",150
CLIENTE662,InferiorRaso,V13,14,"608,4788771",150
CLIENTE269,InferiorRaso,V5,1,"608,4788771",500
CLIENTE269,InferiorRaso,V5,13,"608,4788771",500
CLIENTE269,MuitoBomPleno,V12,1,"608,4788771",500
CLIENTE269,MuitoBomPleno,V12,2,"608,4788771",500
CLIENTE269,MuitoBomPleno,V12,3,"608,4788771",500
CLIENTE269,MuitoBomPleno,V12,4,"608,4788771",500
CLIENTE269,MuitoBomPleno,V12,5,"608,4788771",500
CLIENTE269,MuitoBomPleno,V12,6,"608,4788771",500
CLIENTE269,MuitoBomPleno,V12,7,"608,4788771",500
CLIENTE269,MuitoBomPleno,V12,8,"608,4788771",500
CLIENTE269,MuitoBomPleno,V12,9,"608,4788771",500
CLIENTE269,MuitoBomPleno,V12,10,"608,4788771",500
CLIENTE269,MuitoBomPleno,V12,11,"608,4788771",500
CLIENTE269,MuitoBomPleno,V12,12,"608,4788771",500
CLIENTE269,MuitoBomPleno,V12,13,"608,4788771",500
CLIENTE269,MuitoBomPleno,V12,14,"608,4788771",500
CLIENTE269,MuitoBomPleno,V12,15,"608,4788771",500
CLIENTE269,SaturadoProfundo,V6,1,"608,4788771",1000
CLIENTE269,SaturadoProfundo,V6,2,"608,4788771",1500
CLIENTE269,SaturadoProfundo,V6,3,"608,4788771",1500
CLIENTE269,SaturadoProfundo,V6,4,"608,4788771",1150
CLIENTE269,SaturadoProfundo,V6,5,"608,4788771",1500
CLIENTE269,SaturadoProfundo,V6,6,"608,4788771",1500
CLIENTE269,SaturadoProfundo,V6,7,"608,4788771",1500
CLIENTE269,SaturadoProfundo,V6,8,"608,4788771",1500
CLIENTE269,SaturadoProfundo,V6,9,"608,4788771",1500
CLIENTE269,SaturadoProfundo,V6,10,"608,4788771",1500
CLIENTE269,SaturadoProfundo,V6,11,"608,4788771",1500
CLIENTE269,SaturadoProfundo,V6,12,"608,4788771",1500
CLIENTE269,SaturadoProfundo,V6,13,"608,4788771",1000
CLIENTE269,SaturadoProfundo,V6,14,"608,4788771",1500
CLIENTE269,SaturadoProfundo,V6,15,"608,4788771",1500
CLIENTE4,NaturalClaro,V1,1,"608,4788771",96
CLIENTE4,NaturalClaro,V1,2,"608,4788771",96
CLIENTE4,NaturalClaro,V1,3,"608,4788771",64
CLIENTE4,NaturalClaro,V1,4,"608,4788771",64
CLIENTE4,NaturalClaro,V1,5,"608,4788771",64
CLIENTE4,NaturalClaro,V1,6,"608,4788771",64
CLIENTE4,NaturalClaro,V1,7,"608,4788771",64
CLIENTE4,NaturalClaro,V1,8,"608,4788771",64
CLIENTE4,NaturalClaro,V1,9,"608,4788771",64
CLIENTE4,NaturalClaro,V1,10,"608,4788771",64
CLIENTE4,NaturalClaro,V1,11,"608,4788771",64
CLIENTE4,NaturalClaro,V1,12,"608,4788771",64
CLIENTE4,NaturalClaro,V1,13,"608,4788771",96
CLIENTE4,NaturalClaro,V1,14,"608,4788771",96
CLIENTE4,NaturalClaro,V1,15,"608,4788771",64
CLIENTE4,MuitoBomPleno,V12,1,"608,4788771",1872
CLIENTE4,MuitoBomPleno,V12,2,"608,4788771","2995,545455"
CLIENTE4,MuitoBomPleno,V12,3,"608,4788771","3956,545455"
CLIENTE4,MuitoBomPleno,V12,4,"608,4788771","3956,545455"
CLIENTE4,MuitoBomPleno,V12,5,"608,4788771","3956,545455"
CLIENTE4,MuitoBomPleno,V12,6,"608,4788771","3956,545455"
CLIENTE4,MuitoBomPleno,V12,7,"608,4788771","3956,545455"
CLIENTE4,MuitoBomPleno,V12,8,"608,4788771","3956,545455"
CLIENTE4,MuitoBomPleno,V12,9,"608,4788771","3956,545455"
CLIENTE4,MuitoBomPleno,V12,10,"608,4788771","3956,545455"
CLIENTE4,MuitoBomPleno,V12,11,"608,4788771","3956,545455"
CLIENTE4,MuitoBomPleno,V12,12,"608,4788771","3956,545455"
CLIENTE4,MuitoBomPleno,V12,13,"608,4788771",1872
CLIENTE4,MuitoBomPleno,V12,14,"608,4788771","2995,545455"
CLIENTE4,MuitoBomPleno,V12,15,"608,4788771","3956,545455"
CLIENTE5,MuitoBomPleno,V12,1,"608,4788771",1632
CLIENTE5,MuitoBomPleno,V12,2,"608,4788771",984
CLIENTE5,MuitoBomPleno,V12,3,"608,4788771",984
CLIENTE5,MuitoBomPleno,V12,4,"608,4788771",984
CLIENTE5,MuitoBomPleno,V12,5,"608,4788771",1245
CLIENTE5,MuitoBomPleno,V12,6,"608,4788771",984
CLIENTE5,MuitoBomPleno,V12,7,"608,4788771",984
CLIENTE5,MuitoBomPleno,V12,8,"608,4788771",1245
CLIENTE5,MuitoBomPleno,V12,9,"608,4788771",984
CLIENTE5,MuitoBomPleno,V12,10,"608,4788771",984
CLIENTE5,MuitoBomPleno,V12,11,"608,4788771",984
CLIENTE5,MuitoBomPleno,V12,12,"608,4788771",984
CLIENTE5,MuitoBomPleno,V12,13,"608,4788771",1632
CLIENTE5,MuitoBomPleno,V12,14,"608,4788771",984
CLIENTE5,MuitoBomPleno,V12,15,"608,4788771",984
CLIENTE5,ExcelenteSupremo,V7,1,"608,4788771",2016
CLIENTE5,ExcelenteSupremo,V7,2,"608,4788771",2016
CLIENTE5,ExcelenteSupremo,V7,3,"608,4788771",2016
CLIENTE5,ExcelenteSupremo,V7,4,"608,4788771",2016
CLIENTE5,ExcelenteSupremo,V7,5,"608,4788771",2016
CLIENTE5,ExcelenteSupremo,V7,6,"608,4788771",2016
CLIENTE5,ExcelenteSupremo,V7,7,"608,4788771",2016
CLIENTE5,ExcelenteSupremo,V7,8,"608,4788771",2016
CLIENTE5,ExcelenteSupremo,V7,9,"608,4788771",2016
CLIENTE5,ExcelenteSupremo,V7,10,"608,4788771",2016
CLIENTE5,ExcelenteSupremo,V7,11,"608,4788771",2016
CLIENTE5,ExcelenteSupremo,V7,12,"608,4788771",2016
CLIENTE5,ExcelenteSupremo,V7,13,"608,4788771",2016
CLIENTE5,ExcelenteSupremo,V7,14,"608,4788771",2016
CLIENTE5,ExcelenteSupremo,V7,15,"608,4788771",2016
CLIENTE607,InferiorRaso,V1,3,"608,4788771",500
CLIENTE607,InferiorRaso,V1,6,"608,4788771",500
CLIENTE607,InferiorRaso,V1,9,"608,4788771",500
CLIENTE607,InferiorRaso,V1,12,"608,4788771",500
CLIENTE607,InferiorRaso,V1,15,"608,4788771",500
CLIENTE6,InferiorRaso,V12,2,"608,4788771","2891,071353"
CLIENTE6,InferiorRaso,V12,3,"608,4788771","1100,331294"
CLIENTE6,InferiorRaso,V12,4,"608,4788771",3518
CLIENTE6,InferiorRaso,V12,5,"608,4788771","1883,643779"
CLIENTE6,InferiorRaso,V12,6,"608,4788771","1130,710721"
CLIENTE6,InferiorRaso,V12,7,"608,4788771","544,9471304"
CLIENTE6,InferiorRaso,V12,8,"608,4788771","470,0305533"
CLIENTE6,InferiorRaso,V12,9,"608,4788771","1145,359"
CLIENTE6,InferiorRaso,V12,11,"608,4788771","1032,025955"
CLIENTE6,InferiorRaso,V12,14,"608,4788771","2891,071353"
CLIENTE6,InferiorRaso,V12,15,"608,4788771","1100,331294"
CLIENTE6,MuitoBomPleno,V12,1,"608,4788771",6802
CLIENTE6,MuitoBomPleno,V12,2,"608,4788771","2213,199187"
CLIENTE6,MuitoBomPleno,V12,3,"608,4788771","5995,900187"
CLIENTE6,MuitoBomPleno,V12,4,"608,4788771","3496,497978"
CLIENTE6,MuitoBomPleno,V12,5,"608,4788771","5119,117023"
CLIENTE6,MuitoBomPleno,V12,6,"608,4788771","5891,028477"
CLIENTE6,MuitoBomPleno,V12,7,"608,4788771","6655,05287"
CLIENTE6,MuitoBomPleno,V12,8,"608,4788771","6729,969447"
CLIENTE6,MuitoBomPleno,V12,9,"608,4788771","6054,641"
CLIENTE6,MuitoBomPleno,V12,10,"608,4788771",7200
CLIENTE6,MuitoBomPleno,V12,11,"608,4788771","6167,974045"
CLIENTE6,MuitoBomPleno,V12,12,"608,4788771",7200
CLIENTE6,MuitoBomPleno,V12,13,"608,4788771",6802
CLIENTE6,MuitoBomPleno,V12,14,"608,4788771","2213,199187"
CLIENTE6,MuitoBomPleno,V12,15,"608,4788771","5995,900187"
CLIENTE6,ExcelenteSupremo,V12,2,"608,4788771","2895,72946"
CLIENTE6,ExcelenteSupremo,V12,3,"608,4788771","103,7685185"
CLIENTE6,ExcelenteSupremo,V12,4,"608,4788771","185,5020218"
CLIENTE6,ExcelenteSupremo,V12,5,"608,4788771","197,2391975"
CLIENTE6,ExcelenteSupremo,V12,6,"608,4788771","178,2608025"
CLIENTE6,ExcelenteSupremo,V12,14,"608,4788771","2895,72946"
CLIENTE6,ExcelenteSupremo,V12,15,"608,4788771","103,7685185"
CLIENTE7,MuitoBomPleno,V12,1,"608,4788771",1550
CLIENTE7,MuitoBomPleno,V12,2,"608,4788771",2000
CLIENTE7,MuitoBomPleno,V12,3,"608,4788771",2000
CLIENTE7,MuitoBomPleno,V12,4,"608,4788771",2000
CLIENTE7,MuitoBomPleno,V12,5,"608,4788771",2000
CLIENTE7,MuitoBomPleno,V12,6,"608,4788771",2000
CLIENTE7,MuitoBomPleno,V12,7,"608,4788771",2000
CLIENTE7,MuitoBomPleno,V12,8,"608,4788771",2000
CLIENTE7,MuitoBomPleno,V12,9,"608,4788771",2000
CLIENTE7,MuitoBomPleno,V12,10,"608,4788771",2000
CLIENTE7,MuitoBomPleno,V12,11,"608,4788771",2000
CLIENTE7,MuitoBomPleno,V12,12,"608,4788771",2000
CLIENTE7,MuitoBomPleno,V12,13,"608,4788771",1550
CLIENTE7,MuitoBomPleno,V12,14,"608,4788771",2000
CLIENTE7,MuitoBomPleno,V12,15,"608,4788771",2000
CLIENTE708,MuitoBomPleno,V16,1,"608,4788771",1200
CLIENTE708,MuitoBomPleno,V16,2,"608,4788771","1257,5"
CLIENTE708,MuitoBomPleno,V16,3,"608,4788771",1244
CLIENTE708,MuitoBomPleno,V16,4,"608,4788771",996
CLIENTE708,MuitoBomPleno,V16,5,"608,4788771","1261,5"
CLIENTE708,MuitoBomPleno,V16,6,"608,4788771",1078
CLIENTE708,MuitoBomPleno,V16,7,"608,4788771","1125,5"
CLIENTE708,MuitoBomPleno,V16,8,"608,4788771","1249,5"
CLIENTE708,MuitoBomPleno,V16,9,"608,4788771",1138
CLIENTE708,MuitoBomPleno,V16,10,"608,4788771","1121,5"
CLIENTE708,MuitoBomPleno,V16,11,"608,4788771","1234,5"
CLIENTE708,MuitoBomPleno,V16,12,"608,4788771","939,5"
CLIENTE708,MuitoBomPleno,V16,13,"608,4788771",1200
CLIENTE708,MuitoBomPleno,V16,14,"608,4788771","1257,5"
CLIENTE708,MuitoBomPleno,V16,15,"608,4788771",1244
CLIENTE708,MuitoBomPleno,V12,2,"608,4788771","1257,5"
CLIENTE708,MuitoBomPleno,V12,3,"608,4788771",1244
CLIENTE708,MuitoBomPleno,V12,4,"608,4788771",996
CLIENTE708,MuitoBomPleno,V12,5,"608,4788771","1261,5"
CLIENTE708,MuitoBomPleno,V12,6,"608,4788771",1078
CLIENTE708,MuitoBomPleno,V12,7,"608,4788771","1125,5"
CLIENTE708,MuitoBomPleno,V12,8,"608,4788771","1249,5"
CLIENTE708,MuitoBomPleno,V12,9,"608,4788771",1138
CLIENTE708,MuitoBomPleno,V12,10,"608,4788771","1121,5"
CLIENTE708,MuitoBomPleno,V12,11,"608,4788771","1234,5"
CLIENTE708,MuitoBomPleno,V12,12,"608,4788771","939,5"
CLIENTE708,MuitoBomPleno,V12,14,"608,4788771","1257,5"
CLIENTE708,MuitoBomPleno,V12,15,"608,4788771",1244
CLIENTE8,MuitoBomPleno,V5,1,"608,4788771",1125
CLIENTE8,MuitoBomPleno,V5,2,"608,4788771",1250
CLIENTE8,MuitoBomPleno,V5,3,"608,4788771",1250
CLIENTE8,MuitoBomPleno,V5,4,"608,4788771",1250
CLIENTE8,MuitoBomPleno,V5,5,"608,4788771",1250
CLIENTE8,MuitoBomPleno,V5,6,"608,4788771",1250
CLIENTE8,MuitoBomPleno,V5,7,"608,4788771",1250
CLIENTE8,MuitoBomPleno,V5,8,"608,4788771",1250
CLIENTE8,MuitoBomPleno,V5,9,"608,4788771",1250
CLIENTE8,MuitoBomPleno,V5,10,"608,4788771",1250
CLIENTE8,MuitoBomPleno,V5,11,"608,4788771",1250
CLIENTE8,MuitoBomPleno,V5,12,"608,4788771",1250
CLIENTE8,MuitoBomPleno,V5,13,"608,4788771",1125
CLIENTE8,MuitoBomPleno,V5,14,"608,4788771",1250
CLIENTE8,MuitoBomPleno,V5,15,"608,4788771",1250
CLIENTE430,InferiorRaso,V1,1,"608,4788771",450
CLIENTE430,InferiorRaso,V1,2,"608,4788771",500
CLIENTE430,InferiorRaso,V1,3,"608,4788771",500
CLIENTE430,InferiorRaso,V1,4,"608,4788771",500
CLIENTE430,InferiorRaso,V1,5,"608,4788771",500
CLIENTE430,InferiorRaso,V1,6,"608,4788771",500
CLIENTE430,InferiorRaso,V1,7,"608,4788771",500
CLIENTE430,InferiorRaso,V1,8,"608,4788771",500
CLIENTE430,InferiorRaso,V1,9,"608,4788771",500
CLIENTE430,InferiorRaso,V1,10,"608,4788771",500
CLIENTE430,InferiorRaso,V1,11,"608,4788771",500
CLIENTE430,InferiorRaso,V1,12,"608,4788771",500
CLIENTE430,InferiorRaso,V1,13,"608,4788771",450
CLIENTE430,InferiorRaso,V1,14,"608,4788771",500
CLIENTE430,InferiorRaso,V1,15,"608,4788771",500
CLIENTE9,MuitoBomPleno,V5,1,"608,4788771",150
CLIENTE9,MuitoBomPleno,V5,2,"608,4788771",150
CLIENTE9,MuitoBomPleno,V5,3,"608,4788771",150
CLIENTE9,MuitoBomPleno,V5,4,"608,4788771",150
CLIENTE9,MuitoBomPleno,V5,5,"608,4788771",150
CLIENTE9,MuitoBomPleno,V5,6,"608,4788771",150
CLIENTE9,MuitoBomPleno,V5,7,"608,4788771",150
CLIENTE9,MuitoBomPleno,V5,8,"608,4788771",150
CLIENTE9,MuitoBomPleno,V5,9,"608,4788771",150
CLIENTE9,MuitoBomPleno,V5,10,"608,4788771",150
CLIENTE9,MuitoBomPleno,V5,11,"608,4788771",150
CLIENTE9,MuitoBomPleno,V5,12,"608,4788771",150
CLIENTE9,MuitoBomPleno,V5,13,"608,4788771",150
CLIENTE9,MuitoBomPleno,V5,14,"608,4788771",150
CLIENTE9,MuitoBomPleno,V5,15,"608,4788771",150
CLIENTE9,MuitoBomIntenso,V9,1,"608,4788771",120
CLIENTE9,MuitoBomIntenso,V9,2,"608,4788771",120
CLIENTE9,MuitoBomIntenso,V9,3,"608,4788771",135
CLIENTE9,MuitoBomIntenso,V9,4,"608,4788771",120
CLIENTE9,MuitoBomIntenso,V9,5,"608,4788771",120
CLIENTE9,MuitoBomIntenso,V9,6,"608,4788771",135
CLIENTE9,MuitoBomIntenso,V9,7,"608,4788771",120
CLIENTE9,MuitoBomIntenso,V9,8,"608,4788771",120
CLIENTE9,MuitoBomIntenso,V9,9,"608,4788771",135
CLIENTE9,MuitoBomIntenso,V9,10,"608,4788771",120
CLIENTE9,MuitoBomIntenso,V9,11,"608,4788771",120
CLIENTE9,MuitoBomIntenso,V9,12,"608,4788771",135
CLIENTE9,MuitoBomIntenso,V9,13,"608,4788771",120
CLIENTE9,MuitoBomIntenso,V9,14,"608,4788771",120
CLIENTE9,MuitoBomIntenso,V9,15,"608,4788771",135
CLIENTE9,ArtificialCinco,V16,3,"608,4788771",64
CLIENTE9,ArtificialCinco,V16,5,"608,4788771",64
CLIENTE9,ArtificialCinco,V16,7,"608,4788771",64
CLIENTE9,ArtificialCinco,V16,9,"608,4788771",64
CLIENTE9,ArtificialCinco,V16,11,"608,4788771",64
CLIENTE9,ArtificialCinco,V16,12,"608,4788771",64
CLIENTE9,ArtificialCinco,V16,15,"608,4788771",64
CLIENTE10,InferiorRaso,V1,1,"608,4788771",1000
CLIENTE10,InferiorRaso,V1,4,"608,4788771",1000
CLIENTE10,InferiorRaso,V1,6,"608,4788771",1000
CLIENTE10,InferiorRaso,V1,8,"608,4788771",1000
CLIENTE10,InferiorRaso,V1,10,"608,4788771",1000
CLIENTE10,InferiorRaso,V1,12,"608,4788771",1000
CLIENTE10,InferiorRaso,V1,13,"608,4788771",1000
CLIENTE11,MuitoBomPleno,V8,1,"608,4788771","308,3333333"
CLIENTE11,MuitoBomPleno,V8,2,"608,4788771","308,3333333"
CLIENTE11,MuitoBomPleno,V8,3,"608,4788771","308,3333333"
CLIENTE11,MuitoBomPleno,V8,4,"608,4788771","308,3333333"
CLIENTE11,MuitoBomPleno,V8,5,"608,4788771","308,3333333"
CLIENTE11,MuitoBomPleno,V8,6,"608,4788771","308,3333333"
CLIENTE11,MuitoBomPleno,V8,7,"608,4788771","308,3333333"
CLIENTE11,MuitoBomPleno,V8,8,"608,4788771","308,3333333"
CLIENTE11,MuitoBomPleno,V8,9,"608,4788771","308,3333333"
CLIENTE11,MuitoBomPleno,V8,10,"608,4788771","308,3333333"
CLIENTE11,MuitoBomPleno,V8,11,"608,4788771","308,3333333"
CLIENTE11,MuitoBomPleno,V8,12,"608,4788771","308,3333333"
CLIENTE11,MuitoBomPleno,V8,13,"608,4788771","308,3333333"
CLIENTE11,MuitoBomPleno,V8,14,"608,4788771","308,3333333"
CLIENTE11,MuitoBomPleno,V8,15,"608,4788771","308,3333333"
CLIENTE356,MuitoBomPleno,V5,1,"608,4788771","18,50434351"
CLIENTE356,MuitoBomPleno,V5,2,"608,4788771","37,10650323"
CLIENTE356,MuitoBomPleno,V5,3,"608,4788771","27,73322568"
CLIENTE356,MuitoBomPleno,V5,4,"608,4788771",36
CLIENTE356,MuitoBomPleno,V5,5,"608,4788771",36
CLIENTE356,MuitoBomPleno,V5,6,"608,4788771",36
CLIENTE356,MuitoBomPleno,V5,7,"608,4788771",36
CLIENTE356,MuitoBomPleno,V5,8,"608,4788771",36
CLIENTE356,MuitoBomPleno,V5,9,"608,4788771",36
CLIENTE356,MuitoBomPleno,V5,10,"608,4788771",36
CLIENTE356,MuitoBomPleno,V5,11,"608,4788771",36
CLIENTE356,MuitoBomPleno,V5,12,"608,4788771",36
CLIENTE356,MuitoBomPleno,V5,13,"608,4788771","18,50434351"
CLIENTE356,MuitoBomPleno,V5,14,"608,4788771","37,10650323"
CLIENTE356,MuitoBomPleno,V5,15,"608,4788771","27,73322568"
CLIENTE552,MuitoBomPleno,V12,1,"608,4788771",350
CLIENTE552,MuitoBomPleno,V12,2,"608,4788771",350
CLIENTE552,MuitoBomPleno,V12,3,"608,4788771",350
CLIENTE552,MuitoBomPleno,V12,4,"608,4788771",350
CLIENTE552,MuitoBomPleno,V12,5,"608,4788771",350
CLIENTE552,MuitoBomPleno,V12,6,"608,4788771",350
CLIENTE552,MuitoBomPleno,V12,7,"608,4788771",350
CLIENTE552,MuitoBomPleno,V12,8,"608,4788771",350
CLIENTE552,MuitoBomPleno,V12,9,"608,4788771",350
CLIENTE552,MuitoBomPleno,V12,10,"608,4788771",350
CLIENTE552,MuitoBomPleno,V12,11,"608,4788771",350
CLIENTE552,MuitoBomPleno,V12,12,"608,4788771",350
CLIENTE552,MuitoBomPleno,V12,13,"608,4788771",350
CLIENTE552,MuitoBomPleno,V12,14,"608,4788771",350
CLIENTE552,MuitoBomPleno,V12,15,"608,4788771",350
CLIENTE12,MuitoBomPleno,V13,3,"608,4788771",550
CLIENTE12,MuitoBomPleno,V13,4,"608,4788771",550
CLIENTE12,MuitoBomPleno,V13,5,"608,4788771",550
CLIENTE12,MuitoBomPleno,V13,6,"608,4788771",700
CLIENTE12,MuitoBomPleno,V13,7,"608,4788771",700
CLIENTE12,MuitoBomPleno,V13,8,"608,4788771",700
CLIENTE12,MuitoBomPleno,V13,9,"608,4788771",700
CLIENTE12,MuitoBomPleno,V13,10,"608,4788771",700
CLIENTE12,MuitoBomPleno,V13,11,"608,4788771",700
CLIENTE12,MuitoBomPleno,V13,12,"608,4788771",550
CLIENTE12,MuitoBomPleno,V13,15,"608,4788771",550
CLIENTE12,NeutroSuave,V13,1,"608,4788771",160
CLIENTE12,NeutroSuave,V13,2,"608,4788771",972
CLIENTE12,NeutroSuave,V13,13,"608,4788771",160
CLIENTE12,NeutroSuave,V13,14,"608,4788771",972
CLIENTE12,SemiClaroSaturado,V11,1,"608,4788771",120
CLIENTE12,SemiClaroSaturado,V11,2,"608,4788771",122
CLIENTE12,SemiClaroSaturado,V11,3,"608,4788771",260
CLIENTE12,SemiClaroSaturado,V11,4,"608,4788771",180
CLIENTE12,SemiClaroSaturado,V11,5,"608,4788771",180
CLIENTE12,SemiClaroSaturado,V11,6,"608,4788771",180
CLIENTE12,SemiClaroSaturado,V11,7,"608,4788771",180
CLIENTE12,SemiClaroSaturado,V11,8,"608,4788771",180
CLIENTE12,SemiClaroSaturado,V11,9,"608,4788771",180
CLIENTE12,SemiClaroSaturado,V11,10,"608,4788771",180
CLIENTE12,SemiClaroSaturado,V11,11,"608,4788771",180
CLIENTE12,SemiClaroSaturado,V11,12,"608,4788771",180
CLIENTE12,SemiClaroSaturado,V11,13,"608,4788771",120
CLIENTE12,SemiClaroSaturado,V11,14,"608,4788771",122
CLIENTE12,SemiClaroSaturado,V11,15,"608,4788771",260
CLIENTE233,InferiorRaso,V1,1,"608,4788771",1560
CLIENTE233,InferiorRaso,V1,2,"608,4788771",1666
CLIENTE233,InferiorRaso,V1,3,"608,4788771",1666
CLIENTE233,InferiorRaso,V1,4,"608,4788771",1666
CLIENTE233,InferiorRaso,V1,5,"608,4788771",1666
CLIENTE233,InferiorRaso,V1,6,"608,4788771",1666
CLIENTE233,InferiorRaso,V1,7,"608,4788771",1666
CLIENTE233,InferiorRaso,V1,8,"608,4788771",1666
CLIENTE233,InferiorRaso,V1,9,"608,4788771",1666
CLIENTE233,InferiorRaso,V1,10,"608,4788771",1666
CLIENTE233,InferiorRaso,V1,11,"608,4788771",1666
CLIENTE233,InferiorRaso,V1,12,"608,4788771",1666
CLIENTE233,InferiorRaso,V1,13,"608,4788771",1560
CLIENTE233,InferiorRaso,V1,14,"608,4788771",1666
CLIENTE233,InferiorRaso,V1,15,"608,4788771",1666
CLIENTE551,ExcelenteSupremo,V3,2,"608,4788771",200
CLIENTE551,ExcelenteSupremo,V3,3,"608,4788771",200
CLIENTE551,ExcelenteSupremo,V3,4,"608,4788771",200
CLIENTE551,ExcelenteSupremo,V3,5,"608,4788771",200
CLIENTE551,ExcelenteSupremo,V3,6,"608,4788771",200
CLIENTE551,ExcelenteSupremo,V3,7,"608,4788771",200
CLIENTE551,ExcelenteSupremo,V3,8,"608,4788771",200
CLIENTE551,ExcelenteSupremo,V3,9,"608,4788771",200
CLIENTE551,ExcelenteSupremo,V3,10,"608,4788771",200
CLIENTE551,ExcelenteSupremo,V3,11,"608,4788771",200
CLIENTE551,ExcelenteSupremo,V3,14,"608,4788771",200
CLIENTE551,ExcelenteSupremo,V3,15,"608,4788771",200
CLIENTE710,InferiorRaso,V1,1,"608,4788771","233,3333333"
CLIENTE710,InferiorRaso,V1,2,"608,4788771","233,3333333"
CLIENTE710,InferiorRaso,V1,3,"608,4788771","233,3333333"
CLIENTE710,InferiorRaso,V1,4,"608,4788771","233,3333333"
CLIENTE710,InferiorRaso,V1,5,"608,4788771","233,3333333"
CLIENTE710,InferiorRaso,V1,6,"608,4788771","233,3333333"
CLIENTE710,InferiorRaso,V1,7,"608,4788771","233,3333333"
CLIENTE710,InferiorRaso,V1,8,"608,4788771","233,3333333"
CLIENTE710,InferiorRaso,V1,9,"608,4788771","233,3333333"
CLIENTE710,InferiorRaso,V1,10,"608,4788771","233,3333333"
CLIENTE710,InferiorRaso,V1,11,"608,4788771","233,3333333"
CLIENTE710,InferiorRaso,V1,12,"608,4788771","233,3333333"
CLIENTE710,InferiorRaso,V1,13,"608,4788771","233,3333333"
CLIENTE710,InferiorRaso,V1,14,"608,4788771","233,3333333"
CLIENTE710,InferiorRaso,V1,15,"608,4788771","233,3333333"
CLIENTE13,RefeitoSimples,V4,1,"608,4788771",3710
CLIENTE13,RefeitoSimples,V4,2,"608,4788771",3565
CLIENTE13,RefeitoSimples,V4,3,"608,4788771",4245
CLIENTE13,RefeitoSimples,V4,4,"608,4788771",3905
CLIENTE13,RefeitoSimples,V4,5,"608,4788771",3735
CLIENTE13,RefeitoSimples,V4,6,"608,4788771",4075
CLIENTE13,RefeitoSimples,V4,7,"608,4788771",4075
CLIENTE13,RefeitoSimples,V4,8,"608,4788771",3735
CLIENTE13,RefeitoSimples,V4,9,"608,4788771",4245
CLIENTE13,RefeitoSimples,V4,10,"608,4788771",3905
CLIENTE13,RefeitoSimples,V4,11,"608,4788771",3735
CLIENTE13,RefeitoSimples,V4,12,"608,4788771",4415
CLIENTE13,RefeitoSimples,V4,13,"608,4788771",3710
CLIENTE13,RefeitoSimples,V4,14,"608,4788771",3565
CLIENTE13,RefeitoSimples,V4,15,"608,4788771",4245
CLIENTE13,MuitoBomPleno,V12,1,"608,4788771",320
CLIENTE13,MuitoBomPleno,V12,2,"608,4788771",300
CLIENTE13,MuitoBomPleno,V12,3,"608,4788771",300
CLIENTE13,MuitoBomPleno,V12,4,"608,4788771",300
CLIENTE13,MuitoBomPleno,V12,5,"608,4788771",300
CLIENTE13,MuitoBomPleno,V12,6,"608,4788771",300
CLIENTE13,MuitoBomPleno,V12,7,"608,4788771",300
CLIENTE13,MuitoBomPleno,V12,8,"608,4788771",300
CLIENTE13,MuitoBomPleno,V12,9,"608,4788771",300
CLIENTE13,MuitoBomPleno,V12,10,"608,4788771",300
CLIENTE13,MuitoBomPleno,V12,11,"608,4788771",300
CLIENTE13,MuitoBomPleno,V12,12,"608,4788771",300
CLIENTE13,MuitoBomPleno,V12,13,"608,4788771",320
CLIENTE13,MuitoBomPleno,V12,14,"608,4788771",300
CLIENTE13,MuitoBomPleno,V12,15,"608,4788771",300
CLIENTE429,InferiorRaso,V3,1,"608,4788771",60
CLIENTE429,InferiorRaso,V3,2,"608,4788771",60
CLIENTE429,InferiorRaso,V3,3,"608,4788771",60
CLIENTE429,InferiorRaso,V3,4,"608,4788771",60
CLIENTE429,InferiorRaso,V3,5,"608,4788771",60
CLIENTE429,InferiorRaso,V3,6,"608,4788771",60
CLIENTE429,InferiorRaso,V3,7,"608,4788771",60
CLIENTE429,InferiorRaso,V3,8,"608,4788771",60
CLIENTE429,InferiorRaso,V3,9,"608,4788771",60
CLIENTE429,InferiorRaso,V3,10,"608,4788771",60
CLIENTE429,InferiorRaso,V3,11,"608,4788771",60
CLIENTE429,InferiorRaso,V3,12,"608,4788771",60
CLIENTE429,InferiorRaso,V3,13,"608,4788771",60
CLIENTE429,InferiorRaso,V3,14,"608,4788771",60
CLIENTE429,InferiorRaso,V3,15,"608,4788771",60
CLIENTE14,RefeitoSimples,V14,1,"608,4788771",14000
CLIENTE14,RefeitoSimples,V14,2,"608,4788771",14000
CLIENTE14,RefeitoSimples,V14,3,"608,4788771",14000
CLIENTE14,RefeitoSimples,V14,4,"608,4788771",14000
CLIENTE14,RefeitoSimples,V14,5,"608,4788771",14000
CLIENTE14,RefeitoSimples,V14,6,"608,4788771",14000
CLIENTE14,RefeitoSimples,V14,7,"608,4788771",14000
CLIENTE14,RefeitoSimples,V14,8,"608,4788771",14000
CLIENTE14,RefeitoSimples,V14,9,"608,4788771",14000
CLIENTE14,RefeitoSimples,V14,10,"608,4788771",14000
CLIENTE14,RefeitoSimples,V14,11,"608,4788771",14000
CLIENTE14,RefeitoSimples,V14,12,"608,4788771",14000
CLIENTE14,RefeitoSimples,V14,13,"608,4788771",14000
CLIENTE14,RefeitoSimples,V14,14,"608,4788771",14000
CLIENTE14,RefeitoSimples,V14,15,"608,4788771",14000
CLIENTE15,MuitoBomPleno,V12,1,"608,4788771",1680
CLIENTE15,MuitoBomPleno,V12,2,"608,4788771",1600
CLIENTE15,MuitoBomPleno,V12,3,"608,4788771",1600
CLIENTE15,MuitoBomPleno,V12,4,"608,4788771",1600
CLIENTE15,MuitoBomPleno,V12,5,"608,4788771",1600
CLIENTE15,MuitoBomPleno,V12,6,"608,4788771",1600
CLIENTE15,MuitoBomPleno,V12,7,"608,4788771",1600
CLIENTE15,MuitoBomPleno,V12,8,"608,4788771",1600
CLIENTE15,MuitoBomPleno,V12,9,"608,4788771",1600
CLIENTE15,MuitoBomPleno,V12,10,"608,4788771",1600
CLIENTE15,MuitoBomPleno,V12,11,"608,4788771",1600
CLIENTE15,MuitoBomPleno,V12,12,"608,4788771",1600
CLIENTE15,MuitoBomPleno,V12,13,"608,4788771",1680
CLIENTE15,MuitoBomPleno,V12,14,"608,4788771",1600
CLIENTE15,MuitoBomPleno,V12,15,"608,4788771",1600
CLIENTE338,InferiorRaso,V1,1,"608,4788771",1000
CLIENTE338,InferiorRaso,V1,2,"608,4788771",1000
CLIENTE338,InferiorRaso,V1,3,"608,4788771",1000
CLIENTE338,InferiorRaso,V1,4,"608,4788771",1000
CLIENTE338,InferiorRaso,V1,5,"608,4788771",1000
CLIENTE338,InferiorRaso,V1,6,"608,4788771",1000
CLIENTE338,InferiorRaso,V1,7,"608,4788771",1000
CLIENTE338,InferiorRaso,V1,8,"608,4788771",1000
CLIENTE338,InferiorRaso,V1,9,"608,4788771",1000
CLIENTE338,InferiorRaso,V1,10,"608,4788771",1000
CLIENTE338,InferiorRaso,V1,11,"608,4788771",1000
CLIENTE338,InferiorRaso,V1,12,"608,4788771",1000
CLIENTE338,InferiorRaso,V1,13,"608,4788771",1000
CLIENTE338,InferiorRaso,V1,14,"608,4788771",1000
CLIENTE338,InferiorRaso,V1,15,"608,4788771",1000
CLIENTE215,ExcelenteSupremo,V3,1,"608,4788771",500
CLIENTE215,ExcelenteSupremo,V3,2,"608,4788771",500
CLIENTE215,ExcelenteSupremo,V3,3,"608,4788771",500
CLIENTE215,ExcelenteSupremo,V3,4,"608,4788771",500
CLIENTE215,ExcelenteSupremo,V3,5,"608,4788771",500
CLIENTE215,ExcelenteSupremo,V3,6,"608,4788771",500
CLIENTE215,ExcelenteSupremo,V3,7,"608,4788771",500
CLIENTE215,ExcelenteSupremo,V3,8,"608,4788771",500
CLIENTE215,ExcelenteSupremo,V3,9,"608,4788771",500
CLIENTE215,ExcelenteSupremo,V3,10,"608,4788771",500
CLIENTE215,ExcelenteSupremo,V3,11,"608,4788771",500
CLIENTE215,ExcelenteSupremo,V3,12,"608,4788771",500
CLIENTE215,ExcelenteSupremo,V3,13,"608,4788771",500
CLIENTE215,ExcelenteSupremo,V3,14,"608,4788771",500
CLIENTE215,ExcelenteSupremo,V3,15,"608,4788771",500
CLIENTE519,InferiorRaso,V2,1,"608,4788771",100
CLIENTE519,InferiorRaso,V2,2,"608,4788771",100
CLIENTE519,InferiorRaso,V2,4,"608,4788771",100
CLIENTE519,InferiorRaso,V2,6,"608,4788771",100
CLIENTE519,InferiorRaso,V2,8,"608,4788771",100
CLIENTE519,InferiorRaso,V2,10,"608,4788771",100
CLIENTE519,InferiorRaso,V2,12,"608,4788771",100
CLIENTE519,InferiorRaso,V2,13,"608,4788771",100
CLIENTE519,InferiorRaso,V2,14,"608,4788771",100
CLIENTE688,MuitoBomPleno,V13,2,"557,6384656",1800
CLIENTE688,MuitoBomPleno,V13,4,"557,6384656",1800
CLIENTE688,MuitoBomPleno,V13,6,"557,6384656",1800
CLIENTE688,MuitoBomPleno,V13,8,"557,6384656",1800
CLIENTE688,MuitoBomPleno,V13,10,"557,6384656",1800
CLIENTE688,MuitoBomPleno,V13,12,"557,6384656",1800
CLIENTE688,MuitoBomPleno,V13,14,"557,6384656",1800
CLIENTE16,MuitoBomPleno,V16,2,"557,6384656",2000
CLIENTE16,MuitoBomPleno,V16,6,"557,6384656","9999,666667"
CLIENTE16,MuitoBomPleno,V16,8,"557,6384656","12370,66667"
CLIENTE16,MuitoBomPleno,V16,10,"557,6384656","9870,666667"
CLIENTE16,MuitoBomPleno,V16,12,"519,096315","9210,666667"
CLIENTE16,MuitoBomPleno,V16,14,"557,6384656",2000
CLIENTE16,MuitoBomPleno,V13,2,"557,6384656",6000
CLIENTE16,MuitoBomPleno,V13,14,"557,6384656",6000
CLIENTE16,MuitoBomCerto,V16,4,"557,6384656","9999,666667"
CLIENTE521,MuitoBomPleno,V16,2,"557,6384656",500
CLIENTE521,MuitoBomPleno,V16,4,"557,6384656",500
CLIENTE521,MuitoBomPleno,V16,6,"557,6384656",500
CLIENTE521,MuitoBomPleno,V16,8,"557,6384656",500
CLIENTE521,MuitoBomPleno,V16,10,"557,6384656",500
CLIENTE521,MuitoBomPleno,V16,12,"525,71935",500
CLIENTE521,MuitoBomPleno,V16,14,"557,6384656",500
CLIENTE521,MuitoBomPleno,V13,2,"557,6384656",1500
CLIENTE521,MuitoBomPleno,V13,4,"557,6384656",1000
CLIENTE521,MuitoBomPleno,V13,6,"557,6384656",1000
CLIENTE521,MuitoBomPleno,V13,8,"557,6384656",1000
CLIENTE521,MuitoBomPleno,V13,10,"557,6384656",1000
CLIENTE521,MuitoBomPleno,V13,12,"525,71935",1000
CLIENTE521,MuitoBomPleno,V13,14,"557,6384656",1500
CLIENTE306,MuitoBomPleno,V16,2,"557,6384656",3000
CLIENTE306,MuitoBomPleno,V16,6,"557,6384656",2900
CLIENTE306,MuitoBomPleno,V16,8,"557,6384656",3100
CLIENTE306,MuitoBomPleno,V16,10,"557,6384656",3100
CLIENTE306,MuitoBomPleno,V16,12,"515,71935",3100
CLIENTE306,MuitoBomPleno,V16,14,"557,6384656",3000
CLIENTE306,MuitoBomPleno,V13,2,"557,6384656",1000
CLIENTE306,MuitoBomPleno,V13,4,"557,6384656",1000
CLIENTE306,MuitoBomPleno,V13,6,"557,6384656",1000
CLIENTE306,MuitoBomPleno,V13,8,"557,6384656",1000
CLIENTE306,MuitoBomPleno,V13,10,"557,6384656",1000
CLIENTE306,MuitoBomPleno,V13,12,"515,71935",1000
CLIENTE306,MuitoBomPleno,V13,14,"557,6384656",1000
CLIENTE306,MuitoBomCerto,V16,4,"557,6384656",2900
CLIENTE463,MuitoBomPleno,V16,3,"526,0671935",0
CLIENTE463,MuitoBomPleno,V16,4,"526,0671935",0
CLIENTE463,MuitoBomPleno,V16,5,"526,0671935","177,2712432"
CLIENTE463,MuitoBomPleno,V16,6,"526,0671935","193,0297447"
CLIENTE463,MuitoBomPleno,V16,7,"526,0671935","143,2406788"
CLIENTE463,MuitoBomPleno,V16,8,"526,0671935","177,2712432"
CLIENTE463,MuitoBomPleno,V16,9,"526,0671935","193,0297447"
CLIENTE463,MuitoBomPleno,V16,10,"526,0671935","143,2406788"
CLIENTE463,MuitoBomPleno,V16,11,"526,0671935","177,2712432"
CLIENTE463,MuitoBomPleno,V16,12,"526,0671935","193,0297447"
CLIENTE463,MuitoBomPleno,V16,15,"526,0671935","53,125"
CLIENTE463,MuitoBomPleno,V13,3,"526,0671935",0
CLIENTE463,MuitoBomPleno,V13,4,"526,0671935",0
CLIENTE463,MuitoBomPleno,V13,5,"526,0671935","53,125"
CLIENTE463,MuitoBomPleno,V13,6,"526,0671935","53,125"
CLIENTE463,MuitoBomPleno,V13,7,"526,0671935","53,125"
CLIENTE463,MuitoBomPleno,V13,8,"526,0671935","53,125"
CLIENTE463,MuitoBomPleno,V13,9,"526,0671935","53,125"
CLIENTE463,MuitoBomPleno,V13,10,"526,0671935","53,125"
CLIENTE463,MuitoBomPleno,V13,11,"526,0671935","53,125"
CLIENTE463,MuitoBomPleno,V13,12,"526,0671935","53,125"
CLIENTE463,MuitoBomPleno,V13,15,"526,0671935","53,125"
CLIENTE689,MuitoBomPleno,V5,2,"608,4788771",500
CLIENTE689,MuitoBomPleno,V5,14,"608,4788771",500
CLIENTE418,InferiorRaso,V1,3,"526,0671935",558
CLIENTE418,InferiorRaso,V1,4,"526,0671935",418
CLIENTE418,InferiorRaso,V1,15,"526,0671935",558
CLIENTE418,InferiorRaso,V8,4,"526,0671935",548
CLIENTE418,InferiorRaso,V16,2,"526,0671935",5378
CLIENTE418,InferiorRaso,V16,3,"526,0671935",2000
CLIENTE418,InferiorRaso,V16,4,"526,0671935",12890
CLIENTE418,InferiorRaso,V16,14,"526,0671935",5378
CLIENTE418,InferiorRaso,V16,15,"526,0671935",2000
CLIENTE418,InferiorRaso,V12,2,"526,0671935",972
CLIENTE418,InferiorRaso,V12,4,"526,0671935",408
CLIENTE418,InferiorRaso,V12,14,"526,0671935",972
CLIENTE418,SuaveTerno,V7,1,"526,0671935",700
CLIENTE418,SuaveTerno,V7,4,"526,0671935",1386
CLIENTE418,SuaveTerno,V7,13,"526,0671935",4500
CLIENTE418,SuaveTerno,V8,1,"526,0671935",5700
CLIENTE418,SuaveTerno,V8,2,"526,0671935",24500
CLIENTE418,SuaveTerno,V8,3,"526,0671935",37500
CLIENTE418,SuaveTerno,V8,4,"526,0671935",6080
CLIENTE418,SuaveTerno,V8,13,"526,0671935",5700
CLIENTE418,SuaveTerno,V8,14,"526,0671935",24500
CLIENTE418,SuaveTerno,V8,15,"526,0671935",37500
CLIENTE418,SuaveTerno,V16,1,"526,0671935",15700
CLIENTE418,SuaveTerno,V16,2,"526,0671935",4300
CLIENTE418,SuaveTerno,V16,3,"526,0671935",15900
CLIENTE418,SuaveTerno,V16,13,"526,0671935",15700
CLIENTE418,SuaveTerno,V16,14,"526,0671935",4300
CLIENTE418,SuaveTerno,V16,15,"526,0671935",15900
CLIENTE418,MuitoBomPleno,V1,1,"526,0671935",1100
CLIENTE418,MuitoBomPleno,V1,2,"526,0671935",1000
CLIENTE418,MuitoBomPleno,V1,3,"526,0671935",1000
CLIENTE418,MuitoBomPleno,V1,4,"526,0671935",886
CLIENTE418,MuitoBomPleno,V1,13,"526,0671935",1100
CLIENTE418,MuitoBomPleno,V1,14,"526,0671935",1000
CLIENTE418,MuitoBomPleno,V1,15,"526,0671935",1000
CLIENTE418,MuitoBomPleno,V3,4,"526,0671935",9146
CLIENTE418,MuitoBomPleno,V3,13,"526,0671935",15600
CLIENTE418,MuitoBomPleno,V3,14,"526,0671935",15200
CLIENTE418,MuitoBomPleno,V3,15,"526,0671935",17928
CLIENTE418,MuitoBomPleno,V5,1,"526,0671935",16616
CLIENTE418,MuitoBomPleno,V5,2,"526,0671935",15204
CLIENTE418,MuitoBomPleno,V5,3,"526,0671935",11956
CLIENTE418,MuitoBomPleno,V5,4,"526,0671935",11669
CLIENTE418,MuitoBomPleno,V5,13,"526,0671935",16616
CLIENTE418,MuitoBomPleno,V5,14,"526,0671935",15204
CLIENTE418,MuitoBomPleno,V5,15,"526,0671935",11956
CLIENTE418,MuitoBomPleno,V7,1,"526,0671935",15110
CLIENTE418,MuitoBomPleno,V7,2,"526,0671935",14062
CLIENTE418,MuitoBomPleno,V7,3,"526,0671935",32850
CLIENTE418,MuitoBomPleno,V7,4,"526,0671935",18748
CLIENTE418,MuitoBomPleno,V7,13,"526,0671935",15110
CLIENTE418,MuitoBomPleno,V7,14,"526,0671935",14062
CLIENTE418,MuitoBomPleno,V7,15,"526,0671935",32850
CLIENTE418,MuitoBomPleno,V8,1,"526,0671935",12250
CLIENTE418,MuitoBomPleno,V8,2,"526,0671935",30800
CLIENTE418,MuitoBomPleno,V8,3,"526,0671935",18690
CLIENTE418,MuitoBomPleno,V8,4,"526,0671935",38084
CLIENTE418,MuitoBomPleno,V8,13,"526,0671935",12250
CLIENTE418,MuitoBomPleno,V8,14,"526,0671935",30800
CLIENTE418,MuitoBomPleno,V8,15,"526,0671935",18690
CLIENTE418,MuitoBomPleno,V16,1,"526,0671935",86416
CLIENTE418,MuitoBomPleno,V16,2,"526,0671935",133448
CLIENTE418,MuitoBomPleno,V16,3,"526,0671935",118140
CLIENTE418,MuitoBomPleno,V16,13,"526,0671935",84154
CLIENTE418,MuitoBomPleno,V16,14,"526,0671935",128828
CLIENTE418,MuitoBomPleno,V16,15,"526,0671935",115440
CLIENTE418,MuitoBomPleno,V12,1,"526,0671935",4904
CLIENTE418,MuitoBomPleno,V12,2,"526,0671935",44296
CLIENTE418,MuitoBomPleno,V12,3,"526,0671935",24804
CLIENTE418,MuitoBomPleno,V12,4,"526,0671935",18746
CLIENTE418,MuitoBomPleno,V12,13,"526,0671935",4904
CLIENTE418,MuitoBomPleno,V12,14,"526,0671935",44296
CLIENTE418,MuitoBomPleno,V12,15,"526,0671935",24804
CLIENTE418,MuitoBomPleno,V13,1,"526,0671935",38360
CLIENTE418,MuitoBomPleno,V13,2,"526,0671935",94388
CLIENTE418,MuitoBomPleno,V13,3,"526,0671935",53700
CLIENTE418,MuitoBomPleno,V13,4,"526,0671935",44552
CLIENTE418,MuitoBomPleno,V13,13,"526,0671935",37660
CLIENTE418,MuitoBomPleno,V13,14,"526,0671935",86026
CLIENTE418,MuitoBomPleno,V13,15,"526,0671935",53700
CLIENTE418,MuitoBomPleno,V15,1,"526,0671935",11000
CLIENTE418,MuitoBomPleno,V15,2,"526,0671935",8000
CLIENTE418,MuitoBomPleno,V15,3,"526,0671935",10864
CLIENTE418,MuitoBomPleno,V15,4,"526,0671935",5276
CLIENTE418,MuitoBomPleno,V15,13,"526,0671935",11000
CLIENTE418,MuitoBomPleno,V15,14,"526,0671935",8000
CLIENTE418,MuitoBomPleno,V15,15,"526,0671935",10864
CLIENTE418,MuitoBomCerto,V16,4,"526,0671935",68259
CLIENTE418,MuitoBomBrando,V3,1,"526,0671935",15600
CLIENTE418,MuitoBomBrando,V3,2,"526,0671935",15200
CLIENTE418,MuitoBomBrando,V3,3,"526,0671935",17928
CLIENTE418,Extra prime,V13,2,"526,0671935",4300
CLIENTE418,Extra prime,V13,3,"526,0671935",5000
CLIENTE418,MuitoBomIntenso,V9,1,"526,0671935","2841,6"
CLIENTE418,MuitoBomIntenso,V9,2,"526,0671935","1740,8"
CLIENTE418,MuitoBomIntenso,V9,3,"526,0671935","537,6"
CLIENTE418,MuitoBomIntenso,V9,4,"526,0671935","691,2"
CLIENTE418,MuitoBomIntenso,V9,13,"526,0671935","2841,6"
CLIENTE418,MuitoBomIntenso,V9,14,"526,0671935","1740,8"
CLIENTE418,MuitoBomIntenso,V9,15,"526,0671935","537,6"
CLIENTE418,ExcelenteSupremo,V1,1,"526,0671935",8436
CLIENTE418,ExcelenteSupremo,V1,2,"526,0671935",7802
CLIENTE418,ExcelenteSupremo,V1,4,"526,0671935",2304
CLIENTE418,ExcelenteSupremo,V1,13,"526,0671935",8436
CLIENTE418,ExcelenteSupremo,V1,14,"526,0671935",7802
CLIENTE418,ExcelenteSupremo,V3,2,"526,0671935",9468
CLIENTE418,ExcelenteSupremo,V3,3,"526,0671935",8796
CLIENTE418,ExcelenteSupremo,V3,4,"526,0671935",9772
CLIENTE418,ExcelenteSupremo,V3,14,"526,0671935",9468
CLIENTE418,ExcelenteSupremo,V3,15,"526,0671935",8796
CLIENTE418,ExcelenteSupremo,V7,1,"526,0671935",7700
CLIENTE418,ExcelenteSupremo,V7,3,"526,0671935",2000
CLIENTE418,ExcelenteSupremo,V7,4,"526,0671935",2610
CLIENTE418,ExcelenteSupremo,V7,13,"526,0671935",4500
CLIENTE418,ExcelenteSupremo,V7,15,"526,0671935",2000
CLIENTE418,ExcelenteSupremo,V8,1,"526,0671935",11148
CLIENTE418,ExcelenteSupremo,V8,2,"526,0671935",14800
CLIENTE418,ExcelenteSupremo,V8,4,"526,0671935",84
CLIENTE418,ExcelenteSupremo,V8,13,"526,0671935",11148
CLIENTE418,ExcelenteSupremo,V8,14,"526,0671935",14800
CLIENTE418,ExcelenteSupremo,V16,1,"526,0671935",6504
CLIENTE418,ExcelenteSupremo,V16,2,"526,0671935",7340
CLIENTE418,ExcelenteSupremo,V16,4,"526,0671935",9390
CLIENTE418,ExcelenteSupremo,V16,13,"526,0671935",6504
CLIENTE418,ExcelenteSupremo,V16,14,"526,0671935",7340
CLIENTE418,ExcelenteSupremo,V13,2,"526,0671935",12596
CLIENTE418,ExcelenteSupremo,V13,3,"526,0671935",12636
CLIENTE418,ExcelenteSupremo,V13,4,"526,0671935",1784
CLIENTE418,ExcelenteSupremo,V13,13,"526,0671935",2000
CLIENTE418,ExcelenteSupremo,V13,14,"526,0671935",27258
CLIENTE418,ExcelenteSupremo,V13,15,"526,0671935",17636
CLIENTE418,ImpuroMarcado,V8,1,"526,0671935",3000
CLIENTE418,ImpuroMarcado,V8,2,"526,0671935",10000
CLIENTE418,ImpuroMarcado,V8,3,"526,0671935",2000
CLIENTE418,ImpuroMarcado,V8,4,"526,0671935",3062
CLIENTE418,ImpuroMarcado,V8,13,"526,0671935",3000
CLIENTE418,ImpuroMarcado,V8,14,"526,0671935",10000
CLIENTE418,ImpuroMarcado,V8,15,"526,0671935",2000
CLIENTE418,AlteradoReverso,V5,1,"526,0671935",1560
CLIENTE418,AlteradoReverso,V5,2,"526,0671935",8320
CLIENTE418,AlteradoReverso,V5,3,"526,0671935",4680
CLIENTE418,AlteradoReverso,V5,4,"526,0671935",4680
CLIENTE418,AlteradoReverso,V5,13,"526,0671935",1560
CLIENTE418,AlteradoReverso,V5,14,"526,0671935",8320
CLIENTE418,AlteradoReverso,V5,15,"526,0671935",4680
CLIENTE418,LimpoSombrio,V1,4,"526,0671935",1182
CLIENTE418,LimpoTenaz,V1,4,"526,0671935",18918
CLIENTE418,ArtificialZero,V5,1,"526,0671935",1924
CLIENTE418,ArtificialZero,V5,13,"526,0671935",1924
CLIENTE418,ArtificialZero,V8,1,"526,0671935",6000
CLIENTE418,ArtificialZero,V8,3,"526,0671935",7000
CLIENTE418,ArtificialZero,V8,4,"526,0671935",4500
CLIENTE418,ArtificialZero,V8,13,"526,0671935",6000
CLIENTE418,ArtificialZero,V8,15,"526,0671935",7000
CLIENTE418,ArtificialCinco,V16,1,"526,0671935",208
CLIENTE418,ArtificialCinco,V16,2,"526,0671935",52
CLIENTE418,ArtificialCinco,V16,13,"526,0671935",208
CLIENTE418,ArtificialCinco,V16,14,"526,0671935",52
CLIENTE418,ArtificialSigma,V13,1,"526,0671935",11120
CLIENTE418,ArtificialSigma,V13,2,"526,0671935",16380
CLIENTE418,ArtificialSigma,V13,3,"526,0671935",17000
CLIENTE418,ArtificialSigma,V13,4,"526,0671935",10760
CLIENTE418,ArtificialSigma,V13,13,"526,0671935",11120
CLIENTE418,ArtificialSigma,V13,14,"526,0671935",16380
CLIENTE418,ArtificialSigma,V13,15,"526,0671935",17000
CLIENTE18,ResistenteFirme,V2,1,"557,6384656",434
CLIENTE18,ResistenteFirme,V2,2,"557,6384656",682
CLIENTE18,ResistenteFirme,V2,3,"557,6384656",620
CLIENTE18,ResistenteFirme,V2,4,"557,6384656",682
CLIENTE18,ResistenteFirme,V2,5,"557,6384656",620
CLIENTE18,ResistenteFirme,V2,6,"557,6384656",620
CLIENTE18,ResistenteFirme,V2,7,"557,6384656","716,6666667"
CLIENTE18,ResistenteFirme,V2,8,"557,6384656","716,6666667"
CLIENTE18,ResistenteFirme,V2,9,"557,6384656","716,6666667"
CLIENTE18,ResistenteFirme,V2,10,"557,6384656","716,6666667"
CLIENTE18,ResistenteFirme,V2,11,"557,6384656","716,6666667"
CLIENTE18,ResistenteFirme,V2,12,"537,525","550,6666667"
CLIENTE18,ResistenteFirme,V2,13,"557,6384656",434
CLIENTE18,ResistenteFirme,V2,14,"557,6384656",682
CLIENTE18,ResistenteFirme,V2,15,"557,6384656",620
CLIENTE18,PuroAustero,V3,1,"557,6384656",248
CLIENTE18,PuroAustero,V3,2,"557,6384656",248
CLIENTE18,PuroAustero,V3,3,"557,6384656",310
CLIENTE18,PuroAustero,V3,4,"557,6384656",372
CLIENTE18,PuroAustero,V3,5,"557,6384656",310
CLIENTE18,PuroAustero,V3,6,"557,6384656",434
CLIENTE18,PuroAustero,V3,7,"557,6384656","383,3333333"
CLIENTE18,PuroAustero,V3,8,"557,6384656","383,3333333"
CLIENTE18,PuroAustero,V3,9,"557,6384656","383,3333333"
CLIENTE18,PuroAustero,V3,10,"557,6384656","383,3333333"
CLIENTE18,PuroAustero,V3,11,"557,6384656","383,3333333"
CLIENTE18,PuroAustero,V3,12,"537,525","383,3333333"
CLIENTE18,PuroAustero,V3,13,"557,6384656",248
CLIENTE18,PuroAustero,V3,14,"557,6384656",248
CLIENTE18,PuroAustero,V3,15,"557,6384656",310
CLIENTE18,ArtificialTres,V2,2,"557,6384656",40
CLIENTE18,ArtificialTres,V2,3,"557,6384656",140
CLIENTE18,ArtificialTres,V2,4,"557,6384656",40
CLIENTE18,ArtificialTres,V2,5,"557,6384656",140
CLIENTE18,ArtificialTres,V2,6,"557,6384656",40
CLIENTE18,ArtificialTres,V2,7,"557,6384656",140
CLIENTE18,ArtificialTres,V2,8,"557,6384656",140
CLIENTE18,ArtificialTres,V2,9,"557,6384656",140
CLIENTE18,ArtificialTres,V2,10,"557,6384656",140
CLIENTE18,ArtificialTres,V2,11,"557,6384656",140
CLIENTE18,ArtificialTres,V2,12,"537,525",140
CLIENTE18,ArtificialTres,V2,14,"557,6384656",40
CLIENTE18,ArtificialTres,V2,15,"557,6384656",140
CLIENTE568,NaturalClaro,V1,2,"557,6384656",452
CLIENTE568,NaturalClaro,V1,4,"557,6384656",1000
CLIENTE568,NaturalClaro,V1,5,"557,6384656",1000
CLIENTE568,NaturalClaro,V1,6,"557,6384656",1000
CLIENTE568,NaturalClaro,V1,14,"557,6384656",452
CLIENTE568,PraticoLeve,V1,1,"557,6384656",300
CLIENTE568,PraticoLeve,V1,13,"557,6384656",300
CLIENTE568,NeutroSuave,V13,2,"557,6384656",2500
CLIENTE568,NeutroSuave,V13,3,"557,6384656",2500
CLIENTE568,NeutroSuave,V13,4,"557,6384656",2500
CLIENTE568,NeutroSuave,V13,5,"557,6384656",2500
CLIENTE568,NeutroSuave,V13,6,"557,6384656",2500
CLIENTE568,NeutroSuave,V13,7,"557,6384656",2500
CLIENTE568,NeutroSuave,V13,8,"557,6384656",2500
CLIENTE568,NeutroSuave,V13,9,"557,6384656",2500
CLIENTE568,NeutroSuave,V13,10,"557,6384656",2500
CLIENTE568,NeutroSuave,V13,11,"557,6384656",2500
CLIENTE568,NeutroSuave,V13,12,"557,6384656",2500
CLIENTE568,NeutroSuave,V13,14,"557,6384656",2500
CLIENTE568,NeutroSuave,V13,15,"557,6384656",2500
CLIENTE19,MuitoBomPleno,V13,1,"557,6384656",800
CLIENTE19,MuitoBomPleno,V13,2,"557,6384656",600
CLIENTE19,MuitoBomPleno,V13,3,"557,6384656",600
CLIENTE19,MuitoBomPleno,V13,4,"557,6384656",550
CLIENTE19,MuitoBomPleno,V13,5,"557,6384656",550
CLIENTE19,MuitoBomPleno,V13,6,"557,6384656",550
CLIENTE19,MuitoBomPleno,V13,7,"557,6384656",550
CLIENTE19,MuitoBomPleno,V13,8,"557,6384656",550
CLIENTE19,MuitoBomPleno,V13,9,"557,6384656",550
CLIENTE19,MuitoBomPleno,V13,10,"557,6384656",550
CLIENTE19,MuitoBomPleno,V13,11,"557,6384656",550
CLIENTE19,MuitoBomPleno,V13,12,"579,15",550
CLIENTE19,MuitoBomPleno,V13,13,"557,6384656",800
CLIENTE19,MuitoBomPleno,V13,14,"557,6384656",600
CLIENTE19,MuitoBomPleno,V13,15,"557,6384656",600
CLIENTE472,MuitoBomPleno,V5,5,"526,0671935","233,687046"
CLIENTE472,MuitoBomPleno,V5,6,"526,0671935","263,3501076"
CLIENTE472,MuitoBomPleno,V5,7,"526,0671935","169,629513"
CLIENTE472,MuitoBomPleno,V5,8,"526,0671935","233,687046"
CLIENTE472,MuitoBomPleno,V5,9,"526,0671935","263,3501076"
CLIENTE472,MuitoBomPleno,V5,10,"526,0671935","169,629513"
CLIENTE472,MuitoBomPleno,V5,11,"526,0671935","233,687046"
CLIENTE472,MuitoBomPleno,V5,12,"526,0671935","263,3501076"
CLIENTE20,LimpoSombrio,V1,1,"526,0671935",2600
CLIENTE20,LimpoSombrio,V1,2,"526,0671935","2664,112583"
CLIENTE20,LimpoSombrio,V1,3,"526,0671935","2664,112583"
CLIENTE20,LimpoSombrio,V1,4,"526,0671935","2664,112583"
CLIENTE20,LimpoSombrio,V1,5,"526,0671935","2664,112583"
CLIENTE20,LimpoSombrio,V1,6,"526,0671935","2664,112583"
CLIENTE20,LimpoSombrio,V1,7,"526,0671935","2664,112583"
CLIENTE20,LimpoSombrio,V1,8,"526,0671935","2664,112583"
CLIENTE20,LimpoSombrio,V1,9,"526,0671935","2664,112583"
CLIENTE20,LimpoSombrio,V1,10,"526,0671935","2664,112583"
CLIENTE20,LimpoSombrio,V1,11,"526,0671935","2664,112583"
CLIENTE20,LimpoSombrio,V1,12,"526,0671935","2664,112583"
CLIENTE20,LimpoSombrio,V1,13,"526,0671935",2600
CLIENTE20,LimpoSombrio,V1,14,"526,0671935","2664,112583"
CLIENTE20,LimpoSombrio,V1,15,"526,0671935","2664,112583"
CLIENTE20,ArtificialUm,V1,1,"526,0671935",2000
CLIENTE20,ArtificialUm,V1,2,"526,0671935","1666,666667"
CLIENTE20,ArtificialUm,V1,3,"526,0671935","1666,666667"
CLIENTE20,ArtificialUm,V1,4,"526,0671935","1666,666667"
CLIENTE20,ArtificialUm,V1,5,"526,0671935","1666,666667"
CLIENTE20,ArtificialUm,V1,6,"526,0671935","1666,666667"
CLIENTE20,ArtificialUm,V1,7,"526,0671935","1666,666667"
CLIENTE20,ArtificialUm,V1,8,"526,0671935","1666,666667"
CLIENTE20,ArtificialUm,V1,9,"526,0671935","1666,666667"
CLIENTE20,ArtificialUm,V1,10,"526,0671935","1666,666667"
CLIENTE20,ArtificialUm,V1,11,"526,0671935","1666,666667"
CLIENTE20,ArtificialUm,V1,12,"526,0671935","1666,666667"
CLIENTE20,ArtificialUm,V1,13,"526,0671935",2000
CLIENTE20,ArtificialUm,V1,14,"526,0671935","1666,666667"
CLIENTE20,ArtificialUm,V1,15,"526,0671935","1666,666667"
CLIENTE243,MuitoBomPleno,V5,5,"526,0671935","139,5111665"
CLIENTE243,MuitoBomPleno,V5,6,"526,0671935","157,2200142"
CLIENTE243,MuitoBomPleno,V5,7,"526,0671935","101,2688193"
CLIENTE243,MuitoBomPleno,V5,8,"526,0671935","139,5111665"
CLIENTE243,MuitoBomPleno,V5,9,"526,0671935","157,2200142"
CLIENTE243,MuitoBomPleno,V5,10,"526,0671935","101,2688193"
CLIENTE243,MuitoBomPleno,V5,11,"526,0671935","139,5111665"
CLIENTE243,MuitoBomPleno,V5,12,"526,0671935","157,2200142"
CLIENTE464,MuitoBomPleno,V16,3,"526,0671935",0
CLIENTE464,MuitoBomPleno,V16,4,"526,0671935",0
CLIENTE464,MuitoBomPleno,V16,5,"526,0671935","50,05305691"
CLIENTE464,MuitoBomPleno,V16,6,"526,0671935","54,50251614"
CLIENTE464,MuitoBomPleno,V16,7,"526,0671935","40,44442695"
CLIENTE464,MuitoBomPleno,V16,8,"526,0671935","50,05305691"
CLIENTE464,MuitoBomPleno,V16,9,"526,0671935","54,50251614"
CLIENTE464,MuitoBomPleno,V16,10,"526,0671935","40,44442695"
CLIENTE464,MuitoBomPleno,V16,11,"526,0671935","50,05305691"
CLIENTE464,MuitoBomPleno,V16,12,"526,0671935","54,50251614"
CLIENTE464,MuitoBomPleno,V16,15,"526,0671935",15
CLIENTE464,MuitoBomPleno,V13,3,"526,0671935",0
CLIENTE464,MuitoBomPleno,V13,4,"526,0671935",0
CLIENTE464,MuitoBomPleno,V13,5,"526,0671935",15
CLIENTE464,MuitoBomPleno,V13,6,"526,0671935",15
CLIENTE464,MuitoBomPleno,V13,7,"526,0671935",15
CLIENTE464,MuitoBomPleno,V13,8,"526,0671935",15
CLIENTE464,MuitoBomPleno,V13,9,"526,0671935",15
CLIENTE464,MuitoBomPleno,V13,10,"526,0671935",15
CLIENTE464,MuitoBomPleno,V13,11,"526,0671935",15
CLIENTE464,MuitoBomPleno,V13,12,"526,0671935",15
CLIENTE464,MuitoBomPleno,V13,15,"526,0671935",15
CLIENTE465,MuitoBomPleno,V16,3,"526,0671935",0
CLIENTE465,MuitoBomPleno,V16,4,"526,0671935",0
CLIENTE465,MuitoBomPleno,V16,5,"526,0671935","469,6889479"
CLIENTE465,MuitoBomPleno,V16,6,"526,0671935","496,5075431"
CLIENTE465,MuitoBomPleno,V16,7,"526,0671935","411,7740544"
CLIENTE465,MuitoBomPleno,V16,8,"526,0671935","469,6889479"
CLIENTE465,MuitoBomPleno,V16,9,"526,0671935","496,5075431"
CLIENTE465,MuitoBomPleno,V16,10,"526,0671935","411,7740544"
CLIENTE465,MuitoBomPleno,V16,11,"526,0671935","469,6889479"
CLIENTE465,MuitoBomPleno,V16,12,"526,0671935","496,5075431"
CLIENTE465,MuitoBomPleno,V16,15,"526,0671935","258,4107461"
BCL PAPER,MuitoBomPleno,V16,3,"526,0671935",0
BCL PAPER,MuitoBomPleno,V16,4,"526,0671935",0
BCL PAPER,MuitoBomPleno,V16,5,"526,0671935","406,8479309"
BCL PAPER,MuitoBomPleno,V16,6,"526,0671935","443,0146187"
BCL PAPER,MuitoBomPleno,V16,7,"526,0671935","328,7457838"
BCL PAPER,MuitoBomPleno,V16,8,"526,0671935","406,8479309"
BCL PAPER,MuitoBomPleno,V16,9,"526,0671935","443,0146187"
BCL PAPER,MuitoBomPleno,V16,10,"526,0671935","328,7457838"
BCL PAPER,MuitoBomPleno,V16,11,"526,0671935","406,8479309"
BCL PAPER,MuitoBomPleno,V16,12,"526,0671935","443,0146187"
BCL PAPER,MuitoBomPleno,V16,15,"526,0671935","121,925"
BCL PAPER,MuitoBomPleno,V13,3,"526,0671935",0
BCL PAPER,MuitoBomPleno,V13,4,"526,0671935",0
BCL PAPER,MuitoBomPleno,V13,5,"526,0671935","121,925"
BCL PAPER,MuitoBomPleno,V13,6,"526,0671935","121,925"
BCL PAPER,MuitoBomPleno,V13,7,"526,0671935","121,925"
BCL PAPER,MuitoBomPleno,V13,8,"526,0671935","121,925"
BCL PAPER,MuitoBomPleno,V13,9,"526,0671935","121,925"
BCL PAPER,MuitoBomPleno,V13,10,"526,0671935","121,925"
BCL PAPER,MuitoBomPleno,V13,11,"526,0671935","121,925"
BCL PAPER,MuitoBomPleno,V13,12,"526,0671935","121,925"
BCL PAPER,MuitoBomPleno,V13,15,"526,0671935","121,925"
CLIENTE672,MuitoBomPleno,V5,5,"526,0671935","124,094131"
CLIENTE672,MuitoBomPleno,V5,6,"526,0671935","139,8460176"
CLIENTE672,MuitoBomPleno,V5,7,"526,0671935","90,07785142"
CLIENTE672,MuitoBomPleno,V5,8,"526,0671935","124,094131"
CLIENTE672,MuitoBomPleno,V5,9,"526,0671935","139,8460176"
CLIENTE672,MuitoBomPleno,V5,10,"526,0671935","90,07785142"
CLIENTE672,MuitoBomPleno,V5,11,"526,0671935","124,094131"
CLIENTE672,MuitoBomPleno,V5,12,"526,0671935","139,8460176"
CLIENTE646,MuitoBomPleno,V16,3,"526,0671935",0
CLIENTE646,MuitoBomPleno,V16,4,"526,0671935",0
CLIENTE646,MuitoBomPleno,V16,5,"526,0671935","560,3469656"
CLIENTE646,MuitoBomPleno,V16,6,"526,0671935","598,673235"
CLIENTE646,MuitoBomPleno,V16,7,"526,0671935","477,5811912"
CLIENTE646,MuitoBomPleno,V16,8,"526,0671935","560,3469656"
CLIENTE646,MuitoBomPleno,V16,9,"526,0671935","598,673235"
CLIENTE646,MuitoBomPleno,V16,10,"526,0671935","477,5811912"
CLIENTE646,MuitoBomPleno,V16,11,"526,0671935","560,3469656"
CLIENTE646,MuitoBomPleno,V16,12,"526,0671935","598,673235"
CLIENTE646,MuitoBomPleno,V16,15,"526,0671935","258,4107461"
CLIENTE576,MuitoBomPleno,V16,3,"526,0671935",0
CLIENTE576,MuitoBomPleno,V16,4,"526,0671935",0
CLIENTE576,MuitoBomPleno,V16,5,"526,0671935","258,4107461"
CLIENTE576,MuitoBomPleno,V16,6,"526,0671935","258,4107461"
CLIENTE576,MuitoBomPleno,V16,7,"526,0671935","258,4107461"
CLIENTE576,MuitoBomPleno,V16,8,"526,0671935","258,4107461"
CLIENTE576,MuitoBomPleno,V16,9,"526,0671935","258,4107461"
CLIENTE576,MuitoBomPleno,V16,10,"526,0671935","258,4107461"
CLIENTE576,MuitoBomPleno,V16,11,"526,0671935","258,4107461"
CLIENTE576,MuitoBomPleno,V16,12,"526,0671935","258,4107461"
CLIENTE576,MuitoBomPleno,V16,15,"526,0671935","258,4107461"
CLIENTE631,MuitoBomPleno,V16,3,"526,0671935",0
CLIENTE631,MuitoBomPleno,V16,4,"526,0671935",0
CLIENTE631,MuitoBomPleno,V16,5,"526,0671935","516,8214921"
CLIENTE631,MuitoBomPleno,V16,6,"526,0671935","516,8214921"
CLIENTE631,MuitoBomPleno,V16,7,"526,0671935","516,8214921"
CLIENTE631,MuitoBomPleno,V16,8,"526,0671935","516,8214921"
CLIENTE631,MuitoBomPleno,V16,9,"526,0671935","516,8214921"
CLIENTE631,MuitoBomPleno,V16,10,"526,0671935","516,8214921"
CLIENTE631,MuitoBomPleno,V16,11,"526,0671935","516,8214921"
CLIENTE631,MuitoBomPleno,V16,12,"526,0671935","516,8214921"
CLIENTE631,MuitoBomPleno,V16,15,"526,0671935","516,8214921"
CLIENTE518,MuitoBomPleno,V16,3,"526,0671935",0
CLIENTE518,MuitoBomPleno,V16,4,"526,0671935",0
CLIENTE518,MuitoBomPleno,V16,5,"526,0671935","1259,877027"
CLIENTE518,MuitoBomPleno,V16,6,"526,0671935","1298,203297"
CLIENTE518,MuitoBomPleno,V16,7,"526,0671935","1177,111253"
CLIENTE518,MuitoBomPleno,V16,8,"526,0671935","1259,877027"
CLIENTE518,MuitoBomPleno,V16,9,"526,0671935","1298,203297"
CLIENTE518,MuitoBomPleno,V16,10,"526,0671935","1177,111253"
CLIENTE518,MuitoBomPleno,V16,11,"526,0671935","1259,877027"
CLIENTE518,MuitoBomPleno,V16,12,"526,0671935","1298,203297"
CLIENTE518,MuitoBomPleno,V16,15,"526,0671935","957,9408079"
CLIENTE582,MuitoBomPleno,V16,3,"526,0671935",0
CLIENTE582,MuitoBomPleno,V16,4,"526,0671935",0
CLIENTE582,MuitoBomPleno,V16,5,"526,0671935","560,3469656"
CLIENTE582,MuitoBomPleno,V16,6,"526,0671935","598,673235"
CLIENTE582,MuitoBomPleno,V16,7,"526,0671935","477,5811912"
CLIENTE582,MuitoBomPleno,V16,8,"526,0671935","560,3469656"
CLIENTE582,MuitoBomPleno,V16,9,"526,0671935","598,673235"
CLIENTE582,MuitoBomPleno,V16,10,"526,0671935","477,5811912"
CLIENTE582,MuitoBomPleno,V16,11,"526,0671935","560,3469656"
CLIENTE582,MuitoBomPleno,V16,12,"526,0671935","598,673235"
CLIENTE582,MuitoBomPleno,V16,15,"526,0671935","258,4107461"
CLIENTE21,MuitoBomPleno,V16,1,"557,6384656",330
CLIENTE21,MuitoBomPleno,V16,2,"557,6384656",330
CLIENTE21,MuitoBomPleno,V16,3,"557,6384656",330
CLIENTE21,MuitoBomPleno,V16,4,"557,6384656",455
CLIENTE21,MuitoBomPleno,V16,5,"557,6384656",455
CLIENTE21,MuitoBomPleno,V16,6,"557,6384656",455
CLIENTE21,MuitoBomPleno,V16,7,"557,6384656",580
CLIENTE21,MuitoBomPleno,V16,8,"557,6384656",580
CLIENTE21,MuitoBomPleno,V16,9,"557,6384656",580
CLIENTE21,MuitoBomPleno,V16,10,"557,6384656",580
CLIENTE21,MuitoBomPleno,V16,11,"557,6384656",580
CLIENTE21,MuitoBomPleno,V16,12,"579,3375905",580
CLIENTE21,MuitoBomPleno,V16,13,"557,6384656",330
CLIENTE21,MuitoBomPleno,V16,14,"557,6384656",330
CLIENTE21,MuitoBomPleno,V16,15,"557,6384656",330
CLIENTE21,ExcelenteSupremo,V2,1,"557,6384656",250
CLIENTE21,ExcelenteSupremo,V2,2,"557,6384656",250
CLIENTE21,ExcelenteSupremo,V2,3,"557,6384656",250
CLIENTE21,ExcelenteSupremo,V2,4,"557,6384656",125
CLIENTE21,ExcelenteSupremo,V2,5,"557,6384656",125
CLIENTE21,ExcelenteSupremo,V2,6,"557,6384656",125
CLIENTE21,ExcelenteSupremo,V2,13,"557,6384656",250
CLIENTE21,ExcelenteSupremo,V2,14,"557,6384656",250
CLIENTE21,ExcelenteSupremo,V2,15,"557,6384656",250
CLIENTE22,MuitoBomPleno,V12,1,"557,6384656","247,0627294"
CLIENTE22,MuitoBomPleno,V12,2,"557,6384656","112,0627294"
CLIENTE22,MuitoBomPleno,V12,3,"557,6384656","262,0627294"
CLIENTE22,MuitoBomPleno,V12,4,"557,6384656","187,0627294"
CLIENTE22,MuitoBomPleno,V12,5,"557,6384656","187,0627294"
CLIENTE22,MuitoBomPleno,V12,6,"557,6384656","187,0627294"
CLIENTE22,MuitoBomPleno,V12,7,"557,6384656","187,0627294"
CLIENTE22,MuitoBomPleno,V12,8,"557,6384656","187,0627294"
CLIENTE22,MuitoBomPleno,V12,9,"557,6384656","187,0627294"
CLIENTE22,MuitoBomPleno,V12,10,"557,6384656","187,0627294"
CLIENTE22,MuitoBomPleno,V12,11,"557,6384656","187,0627294"
CLIENTE22,MuitoBomPleno,V12,12,"556,5","187,0627294"
CLIENTE22,MuitoBomPleno,V12,13,"557,6384656","247,0627294"
CLIENTE22,MuitoBomPleno,V12,14,"557,6384656","112,0627294"
CLIENTE22,MuitoBomPleno,V12,15,"557,6384656","262,0627294"
CLIENTE23,MuitoBomPleno,V16,3,"557,6384656",300
CLIENTE23,MuitoBomPleno,V16,15,"557,6384656",300
CLIENTE23,MuitoBomPleno,V13,1,"557,6384656",2100
CLIENTE23,MuitoBomPleno,V13,2,"557,6384656",2200
CLIENTE23,MuitoBomPleno,V13,3,"557,6384656",1900
CLIENTE23,MuitoBomPleno,V13,4,"557,6384656",2200
CLIENTE23,MuitoBomPleno,V13,5,"557,6384656",2200
CLIENTE23,MuitoBomPleno,V13,6,"557,6384656",2200
CLIENTE23,MuitoBomPleno,V13,7,"557,6384656",2200
CLIENTE23,MuitoBomPleno,V13,8,"557,6384656",2200
CLIENTE23,MuitoBomPleno,V13,9,"557,6384656",2200
CLIENTE23,MuitoBomPleno,V13,10,"557,6384656",2200
CLIENTE23,MuitoBomPleno,V13,11,"557,6384656",2200
CLIENTE23,MuitoBomPleno,V13,12,"532,0426307",2200
CLIENTE23,MuitoBomPleno,V13,13,"557,6384656",2100
CLIENTE23,MuitoBomPleno,V13,14,"557,6384656",2200
CLIENTE23,MuitoBomPleno,V13,15,"557,6384656",1900
CLIENTE23,ArtificialCinco,V16,2,"557,6384656",200
CLIENTE23,ArtificialCinco,V16,14,"557,6384656",200
CLIENTE24,EscuroSereno,V2,1,"557,6384656",1730
CLIENTE24,EscuroSereno,V2,2,"557,6384656",1650
CLIENTE24,EscuroSereno,V2,3,"557,6384656",1820
CLIENTE24,EscuroSereno,V2,4,"557,6384656",1092
CLIENTE24,EscuroSereno,V2,5,"557,6384656",1014
CLIENTE24,EscuroSereno,V2,6,"557,6384656",1763
CLIENTE24,EscuroSereno,V2,7,"557,6384656",1332
CLIENTE24,EscuroSereno,V2,8,"557,6384656",1624
CLIENTE24,EscuroSereno,V2,9,"557,6384656",1179
CLIENTE24,EscuroSereno,V2,10,"557,6384656",1536
CLIENTE24,EscuroSereno,V2,11,"557,6384656",1330
CLIENTE24,EscuroSereno,V2,12,560,1330
CLIENTE24,EscuroSereno,V2,13,"557,6384656",1730
CLIENTE24,EscuroSereno,V2,14,"557,6384656",1650
CLIENTE24,EscuroSereno,V2,15,"557,6384656",1820
CLIENTE181,MuitoBomPleno,V16,1,"608,4788771","179,2422702"
CLIENTE181,MuitoBomPleno,V16,2,"608,4788771",500
CLIENTE181,MuitoBomPleno,V16,3,"608,4788771",500
CLIENTE181,MuitoBomPleno,V16,4,"608,4788771",1000
CLIENTE181,MuitoBomPleno,V16,5,"608,4788771",500
CLIENTE181,MuitoBomPleno,V16,6,"608,4788771",500
CLIENTE181,MuitoBomPleno,V16,7,"608,4788771",1000
CLIENTE181,MuitoBomPleno,V16,8,"608,4788771",500
CLIENTE181,MuitoBomPleno,V16,9,"608,4788771",500
CLIENTE181,MuitoBomPleno,V16,10,"608,4788771",1000
CLIENTE181,MuitoBomPleno,V16,11,"608,4788771",500
CLIENTE181,MuitoBomPleno,V16,12,"583,2",500
CLIENTE181,MuitoBomPleno,V16,13,"608,4788771","179,2422702"
CLIENTE181,MuitoBomPleno,V16,14,"608,4788771",500
CLIENTE181,MuitoBomPleno,V16,15,"608,4788771",500
CLIENTE25,MuitoBomPleno,V16,1,"608,4788771",500
CLIENTE25,MuitoBomPleno,V16,2,"608,4788771",500
CLIENTE25,MuitoBomPleno,V16,3,"608,4788771",500
CLIENTE25,MuitoBomPleno,V16,4,"608,4788771",500
CLIENTE25,MuitoBomPleno,V16,5,"608,4788771",500
CLIENTE25,MuitoBomPleno,V16,6,"608,4788771",500
CLIENTE25,MuitoBomPleno,V16,7,"608,4788771",500
CLIENTE25,MuitoBomPleno,V16,8,"608,4788771",500
CLIENTE25,MuitoBomPleno,V16,9,"608,4788771",500
CLIENTE25,MuitoBomPleno,V16,10,"608,4788771",500
CLIENTE25,MuitoBomPleno,V16,11,"608,4788771",500
CLIENTE25,MuitoBomPleno,V16,12,"637,2",500
CLIENTE25,MuitoBomPleno,V16,13,"608,4788771",500
CLIENTE25,MuitoBomPleno,V16,14,"608,4788771",500
CLIENTE25,MuitoBomPleno,V16,15,"608,4788771",500
CLIENTE388,MuitoBomPleno,V16,1,"608,4788771",500
CLIENTE388,MuitoBomPleno,V16,2,"608,4788771",500
CLIENTE388,MuitoBomPleno,V16,3,"608,4788771",500
CLIENTE388,MuitoBomPleno,V16,4,"608,4788771",500
CLIENTE388,MuitoBomPleno,V16,5,"608,4788771",500
CLIENTE388,MuitoBomPleno,V16,6,"608,4788771",500
CLIENTE388,MuitoBomPleno,V16,7,"608,4788771",500
CLIENTE388,MuitoBomPleno,V16,8,"608,4788771",500
CLIENTE388,MuitoBomPleno,V16,9,"608,4788771",500
CLIENTE388,MuitoBomPleno,V16,10,"608,4788771",500
CLIENTE388,MuitoBomPleno,V16,11,"608,4788771",500
CLIENTE388,MuitoBomPleno,V16,12,594,500
CLIENTE388,MuitoBomPleno,V16,13,"608,4788771",500
CLIENTE388,MuitoBomPleno,V16,14,"608,4788771",500
CLIENTE388,MuitoBomPleno,V16,15,"608,4788771",500
CLIENTE477,MuitoBomPleno,V16,5,"526,0671935","7,36114195"
CLIENTE477,MuitoBomPleno,V16,6,"526,0671935","8,29552839"
CLIENTE477,MuitoBomPleno,V16,7,"526,0671935","5,34332966"
CLIENTE477,MuitoBomPleno,V16,8,"526,0671935","7,36114195"
CLIENTE477,MuitoBomPleno,V16,9,"526,0671935","8,29552839"
CLIENTE477,MuitoBomPleno,V16,10,"526,0671935","5,34332966"
CLIENTE477,MuitoBomPleno,V16,11,"526,0671935","7,36114195"
CLIENTE477,MuitoBomPleno,V16,12,"526,0671935","8,29552839"
CLIENTE466,MuitoBomPleno,V16,3,"526,0671935",0
CLIENTE466,MuitoBomPleno,V16,4,"526,0671935",0
CLIENTE466,MuitoBomPleno,V16,5,"526,0671935","250,2652845"
CLIENTE466,MuitoBomPleno,V16,6,"526,0671935","272,5125807"
CLIENTE466,MuitoBomPleno,V16,7,"526,0671935","202,2221348"
CLIENTE466,MuitoBomPleno,V16,8,"526,0671935","250,2652845"
CLIENTE466,MuitoBomPleno,V16,9,"526,0671935","272,5125807"
CLIENTE466,MuitoBomPleno,V16,10,"526,0671935","202,2221348"
CLIENTE466,MuitoBomPleno,V16,11,"526,0671935","250,2652845"
CLIENTE466,MuitoBomPleno,V16,12,"526,0671935","272,5125807"
CLIENTE466,MuitoBomPleno,V16,15,"526,0671935",75
CLIENTE466,MuitoBomPleno,V13,3,"526,0671935",0
CLIENTE466,MuitoBomPleno,V13,4,"526,0671935",0
CLIENTE466,MuitoBomPleno,V13,5,"526,0671935",75
CLIENTE466,MuitoBomPleno,V13,6,"526,0671935",75
CLIENTE466,MuitoBomPleno,V13,7,"526,0671935",75
CLIENTE466,MuitoBomPleno,V13,8,"526,0671935",75
CLIENTE466,MuitoBomPleno,V13,9,"526,0671935",75
CLIENTE466,MuitoBomPleno,V13,10,"526,0671935",75
CLIENTE466,MuitoBomPleno,V13,11,"526,0671935",75
CLIENTE466,MuitoBomPleno,V13,12,"526,0671935",75
CLIENTE466,MuitoBomPleno,V13,15,"526,0671935",75
CLIENTE690,ExcelenteSupremo,V2,1,"579,0431171",1650
CLIENTE690,ExcelenteSupremo,V2,2,"579,0431171",1050
CLIENTE690,ExcelenteSupremo,V2,3,"579,0431171",400
CLIENTE690,ExcelenteSupremo,V2,13,"579,0431171",1650
CLIENTE690,ExcelenteSupremo,V2,14,"579,0431171",1050
CLIENTE690,ExcelenteSupremo,V2,15,"579,0431171",400
CLIENTE690,LimpoSombrio,V1,1,"579,0431171",1750
CLIENTE690,LimpoSombrio,V1,2,"579,0431171",1950
CLIENTE690,LimpoSombrio,V1,3,"579,0431171",2900
CLIENTE690,LimpoSombrio,V1,4,"579,0431171",3200
CLIENTE690,LimpoSombrio,V1,5,"579,0431171",3200
CLIENTE690,LimpoSombrio,V1,6,"579,0431171",3200
CLIENTE690,LimpoSombrio,V1,7,"579,0431171",3200
CLIENTE690,LimpoSombrio,V1,8,"579,0431171",3200
CLIENTE690,LimpoSombrio,V1,9,"579,0431171",3200
CLIENTE690,LimpoSombrio,V1,10,"579,0431171",3200
CLIENTE690,LimpoSombrio,V1,11,"579,0431171",3200
CLIENTE690,LimpoSombrio,V1,12,554,3200
CLIENTE690,LimpoSombrio,V1,13,"579,0431171",1750
CLIENTE690,LimpoSombrio,V1,14,"579,0431171",1950
CLIENTE690,LimpoSombrio,V1,15,"579,0431171",2900
CLIENTE26,MuitoBomPleno,V15,1,"579,0431171",940
CLIENTE26,MuitoBomPleno,V15,2,"579,0431171",660
CLIENTE26,MuitoBomPleno,V15,3,"579,0431171",1200
CLIENTE26,MuitoBomPleno,V15,4,"579,0431171",1050
CLIENTE26,MuitoBomPleno,V15,5,"579,0431171",1050
CLIENTE26,MuitoBomPleno,V15,6,"579,0431171",1050
CLIENTE26,MuitoBomPleno,V15,7,"579,0431171",1050
CLIENTE26,MuitoBomPleno,V15,8,"579,0431171",1050
CLIENTE26,MuitoBomPleno,V15,9,"579,0431171",1050
CLIENTE26,MuitoBomPleno,V15,10,"579,0431171",1050
CLIENTE26,MuitoBomPleno,V15,11,"579,0431171",1050
CLIENTE26,MuitoBomPleno,V15,12,540,1050
CLIENTE26,MuitoBomPleno,V15,13,"579,0431171",940
CLIENTE26,MuitoBomPleno,V15,14,"579,0431171",660
CLIENTE26,MuitoBomPleno,V15,15,"579,0431171",1200
CLIENTE27,ExcelenteSupremo,V2,1,"579,0431171",3788
CLIENTE27,ExcelenteSupremo,V2,2,"579,0431171",2000
CLIENTE27,ExcelenteSupremo,V2,3,"579,0431171",2000
CLIENTE27,ExcelenteSupremo,V2,4,"579,0431171",1600
CLIENTE27,ExcelenteSupremo,V2,5,"579,0431171",2000
CLIENTE27,ExcelenteSupremo,V2,6,"579,0431171",2000
CLIENTE27,ExcelenteSupremo,V2,7,"579,0431171",2000
CLIENTE27,ExcelenteSupremo,V2,8,"579,0431171",2000
CLIENTE27,ExcelenteSupremo,V2,9,"579,0431171",2000
CLIENTE27,ExcelenteSupremo,V2,10,"579,0431171",2000
CLIENTE27,ExcelenteSupremo,V2,11,"579,0431171",2000
CLIENTE27,ExcelenteSupremo,V2,12,537,2000
CLIENTE27,ExcelenteSupremo,V2,13,"579,0431171",3788
CLIENTE27,ExcelenteSupremo,V2,14,"579,0431171",2000
CLIENTE27,ExcelenteSupremo,V2,15,"579,0431171",2000
CLIENTE28,LimpoSombrio,V1,1,"579,0431171",1816
CLIENTE28,LimpoSombrio,V1,2,"579,0431171","1535,836431"
CLIENTE28,LimpoSombrio,V1,3,"579,0431171","1719,061137"
CLIENTE28,LimpoSombrio,V1,4,"579,0431171","1722,58569"
CLIENTE28,LimpoSombrio,V1,5,"579,0431171","1376,827028"
CLIENTE28,LimpoSombrio,V1,6,"579,0431171","1812,461495"
CLIENTE28,LimpoSombrio,V1,7,"579,0431171","1679,013377"
CLIENTE28,LimpoSombrio,V1,8,"579,0431171","1343,3196"
CLIENTE28,LimpoSombrio,V1,9,"579,0431171","1697,466346"
CLIENTE28,LimpoSombrio,V1,10,"579,0431171","1788,924254"
CLIENTE28,LimpoSombrio,V1,11,"579,0431171","1852,92626"
CLIENTE28,LimpoSombrio,V1,12,558,"1586,893148"
CLIENTE28,LimpoSombrio,V1,13,"579,0431171",1816
CLIENTE28,LimpoSombrio,V1,14,"579,0431171","1535,836431"
CLIENTE28,LimpoSombrio,V1,15,"579,0431171","1719,061137"
CLIENTE653,ExcelenteSupremo,V2,1,"579,0431171",910
CLIENTE653,ExcelenteSupremo,V2,2,"579,0431171",850
CLIENTE653,ExcelenteSupremo,V2,13,"579,0431171",910
CLIENTE653,ExcelenteSupremo,V2,14,"579,0431171",850
CLIENTE653,LimpoSombrio,V1,1,"579,0431171",650
CLIENTE653,LimpoSombrio,V1,2,"579,0431171",645
CLIENTE653,LimpoSombrio,V1,3,"579,0431171",1660
CLIENTE653,LimpoSombrio,V1,4,"579,0431171",1800
CLIENTE653,LimpoSombrio,V1,5,"579,0431171",2000
CLIENTE653,LimpoSombrio,V1,6,"579,0431171",2600
CLIENTE653,LimpoSombrio,V1,7,"579,0431171",2600
CLIENTE653,LimpoSombrio,V1,8,"579,0431171",3000
CLIENTE653,LimpoSombrio,V1,9,"579,0431171",3200
CLIENTE653,LimpoSombrio,V1,10,"579,0431171",3200
CLIENTE653,LimpoSombrio,V1,11,"579,0431171",3000
CLIENTE653,LimpoSombrio,V1,12,554,3200
CLIENTE653,LimpoSombrio,V1,13,"579,0431171",650
CLIENTE653,LimpoSombrio,V1,14,"579,0431171",645
CLIENTE653,LimpoSombrio,V1,15,"579,0431171",1660
CLIENTE29,ExcelenteSupremo,V2,3,"579,0431171",1000
CLIENTE29,ExcelenteSupremo,V2,4,"579,0431171",1050
CLIENTE29,ExcelenteSupremo,V2,5,"579,0431171",2100
CLIENTE29,ExcelenteSupremo,V2,6,"579,0431171",2100
CLIENTE29,ExcelenteSupremo,V2,7,"579,0431171",2100
CLIENTE29,ExcelenteSupremo,V2,8,"579,0431171",2100
CLIENTE29,ExcelenteSupremo,V2,9,"579,0431171",2100
CLIENTE29,ExcelenteSupremo,V2,10,"579,0431171",2100
CLIENTE29,ExcelenteSupremo,V2,11,"579,0431171",2100
CLIENTE29,ExcelenteSupremo,V2,12,"650,3333333",2100
CLIENTE29,ExcelenteSupremo,V2,15,"579,0431171",1000
CLIENTE29,ExcelenteRadiante,V2,4,"579,0431171",1450
CLIENTE620,ExcelenteSupremo,V2,1,"579,0431171",1620
CLIENTE620,ExcelenteSupremo,V2,2,"579,0431171",1620
CLIENTE620,ExcelenteSupremo,V2,3,"579,0431171",1620
CLIENTE620,ExcelenteSupremo,V2,4,"579,0431171",1620
CLIENTE620,ExcelenteSupremo,V2,5,"579,0431171",1620
CLIENTE620,ExcelenteSupremo,V2,6,"579,0431171",1620
CLIENTE620,ExcelenteSupremo,V2,7,"579,0431171",1620
CLIENTE620,ExcelenteSupremo,V2,8,"579,0431171",1620
CLIENTE620,ExcelenteSupremo,V2,9,"579,0431171",1620
CLIENTE620,ExcelenteSupremo,V2,10,"579,0431171",1620
CLIENTE620,ExcelenteSupremo,V2,11,"579,0431171",1620
CLIENTE620,ExcelenteSupremo,V2,12,537,1620
CLIENTE620,ExcelenteSupremo,V2,13,"579,0431171",1620
CLIENTE620,ExcelenteSupremo,V2,14,"579,0431171",1620
CLIENTE620,ExcelenteSupremo,V2,15,"579,0431171",1620
CLIENTE362,MuitoBomPleno,V16,2,"557,6384656",7000
CLIENTE362,MuitoBomPleno,V16,4,"557,6384656",4900
CLIENTE362,MuitoBomPleno,V16,6,"557,6384656",7000
CLIENTE362,MuitoBomPleno,V16,8,"557,6384656",7000
CLIENTE362,MuitoBomPleno,V16,10,"557,6384656",7000
CLIENTE362,MuitoBomPleno,V16,12,"522,0558",7000
CLIENTE362,MuitoBomPleno,V16,14,"557,6384656",7000
CLIENTE362,ResistenteFirme,V2,1,"557,6384656",260
CLIENTE362,ResistenteFirme,V2,13,"557,6384656",260
CLIENTE220,ExcelenteSupremo,V2,1,"579,0431171",5000
CLIENTE220,ExcelenteSupremo,V2,2,"579,0431171",4800
CLIENTE220,ExcelenteSupremo,V2,3,"579,0431171",4800
CLIENTE220,ExcelenteSupremo,V2,4,"579,0431171",4800
CLIENTE220,ExcelenteSupremo,V2,5,"579,0431171",4800
CLIENTE220,ExcelenteSupremo,V2,6,"579,0431171",4800
CLIENTE220,ExcelenteSupremo,V2,7,"579,0431171",4800
CLIENTE220,ExcelenteSupremo,V2,8,"579,0431171",4800
CLIENTE220,ExcelenteSupremo,V2,9,"579,0431171",4800
CLIENTE220,ExcelenteSupremo,V2,10,"579,0431171",4800
CLIENTE220,ExcelenteSupremo,V2,11,"579,0431171",4800
CLIENTE220,ExcelenteSupremo,V2,12,"594,125",4800
CLIENTE220,ExcelenteSupremo,V2,13,"579,0431171",5000
CLIENTE220,ExcelenteSupremo,V2,14,"579,0431171",4800
CLIENTE220,ExcelenteSupremo,V2,15,"579,0431171",4800
CLIENTE30,ExcelenteSupremo,V2,1,"579,0431171",1900
CLIENTE30,ExcelenteSupremo,V2,2,"579,0431171",1926
CLIENTE30,ExcelenteSupremo,V2,3,"579,0431171",825
CLIENTE30,ExcelenteSupremo,V2,13,"579,0431171",1900
CLIENTE30,ExcelenteSupremo,V2,14,"579,0431171",1926
CLIENTE30,ExcelenteSupremo,V2,15,"579,0431171",825
CLIENTE31,MuitoBomPleno,V8,1,"579,0431171",4400
CLIENTE31,MuitoBomPleno,V8,2,"579,0431171",3000
CLIENTE31,MuitoBomPleno,V8,3,"579,0431171",3600
CLIENTE31,MuitoBomPleno,V8,4,"579,0431171",2200
CLIENTE31,MuitoBomPleno,V8,5,"579,0431171",3350
CLIENTE31,MuitoBomPleno,V8,6,"579,0431171",3350
CLIENTE31,MuitoBomPleno,V8,7,"579,0431171",3350
CLIENTE31,MuitoBomPleno,V8,8,"579,0431171",3350
CLIENTE31,MuitoBomPleno,V8,9,"579,0431171",3350
CLIENTE31,MuitoBomPleno,V8,10,"579,0431171",3350
CLIENTE31,MuitoBomPleno,V8,11,"579,0431171",3350
CLIENTE31,MuitoBomPleno,V8,12,537,3350
CLIENTE31,MuitoBomPleno,V8,13,"579,0431171",4400
CLIENTE31,MuitoBomPleno,V8,14,"579,0431171",3000
CLIENTE31,MuitoBomPleno,V8,15,"579,0431171",3600
CLIENTE235,MuitoBomPleno,V7,5,"526,0671935","2108,562832"
CLIENTE235,MuitoBomPleno,V7,6,"526,0671935","2381,574393"
CLIENTE235,MuitoBomPleno,V7,7,"526,0671935","1962,542014"
CLIENTE235,MuitoBomPleno,V7,8,"526,0671935","2451,87277"
CLIENTE235,MuitoBomPleno,V7,9,"526,0671935","2878,69905"
CLIENTE235,MuitoBomPleno,V7,10,"526,0671935","2295,652811"
CLIENTE235,MuitoBomPleno,V7,11,"526,0671935","3123,742104"
CLIENTE235,MuitoBomPleno,V7,12,"522,210954","2708,060207"
CLIENTE549,MuitoBomPleno,V16,1,"526,0671935",32
CLIENTE549,MuitoBomPleno,V16,13,"526,0671935",32
CLIENTE670,MuitoBomPleno,V7,3,"526,0671935","10,41666667"
CLIENTE670,MuitoBomPleno,V7,4,"526,0671935","10,41666667"
CLIENTE670,MuitoBomPleno,V7,5,"526,0671935","10,41666667"
CLIENTE670,MuitoBomPleno,V7,6,"526,0671935","10,41666667"
CLIENTE670,MuitoBomPleno,V7,7,"526,0671935","10,41666667"
CLIENTE670,MuitoBomPleno,V7,8,"526,0671935","10,41666667"
CLIENTE670,MuitoBomPleno,V7,9,"526,0671935","10,41666667"
CLIENTE670,MuitoBomPleno,V7,10,"526,0671935","10,41666667"
CLIENTE670,MuitoBomPleno,V7,11,"526,0671935","10,41666667"
CLIENTE670,MuitoBomPleno,V7,12,"526,0671935","10,41666667"
CLIENTE670,MuitoBomPleno,V7,15,"526,0671935","10,41666667"
CLIENTE670,MuitoBomPleno,V8,3,"526,0671935","10,41666667"
CLIENTE670,MuitoBomPleno,V8,4,"526,0671935","10,41666667"
CLIENTE670,MuitoBomPleno,V8,5,"526,0671935","10,41666667"
CLIENTE670,MuitoBomPleno,V8,6,"526,0671935","10,41666667"
CLIENTE670,MuitoBomPleno,V8,7,"526,0671935","10,41666667"
CLIENTE670,MuitoBomPleno,V8,8,"526,0671935","10,41666667"
CLIENTE670,MuitoBomPleno,V8,9,"526,0671935","10,41666667"
CLIENTE670,MuitoBomPleno,V8,10,"526,0671935","10,41666667"
CLIENTE670,MuitoBomPleno,V8,11,"526,0671935","10,41666667"
CLIENTE670,MuitoBomPleno,V8,12,"526,0671935","10,41666667"
CLIENTE670,MuitoBomPleno,V8,15,"526,0671935","10,41666667"
CLIENTE32,MuitoBomPleno,V16,5,"526,0671935","4554,495718"
CLIENTE32,MuitoBomPleno,V16,6,"526,0671935","5144,200688"
CLIENTE32,MuitoBomPleno,V16,7,"526,0671935","4239,09075"
CLIENTE32,MuitoBomPleno,V16,8,"526,0671935","5296,045183"
CLIENTE32,MuitoBomPleno,V16,9,"526,0671935","6217,989947"
CLIENTE32,MuitoBomPleno,V16,10,"526,0671935","4958,610071"
CLIENTE32,MuitoBomPleno,V16,11,"526,0671935","6747,282944"
CLIENTE32,MuitoBomPleno,V16,12,"522,210954","5849,410048"
CLIENTE32,MuitoBomPleno,V13,5,"526,0671935","4554,495718"
CLIENTE32,MuitoBomPleno,V13,6,"526,0671935","5144,200688"
CLIENTE32,MuitoBomPleno,V13,7,"526,0671935","4239,09075"
CLIENTE32,MuitoBomPleno,V13,8,"526,0671935","5296,045183"
CLIENTE32,MuitoBomPleno,V13,9,"526,0671935","6217,989947"
CLIENTE32,MuitoBomPleno,V13,10,"526,0671935","4958,610071"
CLIENTE32,MuitoBomPleno,V13,11,"526,0671935","6747,282944"
CLIENTE32,MuitoBomPleno,V13,12,"522,210954","5849,410048"
CLIENTE32,ExcelenteSupremo,V16,5,"526,0671935","3036,330479"
CLIENTE32,ExcelenteSupremo,V16,6,"526,0671935","3429,467125"
CLIENTE32,ExcelenteSupremo,V16,7,"526,0671935","2826,0605"
CLIENTE32,ExcelenteSupremo,V16,8,"526,0671935","3530,696789"
CLIENTE32,ExcelenteSupremo,V16,9,"526,0671935","4145,326631"
CLIENTE32,ExcelenteSupremo,V16,10,"526,0671935","3305,740047"
CLIENTE32,ExcelenteSupremo,V16,11,"526,0671935","4498,188629"
CLIENTE32,ExcelenteSupremo,V16,12,"522,210954","3899,606698"
CLIENTE32,ExcelenteSupremo,V13,5,"526,0671935","3036,330479"
CLIENTE32,ExcelenteSupremo,V13,6,"526,0671935","3429,467125"
CLIENTE32,ExcelenteSupremo,V13,7,"526,0671935","2826,0605"
CLIENTE32,ExcelenteSupremo,V13,8,"526,0671935","3530,696789"
CLIENTE32,ExcelenteSupremo,V13,9,"526,0671935","4145,326631"
CLIENTE32,ExcelenteSupremo,V13,10,"526,0671935","3305,740047"
CLIENTE32,ExcelenteSupremo,V13,11,"526,0671935","4498,188629"
CLIENTE32,ExcelenteSupremo,V13,12,"522,210954","3899,606698"
CLIENTE33,ExcelenteSupremo,V8,5,"526,0671935","516,9405838"
CLIENTE33,ExcelenteSupremo,V8,6,"526,0671935","583,8727867"
CLIENTE33,ExcelenteSupremo,V8,7,"526,0671935","481,1417515"
CLIENTE33,ExcelenteSupremo,V8,8,"526,0671935","601,1073142"
CLIENTE33,ExcelenteSupremo,V8,9,"526,0671935","705,7491218"
CLIENTE33,ExcelenteSupremo,V8,10,"526,0671935","562,8080348"
CLIENTE33,ExcelenteSupremo,V8,11,"526,0671935","765,8244951"
CLIENTE33,ExcelenteSupremo,V8,12,"522,210954","663,9148727"
CLIENTE34,MuitoBomPleno,V16,5,"526,0671935","3323,269962"
CLIENTE34,MuitoBomPleno,V16,6,"526,0671935","3753,558832"
CLIENTE34,MuitoBomPleno,V16,7,"526,0671935","3093,129037"
CLIENTE34,MuitoBomPleno,V16,8,"526,0671935","3864,354907"
CLIENTE34,MuitoBomPleno,V16,9,"526,0671935","4537,068535"
CLIENTE34,MuitoBomPleno,V16,10,"526,0671935","3618,13929"
CLIENTE34,MuitoBomPleno,V16,11,"526,0671935","4923,276718"
CLIENTE34,MuitoBomPleno,V16,12,"522,210954","4268,127562"
CLIENTE34,MuitoBomPleno,V13,5,"526,0671935","3036,330479"
CLIENTE34,MuitoBomPleno,V13,6,"526,0671935","3429,467125"
CLIENTE34,MuitoBomPleno,V13,7,"526,0671935","2826,0605"
CLIENTE34,MuitoBomPleno,V13,8,"526,0671935","3530,696789"
CLIENTE34,MuitoBomPleno,V13,9,"526,0671935","4145,326631"
CLIENTE34,MuitoBomPleno,V13,10,"526,0671935","3305,740047"
CLIENTE34,MuitoBomPleno,V13,11,"526,0671935","4498,188629"
CLIENTE34,MuitoBomPleno,V13,12,"522,210954","3899,606698"
CLIENTE34,ExcelenteSupremo,V16,5,"526,0671935","2024,220319"
CLIENTE34,ExcelenteSupremo,V16,6,"526,0671935","2286,311417"
CLIENTE34,ExcelenteSupremo,V16,7,"526,0671935","1884,040333"
CLIENTE34,ExcelenteSupremo,V16,8,"526,0671935","2353,797859"
CLIENTE34,ExcelenteSupremo,V16,9,"526,0671935","2763,551088"
CLIENTE34,ExcelenteSupremo,V16,10,"526,0671935","2203,826698"
CLIENTE34,ExcelenteSupremo,V16,11,"526,0671935","2998,792419"
CLIENTE34,ExcelenteSupremo,V16,12,"522,210954","2599,737799"
CLIENTE34,ExcelenteSupremo,V13,5,"526,0671935","2024,220319"
CLIENTE34,ExcelenteSupremo,V13,6,"526,0671935","2286,311417"
CLIENTE34,ExcelenteSupremo,V13,7,"526,0671935","1884,040333"
CLIENTE34,ExcelenteSupremo,V13,8,"526,0671935","2353,797859"
CLIENTE34,ExcelenteSupremo,V13,9,"526,0671935","2763,551088"
CLIENTE34,ExcelenteSupremo,V13,10,"526,0671935","2203,826698"
CLIENTE34,ExcelenteSupremo,V13,11,"526,0671935","2998,792419"
CLIENTE34,ExcelenteSupremo,V13,12,"522,210954","2599,737799"
CLIENTE421,MuitoBomPleno,V7,5,"526,0671935","293,9813307"
CLIENTE421,MuitoBomPleno,V7,6,"526,0671935","332,0453146"
CLIENTE421,MuitoBomPleno,V7,7,"526,0671935","273,6227273"
CLIENTE421,MuitoBomPleno,V7,8,"526,0671935","341,8464978"
CLIENTE421,MuitoBomPleno,V7,9,"526,0671935","401,3557311"
CLIENTE421,MuitoBomPleno,V7,10,"526,0671935","320,0659035"
CLIENTE421,MuitoBomPleno,V7,11,"526,0671935","435,520273"
CLIENTE421,MuitoBomPleno,V7,12,"522,210954","377,5648186"
CLIENTE421,MuitoBomPleno,V8,5,"526,0671935","330,6237249"
CLIENTE421,MuitoBomPleno,V8,6,"526,0671935","373,4320764"
CLIENTE421,MuitoBomPleno,V8,7,"526,0671935","307,7275862"
CLIENTE421,MuitoBomPleno,V8,8,"526,0671935","384,4548977"
CLIENTE421,MuitoBomPleno,V8,9,"526,0671935","451,3814755"
CLIENTE421,MuitoBomPleno,V8,10,"526,0671935","359,9595286"
CLIENTE421,MuitoBomPleno,V8,11,"526,0671935","489,8043511"
CLIENTE421,MuitoBomPleno,V8,12,"522,210954","424,6252182"
CLIENTE421,MuitoBomPleno,V16,5,"526,0671935","1641,811538"
CLIENTE421,MuitoBomPleno,V16,6,"526,0671935","1854,389282"
CLIENTE421,MuitoBomPleno,V16,7,"526,0671935","1528,113876"
CLIENTE421,MuitoBomPleno,V16,8,"526,0671935","1909,126416"
CLIENTE421,MuitoBomPleno,V16,9,"526,0671935","2241,470466"
CLIENTE421,MuitoBomPleno,V16,10,"526,0671935","1787,487294"
CLIENTE421,MuitoBomPleno,V16,11,"526,0671935","2432,27081"
CLIENTE421,MuitoBomPleno,V16,12,"522,210954","2108,604224"
CLIENTE421,MuitoBomPleno,V13,3,"526,0671935","38,02434783"
CLIENTE421,MuitoBomPleno,V13,4,"526,0671935","38,02434783"
CLIENTE421,MuitoBomPleno,V13,5,"526,0671935","699,4257643"
CLIENTE421,MuitoBomPleno,V13,6,"526,0671935","785,0624026"
CLIENTE421,MuitoBomPleno,V13,7,"526,0671935","653,6228246"
CLIENTE421,MuitoBomPleno,V13,8,"526,0671935","807,1131784"
CLIENTE421,MuitoBomPleno,V13,9,"526,0671935","940,9975008"
CLIENTE421,MuitoBomPleno,V13,10,"526,0671935","758,1110331"
CLIENTE421,MuitoBomPleno,V13,11,"526,0671935","1017,861145"
CLIENTE421,MuitoBomPleno,V13,12,"522,210954","887,4725262"
CLIENTE421,MuitoBomPleno,V13,15,"526,0671935","38,02434783"
CLIENTE421,ExcelenteSupremo,V1,5,"526,0671935","153,5837966"
CLIENTE421,ExcelenteSupremo,V1,6,"526,0671935","173,4694511"
CLIENTE421,ExcelenteSupremo,V1,7,"526,0671935","142,9479117"
CLIENTE421,ExcelenteSupremo,V1,8,"526,0671935","178,5898542"
CLIENTE421,ExcelenteSupremo,V1,9,"526,0671935","209,6790869"
CLIENTE421,ExcelenteSupremo,V1,10,"526,0671935","167,2110828"
CLIENTE421,ExcelenteSupremo,V1,11,"526,0671935","227,5275674"
CLIENTE421,ExcelenteSupremo,V1,12,"522,210954","197,2500709"
CLIENTE421,ExcelenteSupremo,V8,5,"526,0671935","468,6927959"
CLIENTE421,ExcelenteSupremo,V8,6,"526,0671935","529,3779932"
CLIENTE421,ExcelenteSupremo,V8,7,"526,0671935","436,235188"
CLIENTE421,ExcelenteSupremo,V8,8,"526,0671935","545,0039649"
CLIENTE421,ExcelenteSupremo,V8,9,"526,0671935","639,8792038"
CLIENTE421,ExcelenteSupremo,V8,10,"526,0671935","510,2792849"
CLIENTE421,ExcelenteSupremo,V8,11,"526,0671935","694,3475423"
CLIENTE421,ExcelenteSupremo,V8,12,"522,210954","601,9494846"
CLIENTE421,ExcelenteSupremo,V16,5,"526,0671935","175,6252105"
CLIENTE421,ExcelenteSupremo,V16,6,"526,0671935","198,3647334"
CLIENTE421,ExcelenteSupremo,V16,7,"526,0671935","163,462928"
CLIENTE421,ExcelenteSupremo,V16,8,"526,0671935","204,2199857"
CLIENTE421,ExcelenteSupremo,V16,9,"526,0671935","239,7709563"
CLIENTE421,ExcelenteSupremo,V16,10,"526,0671935","191,2082021"
CLIENTE421,ExcelenteSupremo,V16,11,"526,0671935","260,1809423"
CLIENTE421,ExcelenteSupremo,V16,12,"522,210954","225,5582033"
CLIENTE421,ExcelenteSupremo,V13,5,"526,0671935","175,6252105"
CLIENTE421,ExcelenteSupremo,V13,6,"526,0671935","198,3647334"
CLIENTE421,ExcelenteSupremo,V13,7,"526,0671935","163,462928"
CLIENTE421,ExcelenteSupremo,V13,8,"526,0671935","204,2199857"
CLIENTE421,ExcelenteSupremo,V13,9,"526,0671935","239,7709563"
CLIENTE421,ExcelenteSupremo,V13,10,"526,0671935","191,2082021"
CLIENTE421,ExcelenteSupremo,V13,11,"526,0671935","260,1809423"
CLIENTE421,ExcelenteSupremo,V13,12,"522,210954","225,5582033"
CLIENTE503,MuitoBomPleno,V16,5,"526,0671935","1119,437929"
CLIENTE503,MuitoBomPleno,V16,6,"526,0671935","1264,380015"
CLIENTE503,MuitoBomPleno,V16,7,"526,0671935","1041,915344"
CLIENTE503,MuitoBomPleno,V16,8,"526,0671935","1301,701488"
CLIENTE503,MuitoBomPleno,V16,9,"526,0671935","1528,303949"
CLIENTE503,MuitoBomPleno,V16,10,"526,0671935","1218,764169"
CLIENTE503,MuitoBomPleno,V16,11,"526,0671935","1658,397529"
CLIENTE503,MuitoBomPleno,V16,12,"522,210954","1437,711632"
CLIENTE503,MuitoBomPleno,V13,5,"526,0671935","1335,423127"
CLIENTE503,MuitoBomPleno,V13,6,"526,0671935","1508,330449"
CLIENTE503,MuitoBomPleno,V13,7,"526,0671935","1242,943275"
CLIENTE503,MuitoBomPleno,V13,8,"526,0671935","1552,852754"
CLIENTE503,MuitoBomPleno,V13,9,"526,0671935","1823,176065"
CLIENTE503,MuitoBomPleno,V13,10,"526,0671935","1453,913447"
CLIENTE503,MuitoBomPleno,V13,11,"526,0671935","1978,369999"
CLIENTE503,MuitoBomPleno,V13,12,"522,210954","1715,104798"
CLIENTE503,ExcelenteSupremo,V16,5,"526,0671935","1757,135694"
CLIENTE503,ExcelenteSupremo,V16,6,"526,0671935","1984,645327"
CLIENTE503,ExcelenteSupremo,V16,7,"526,0671935","1635,451678"
CLIENTE503,ExcelenteSupremo,V16,8,"526,0671935","2043,227308"
CLIENTE503,ExcelenteSupremo,V16,9,"526,0671935","2398,915875"
CLIENTE503,ExcelenteSupremo,V16,10,"526,0671935","1913,044009"
CLIENTE503,ExcelenteSupremo,V16,11,"526,0671935","2603,11842"
CLIENTE503,ExcelenteSupremo,V16,12,"522,210954","2256,716839"
CLIENTE503,ExcelenteSupremo,V13,5,"526,0671935","1335,423127"
CLIENTE503,ExcelenteSupremo,V13,6,"526,0671935","1508,330449"
CLIENTE503,ExcelenteSupremo,V13,7,"526,0671935","1242,943275"
CLIENTE503,ExcelenteSupremo,V13,8,"526,0671935","1552,852754"
CLIENTE503,ExcelenteSupremo,V13,9,"526,0671935","1823,176065"
CLIENTE503,ExcelenteSupremo,V13,10,"526,0671935","1453,913447"
CLIENTE503,ExcelenteSupremo,V13,11,"526,0671935","1978,369999"
CLIENTE503,ExcelenteSupremo,V13,12,"522,210954","1715,104798"
CLIENTE35,InferiorRaso,V8,5,"526,0671935","1617,068713"
CLIENTE35,InferiorRaso,V8,6,"526,0671935","1990,115736"
CLIENTE35,InferiorRaso,V8,7,"526,0671935","1581,509792"
CLIENTE35,InferiorRaso,V8,8,"526,0671935","2055,371919"
CLIENTE35,InferiorRaso,V8,9,"526,0671935","2250,931186"
CLIENTE35,InferiorRaso,V8,10,"526,0671935","1862,185324"
CLIENTE35,InferiorRaso,V8,11,"526,0671935","2470,554201"
CLIENTE35,InferiorRaso,V8,12,"522,210954","2176,599113"
CLIENTE35,InferiorRaso,V16,5,"526,0671935","2089,310018"
CLIENTE35,InferiorRaso,V16,6,"526,0671935","2571,299978"
CLIENTE35,InferiorRaso,V16,7,"526,0671935","2043,366634"
CLIENTE35,InferiorRaso,V16,8,"526,0671935","2655,613276"
CLIENTE35,InferiorRaso,V16,9,"526,0671935","2908,282772"
CLIENTE35,InferiorRaso,V16,10,"526,0671935","2406,009357"
CLIENTE35,InferiorRaso,V16,11,"526,0671935","3192,043481"
CLIENTE35,InferiorRaso,V16,12,"522,210954","2812,243101"
CLIENTE35,InferiorRaso,V12,5,"526,0671935","143,1034259"
CLIENTE35,InferiorRaso,V12,6,"526,0671935","176,1164368"
CLIENTE35,InferiorRaso,V12,7,"526,0671935","139,9566188"
CLIENTE35,InferiorRaso,V12,8,"526,0671935","181,8913203"
CLIENTE35,InferiorRaso,V12,9,"526,0671935","199,1974501"
CLIENTE35,InferiorRaso,V12,10,"526,0671935","164,7951614"
CLIENTE35,InferiorRaso,V12,11,"526,0671935","218,6331152"
CLIENTE35,InferiorRaso,V12,12,"522,210954","192,6193905"
CLIENTE35,SuaveTerno,V8,5,"526,0671935","1803,103166"
CLIENTE35,SuaveTerno,V8,6,"526,0671935","2219,067104"
CLIENTE35,SuaveTerno,V8,7,"526,0671935","1763,453397"
CLIENTE35,SuaveTerno,V8,8,"526,0671935","2291,830635"
CLIENTE35,SuaveTerno,V8,9,"526,0671935","2509,887871"
CLIENTE35,SuaveTerno,V8,10,"526,0671935","2076,419034"
CLIENTE35,SuaveTerno,V8,11,"526,0671935","2754,777251"
CLIENTE35,SuaveTerno,V8,12,"522,210954","2427,00432"
CLIENTE35,MuitoBomPleno,V8,5,"526,0671935","1026,167245"
CLIENTE35,MuitoBomPleno,V8,6,"526,0671935","1159,032871"
CLIENTE35,MuitoBomPleno,V8,7,"526,0671935","955,1037801"
CLIENTE35,MuitoBomPleno,V8,8,"526,0671935","1193,244748"
CLIENTE35,MuitoBomPleno,V8,9,"526,0671935","1400,966871"
CLIENTE35,MuitoBomPleno,V8,10,"526,0671935","1117,217701"
CLIENTE35,MuitoBomPleno,V8,11,"526,0671935","1520,221157"
CLIENTE35,MuitoBomPleno,V8,12,"522,210954","1317,922634"
CLIENTE35,MuitoBomPleno,V16,5,"526,0671935","3372,460646"
CLIENTE35,MuitoBomPleno,V16,6,"526,0671935","3809,118605"
CLIENTE35,MuitoBomPleno,V16,7,"526,0671935","3138,9132"
CLIENTE35,MuitoBomPleno,V16,8,"526,0671935","3921,554671"
CLIENTE35,MuitoBomPleno,V16,9,"526,0671935","4604,225735"
CLIENTE35,MuitoBomPleno,V16,10,"526,0671935","3671,694598"
CLIENTE35,MuitoBomPleno,V16,11,"526,0671935","4996,15053"
CLIENTE35,MuitoBomPleno,V16,12,"522,210954","4331,303927"
CLIENTE35,MuitoBomPleno,V13,5,"526,0671935","824,3710103"
CLIENTE35,MuitoBomPleno,V13,6,"526,0671935","931,1085532"
CLIENTE35,MuitoBomPleno,V13,7,"526,0671935","767,2822066"
CLIENTE35,MuitoBomPleno,V13,8,"526,0671935","958,5926497"
CLIENTE35,MuitoBomPleno,V13,9,"526,0671935","1125,466127"
CLIENTE35,MuitoBomPleno,V13,10,"526,0671935","897,5163546"
CLIENTE35,MuitoBomPleno,V13,11,"526,0671935","1221,269006"
CLIENTE35,MuitoBomPleno,V13,12,"522,210954","1058,752575"
CLIENTE35,ExcelenteSupremo,V13,5,"526,0671935","381,9649453"
CLIENTE35,ExcelenteSupremo,V13,6,"526,0671935","431,4208325"
CLIENTE35,ExcelenteSupremo,V13,7,"526,0671935","355,5133579"
CLIENTE35,ExcelenteSupremo,V13,8,"526,0671935","444,1553431"
CLIENTE35,ExcelenteSupremo,V13,9,"526,0671935","521,4746784"
CLIENTE35,ExcelenteSupremo,V13,10,"526,0671935","415,8561873"
CLIENTE35,ExcelenteSupremo,V13,11,"526,0671935","565,8640868"
CLIENTE35,ExcelenteSupremo,V13,12,"522,210954","490,5635502"
CLIENTE36,MuitoBomPleno,V3,4,"526,0671935","170,8333333"
CLIENTE36,MuitoBomPleno,V3,5,"526,0671935","170,8333333"
CLIENTE36,MuitoBomPleno,V3,6,"526,0671935","170,8333333"
CLIENTE36,MuitoBomPleno,V3,7,"526,0671935","170,8333333"
CLIENTE36,MuitoBomPleno,V3,8,"526,0671935","170,8333333"
CLIENTE36,MuitoBomPleno,V3,9,"526,0671935","170,8333333"
CLIENTE36,MuitoBomPleno,V3,10,"526,0671935","170,8333333"
CLIENTE36,MuitoBomPleno,V3,11,"526,0671935","170,8333333"
CLIENTE36,MuitoBomPleno,V3,12,"526,0671935","170,8333333"
CLIENTE36,MuitoBomPleno,V8,4,"526,0671935","170,8333333"
CLIENTE36,MuitoBomPleno,V8,5,"526,0671935","170,8333333"
CLIENTE36,MuitoBomPleno,V8,6,"526,0671935","170,8333333"
CLIENTE36,MuitoBomPleno,V8,7,"526,0671935","170,8333333"
CLIENTE36,MuitoBomPleno,V8,8,"526,0671935","170,8333333"
CLIENTE36,MuitoBomPleno,V8,9,"526,0671935","170,8333333"
CLIENTE36,MuitoBomPleno,V8,10,"526,0671935","170,8333333"
CLIENTE36,MuitoBomPleno,V8,11,"526,0671935","170,8333333"
CLIENTE36,MuitoBomPleno,V8,12,"526,0671935","170,8333333"
CLIENTE37,MuitoBomPleno,V5,5,"526,0671935","701,0611381"
CLIENTE37,MuitoBomPleno,V5,6,"526,0671935","790,0503228"
CLIENTE37,MuitoBomPleno,V5,7,"526,0671935","508,8885391"
CLIENTE37,MuitoBomPleno,V5,8,"526,0671935","701,0611381"
CLIENTE37,MuitoBomPleno,V5,9,"526,0671935","790,0503228"
CLIENTE37,MuitoBomPleno,V5,10,"526,0671935","508,8885391"
CLIENTE37,MuitoBomPleno,V5,11,"526,0671935","701,0611381"
CLIENTE37,MuitoBomPleno,V5,12,"522,210954","790,0503228"
CLIENTE37,MuitoBomPleno,V16,5,"526,0671935","336,5093463"
CLIENTE37,MuitoBomPleno,V16,6,"526,0671935","379,224155"
CLIENTE37,MuitoBomPleno,V16,7,"526,0671935","244,2664988"
CLIENTE37,MuitoBomPleno,V16,8,"526,0671935","336,5093463"
CLIENTE37,MuitoBomPleno,V16,9,"526,0671935","379,224155"
CLIENTE37,MuitoBomPleno,V16,10,"526,0671935","244,2664988"
CLIENTE37,MuitoBomPleno,V16,11,"526,0671935","336,5093463"
CLIENTE37,MuitoBomPleno,V16,12,"522,210954","379,224155"
CLIENTE191,NaturalClaro,V1,1,"526,0671935",340
CLIENTE191,NaturalClaro,V1,13,"526,0671935",340
CLIENTE191,SuaveTerno,V7,6,"526,0671935","2003,324469"
CLIENTE191,SuaveTerno,V7,9,"526,0671935","2265,870995"
CLIENTE191,SuaveTerno,V7,12,"522,210954","2191,045567"
CLIENTE191,SuaveTerno,V8,6,"526,0671935","2003,324469"
CLIENTE191,SuaveTerno,V8,9,"526,0671935","2265,870995"
CLIENTE191,SuaveTerno,V8,12,"522,210954","2191,045567"
CLIENTE191,SuaveTerno,V16,5,"526,0671935","3255,602939"
CLIENTE191,SuaveTerno,V16,7,"526,0671935","3184,013078"
CLIENTE191,SuaveTerno,V16,8,"526,0671935","4138,027536"
CLIENTE191,SuaveTerno,V16,10,"526,0671935","3749,089922"
CLIENTE191,SuaveTerno,V16,11,"526,0671935","4973,90337"
CLIENTE191,MuitoBomPleno,V16,5,"526,0671935","3691,817764"
CLIENTE191,MuitoBomPleno,V16,6,"526,0671935","4169,825302"
CLIENTE191,MuitoBomPleno,V16,7,"526,0671935","3436,154407"
CLIENTE191,MuitoBomPleno,V16,8,"526,0671935","4292,908567"
CLIENTE191,MuitoBomPleno,V16,9,"526,0671935","5040,225563"
CLIENTE191,MuitoBomPleno,V16,10,"526,0671935","4019,387848"
CLIENTE191,MuitoBomPleno,V16,11,"526,0671935","5469,263904"
CLIENTE191,MuitoBomPleno,V16,12,"522,210954","4741,459266"
CLIENTE191,ExcelenteSupremo,V13,5,"526,0671935","2495,132685"
CLIENTE191,ExcelenteSupremo,V13,6,"526,0671935","2818,196365"
CLIENTE191,ExcelenteSupremo,V13,7,"526,0671935","2322,341383"
CLIENTE191,ExcelenteSupremo,V13,8,"526,0671935","2901,382778"
CLIENTE191,ExcelenteSupremo,V13,9,"526,0671935","3406,460542"
CLIENTE191,ExcelenteSupremo,V13,10,"526,0671935","2716,522492"
CLIENTE191,ExcelenteSupremo,V13,11,"526,0671935","3696,428156"
CLIENTE191,ExcelenteSupremo,V13,12,"522,210954","3204,537912"
CLIENTE38,MuitoBomPleno,V3,1,"526,0671935",1000
CLIENTE38,MuitoBomPleno,V3,5,"526,0671935",16000
CLIENTE38,MuitoBomPleno,V3,6,"526,0671935","12652,06958"
CLIENTE38,MuitoBomPleno,V3,7,"526,0671935","10793,59396"
CLIENTE38,MuitoBomPleno,V3,8,"526,0671935","13394,33647"
CLIENTE38,MuitoBomPleno,V3,9,"526,0671935","14932,06958"
CLIENTE38,MuitoBomPleno,V3,10,"526,0671935","10073,59396"
CLIENTE38,MuitoBomPleno,V3,11,"526,0671935","13394,33647"
CLIENTE38,MuitoBomPleno,V3,12,"514,06515","14932,06958"
CLIENTE38,MuitoBomPleno,V3,13,"526,0671935",1000
CLIENTE38,MuitoBomPleno,V12,1,"526,0671935",6080
CLIENTE38,MuitoBomPleno,V12,4,"526,0671935",4000
CLIENTE38,MuitoBomPleno,V12,5,"526,0671935",27000
CLIENTE38,MuitoBomPleno,V12,6,"526,0671935","31010,64785"
CLIENTE38,MuitoBomPleno,V12,7,"526,0671935","20686,38716"
CLIENTE38,MuitoBomPleno,V12,8,"526,0671935","28462,96499"
CLIENTE38,MuitoBomPleno,V12,9,"526,0671935","31730,64785"
CLIENTE38,MuitoBomPleno,V12,10,"526,0671935","21406,38716"
CLIENTE38,MuitoBomPleno,V12,11,"526,0671935","28462,96499"
CLIENTE38,MuitoBomPleno,V12,12,"514,06515","31730,64785"
CLIENTE38,MuitoBomPleno,V12,13,"526,0671935",6080
CLIENTE39,SuaveTerno,V7,6,"526,0671935","1541,018822"
CLIENTE39,SuaveTerno,V7,9,"526,0671935","1742,977689"
CLIENTE39,SuaveTerno,V7,12,"522,210954","1685,419667"
CLIENTE39,SuaveTerno,V8,6,"526,0671935","1541,018822"
CLIENTE39,SuaveTerno,V8,9,"526,0671935","1742,977689"
CLIENTE39,SuaveTerno,V8,12,"522,210954","1685,419667"
CLIENTE39,SuaveTerno,V16,5,"526,0671935","2504,309953"
CLIENTE39,SuaveTerno,V16,7,"526,0671935","2449,240829"
CLIENTE39,SuaveTerno,V16,8,"526,0671935","3183,098105"
CLIENTE39,SuaveTerno,V16,10,"526,0671935","2883,915325"
CLIENTE39,SuaveTerno,V16,11,"526,0671935","3826,079515"
CLIENTE39,MuitoBomPleno,V16,5,"526,0671935","2108,562832"
CLIENTE39,MuitoBomPleno,V16,6,"526,0671935","2381,574393"
CLIENTE39,MuitoBomPleno,V16,7,"526,0671935","1962,542014"
CLIENTE39,MuitoBomPleno,V16,8,"526,0671935","2451,87277"
CLIENTE39,MuitoBomPleno,V16,9,"526,0671935","2878,69905"
CLIENTE39,MuitoBomPleno,V16,10,"526,0671935","2295,652811"
CLIENTE39,MuitoBomPleno,V16,11,"526,0671935","3123,742104"
CLIENTE39,MuitoBomPleno,V16,12,"522,210954","2708,060207"
CLIENTE39,ExcelenteSupremo,V13,5,"526,0671935","2459,989971"
CLIENTE39,ExcelenteSupremo,V13,6,"526,0671935","2778,503458"
CLIENTE39,ExcelenteSupremo,V13,7,"526,0671935","2289,63235"
CLIENTE39,ExcelenteSupremo,V13,8,"526,0671935","2860,518232"
CLIENTE39,ExcelenteSupremo,V13,9,"526,0671935","3358,482225"
CLIENTE39,ExcelenteSupremo,V13,10,"526,0671935","2678,261612"
CLIENTE39,ExcelenteSupremo,V13,11,"526,0671935","3644,365788"
CLIENTE39,ExcelenteSupremo,V13,12,"522,210954","3159,403575"
CLIENTE242,InferiorRaso,V1,5,"526,0671935","219,4252531"
CLIENTE242,InferiorRaso,V1,6,"526,0671935","270,0452031"
CLIENTE242,InferiorRaso,V1,7,"526,0671935","214,6001488"
CLIENTE242,InferiorRaso,V1,8,"526,0671935","278,9000244"
CLIENTE242,InferiorRaso,V1,9,"526,0671935","305,4360902"
CLIENTE242,InferiorRaso,V1,10,"526,0671935","252,6859142"
CLIENTE242,InferiorRaso,V1,11,"526,0671935","335,2374432"
CLIENTE242,InferiorRaso,V1,12,"522,210954","295,3497321"
CLIENTE242,InferiorRaso,V16,5,"526,0671935","219,4252531"
CLIENTE242,InferiorRaso,V16,6,"526,0671935","270,0452031"
CLIENTE242,InferiorRaso,V16,7,"526,0671935","214,6001488"
CLIENTE242,InferiorRaso,V16,8,"526,0671935","278,9000244"
CLIENTE242,InferiorRaso,V16,9,"526,0671935","305,4360902"
CLIENTE242,InferiorRaso,V16,10,"526,0671935","252,6859142"
CLIENTE242,InferiorRaso,V16,11,"526,0671935","335,2374432"
CLIENTE242,InferiorRaso,V16,12,"522,210954","295,3497321"
CLIENTE242,SuaveTerno,V7,5,"526,0671935","438,8505061"
CLIENTE242,SuaveTerno,V7,6,"526,0671935","540,0904062"
CLIENTE242,SuaveTerno,V7,7,"526,0671935","429,2002977"
CLIENTE242,SuaveTerno,V7,8,"526,0671935","557,8000488"
CLIENTE242,SuaveTerno,V7,9,"526,0671935","610,8721804"
CLIENTE242,SuaveTerno,V7,10,"526,0671935","505,3718283"
CLIENTE242,SuaveTerno,V7,11,"526,0671935","670,4748865"
CLIENTE242,SuaveTerno,V7,12,"522,210954","590,6994642"
CLIENTE242,MuitoBomPleno,V16,5,"526,0671935","2450,435889"
CLIENTE242,MuitoBomPleno,V16,6,"526,0671935","2767,712336"
CLIENTE242,MuitoBomPleno,V16,7,"526,0671935","2280,7399"
CLIENTE242,MuitoBomPleno,V16,8,"526,0671935","2849,408582"
CLIENTE242,MuitoBomPleno,V16,9,"526,0671935","3345,438588"
CLIENTE242,MuitoBomPleno,V16,10,"526,0671935","2667,859809"
CLIENTE242,MuitoBomPleno,V16,11,"526,0671935","3630,211839"
CLIENTE242,MuitoBomPleno,V16,12,"522,210954","3147,133118"
CLIENTE242,MuitoBomPleno,V13,5,"526,0671935","393,5983954"
CLIENTE242,MuitoBomPleno,V13,6,"526,0671935","444,5605533"
CLIENTE242,MuitoBomPleno,V13,7,"526,0671935","366,3411759"
CLIENTE242,MuitoBomPleno,V13,8,"526,0671935","457,682917"
CLIENTE242,MuitoBomPleno,V13,9,"526,0671935","537,3571559"
CLIENTE242,MuitoBomPleno,V13,10,"526,0671935","428,521858"
CLIENTE242,MuitoBomPleno,V13,11,"526,0671935","583,098526"
CLIENTE242,MuitoBomPleno,V13,12,"522,210954","505,504572"
CLIENTE656,SuaveTerno,V7,5,"526,0671935","343,4482222"
CLIENTE656,SuaveTerno,V7,6,"526,0671935","845,3588967"
CLIENTE656,SuaveTerno,V7,7,"526,0671935","335,8958851"
CLIENTE656,SuaveTerno,V7,8,"526,0671935","436,5391686"
CLIENTE656,SuaveTerno,V7,9,"526,0671935","956,1477605"
CLIENTE656,SuaveTerno,V7,10,"526,0671935","395,5083874"
CLIENTE656,SuaveTerno,V7,11,"526,0671935","524,7194764"
CLIENTE656,SuaveTerno,V7,12,"526,0671935","924,5730744"
CLIENTE656,SuaveTerno,V8,5,"526,0671935","343,4482222"
CLIENTE656,SuaveTerno,V8,6,"526,0671935","845,3588967"
CLIENTE656,SuaveTerno,V8,7,"526,0671935","335,8958851"
CLIENTE656,SuaveTerno,V8,8,"526,0671935","436,5391686"
CLIENTE656,SuaveTerno,V8,9,"526,0671935","956,1477605"
CLIENTE656,SuaveTerno,V8,10,"526,0671935","395,5083874"
CLIENTE656,SuaveTerno,V8,11,"526,0671935","524,7194764"
CLIENTE656,SuaveTerno,V8,12,"526,0671935","924,5730744"
CLIENTE656,ExcelenteSupremo,V13,5,"526,0671935","337,3700532"
CLIENTE656,ExcelenteSupremo,V13,6,"526,0671935","381,0519028"
CLIENTE656,ExcelenteSupremo,V13,7,"526,0671935","314,0067222"
CLIENTE656,ExcelenteSupremo,V13,8,"526,0671935","392,2996432"
CLIENTE656,ExcelenteSupremo,V13,9,"526,0671935","460,5918479"
CLIENTE656,ExcelenteSupremo,V13,10,"526,0671935","367,3044497"
CLIENTE656,ExcelenteSupremo,V13,11,"526,0671935","499,7987366"
CLIENTE656,ExcelenteSupremo,V13,12,"526,0671935","433,2896331"
CLIENTE194,MuitoBomPleno,V16,5,"526,0671935","175,7135694"
CLIENTE194,MuitoBomPleno,V16,6,"526,0671935","198,4645327"
CLIENTE194,MuitoBomPleno,V16,7,"526,0671935","163,5451678"
CLIENTE194,MuitoBomPleno,V16,8,"526,0671935","204,3227308"
CLIENTE194,MuitoBomPleno,V16,9,"526,0671935","239,8915875"
CLIENTE194,MuitoBomPleno,V16,10,"526,0671935","191,3044009"
CLIENTE194,MuitoBomPleno,V16,11,"526,0671935","260,311842"
CLIENTE194,MuitoBomPleno,V16,12,"526,0671935","225,6716839"
CLIENTE40,MuitoBomPleno,V7,5,"526,0671935","891,045254"
CLIENTE40,MuitoBomPleno,V7,6,"526,0671935","1006,415615"
CLIENTE40,MuitoBomPleno,V7,7,"526,0671935","829,339169"
CLIENTE40,MuitoBomPleno,V7,8,"526,0671935","1036,122596"
CLIENTE40,MuitoBomPleno,V7,9,"526,0671935","1216,492621"
CLIENTE40,MuitoBomPleno,V7,10,"526,0671935","970,1065153"
CLIENTE40,MuitoBomPleno,V7,11,"526,0671935","1320,043934"
CLIENTE40,MuitoBomPleno,V7,12,"522,210954","1144,383349"
CLIENTE40,MuitoBomPleno,V8,5,"526,0671935","1539,324126"
CLIENTE40,MuitoBomPleno,V8,6,"526,0671935","1738,63205"
CLIENTE40,MuitoBomPleno,V8,7,"526,0671935","1432,723855"
CLIENTE40,MuitoBomPleno,V8,8,"526,0671935","1789,952308"
CLIENTE40,MuitoBomPleno,V8,9,"526,0671935","2101,550322"
CLIENTE40,MuitoBomPleno,V8,10,"526,0671935","1675,90631"
CLIENTE40,MuitoBomPleno,V8,11,"526,0671935","2280,440265"
CLIENTE40,MuitoBomPleno,V8,12,"522,210954","1976,978038"
CLIENTE40,MuitoBomPleno,V16,5,"526,0671935","592,5061559"
CLIENTE40,MuitoBomPleno,V16,6,"526,0671935","669,2224043"
CLIENTE40,MuitoBomPleno,V16,7,"526,0671935","551,4743059"
CLIENTE40,MuitoBomPleno,V16,8,"526,0671935","688,9762483"
CLIENTE40,MuitoBomPleno,V16,9,"526,0671935","808,9144329"
CLIENTE40,MuitoBomPleno,V16,10,"526,0671935","645,0784398"
CLIENTE40,MuitoBomPleno,V16,11,"526,0671935","877,7715311"
CLIENTE40,MuitoBomPleno,V16,12,"522,210954","760,9649182"
CLIENTE40,MuitoBomPleno,V13,5,"526,0671935","1162,137503"
CLIENTE40,MuitoBomPleno,V13,6,"526,0671935","1312,608226"
CLIENTE40,MuitoBomPleno,V13,7,"526,0671935","1081,657914"
CLIENTE40,MuitoBomPleno,V13,8,"526,0671935","1351,353279"
CLIENTE40,MuitoBomPleno,V13,9,"526,0671935","1586,599211"
CLIENTE40,MuitoBomPleno,V13,10,"526,0671935","1265,252419"
CLIENTE40,MuitoBomPleno,V13,11,"526,0671935","1721,65505"
CLIENTE40,MuitoBomPleno,V13,12,"522,210954","1492,551362"
CLIENTE256,MuitoBomPleno,V16,2,"526,0671935","33,33333333"
CLIENTE256,MuitoBomPleno,V16,3,"526,0671935","33,33333333"
CLIENTE256,MuitoBomPleno,V16,4,"526,0671935","33,33333333"
CLIENTE256,MuitoBomPleno,V16,5,"526,0671935","33,33333333"
CLIENTE256,MuitoBomPleno,V16,6,"526,0671935","33,33333333"
CLIENTE256,MuitoBomPleno,V16,7,"526,0671935","33,33333333"
CLIENTE256,MuitoBomPleno,V16,8,"526,0671935","33,33333333"
CLIENTE256,MuitoBomPleno,V16,9,"526,0671935","33,33333333"
CLIENTE256,MuitoBomPleno,V16,10,"526,0671935","33,33333333"
CLIENTE256,MuitoBomPleno,V16,11,"526,0671935","33,33333333"
CLIENTE256,MuitoBomPleno,V16,12,"526,0671935","33,33333333"
CLIENTE256,MuitoBomPleno,V16,14,"526,0671935","33,33333333"
CLIENTE256,MuitoBomPleno,V16,15,"526,0671935","33,33333333"
CLIENTE256,MuitoBomPleno,V13,2,"526,0671935","33,33333333"
CLIENTE256,MuitoBomPleno,V13,3,"526,0671935","33,33333333"
CLIENTE256,MuitoBomPleno,V13,4,"526,0671935","33,33333333"
CLIENTE256,MuitoBomPleno,V13,5,"526,0671935","33,33333333"
CLIENTE256,MuitoBomPleno,V13,6,"526,0671935","33,33333333"
CLIENTE256,MuitoBomPleno,V13,7,"526,0671935","33,33333333"
CLIENTE256,MuitoBomPleno,V13,8,"526,0671935","33,33333333"
CLIENTE256,MuitoBomPleno,V13,9,"526,0671935","33,33333333"
CLIENTE256,MuitoBomPleno,V13,10,"526,0671935","33,33333333"
CLIENTE256,MuitoBomPleno,V13,11,"526,0671935","33,33333333"
CLIENTE256,MuitoBomPleno,V13,12,"526,0671935","33,33333333"
CLIENTE256,MuitoBomPleno,V13,14,"526,0671935","33,33333333"
CLIENTE256,MuitoBomPleno,V13,15,"526,0671935","33,33333333"
CLIENTE422,MuitoBomPleno,V7,5,"526,0671935","8,785678468"
CLIENTE422,MuitoBomPleno,V7,6,"526,0671935","9,923226636"
CLIENTE422,MuitoBomPleno,V7,7,"526,0671935","8,177258391"
CLIENTE422,MuitoBomPleno,V7,8,"526,0671935","10,21613654"
CLIENTE422,MuitoBomPleno,V7,9,"526,0671935","11,99457937"
CLIENTE422,MuitoBomPleno,V7,10,"526,0671935","9,565220044"
CLIENTE422,MuitoBomPleno,V7,11,"526,0671935","13,0155921"
CLIENTE422,MuitoBomPleno,V7,12,"522,210954","11,2835842"
CLIENTE422,MuitoBomPleno,V8,5,"526,0671935","8,785678468"
CLIENTE422,MuitoBomPleno,V8,6,"526,0671935","9,923226636"
CLIENTE422,MuitoBomPleno,V8,7,"526,0671935","8,177258391"
CLIENTE422,MuitoBomPleno,V8,8,"526,0671935","10,21613654"
CLIENTE422,MuitoBomPleno,V8,9,"526,0671935","11,99457937"
CLIENTE422,MuitoBomPleno,V8,10,"526,0671935","9,565220044"
CLIENTE422,MuitoBomPleno,V8,11,"526,0671935","13,0155921"
CLIENTE422,MuitoBomPleno,V8,12,"522,210954","11,2835842"
CLIENTE422,MuitoBomPleno,V16,5,"526,0671935","17,57135694"
CLIENTE422,MuitoBomPleno,V16,6,"526,0671935","19,84645327"
CLIENTE422,MuitoBomPleno,V16,7,"526,0671935","16,35451678"
CLIENTE422,MuitoBomPleno,V16,8,"526,0671935","20,43227308"
CLIENTE422,MuitoBomPleno,V16,9,"526,0671935","23,98915875"
CLIENTE422,MuitoBomPleno,V16,10,"526,0671935","19,13044009"
CLIENTE422,MuitoBomPleno,V16,11,"526,0671935","26,0311842"
CLIENTE422,MuitoBomPleno,V16,12,"522,210954","22,56716839"
CLIENTE41,MuitoBomPleno,V7,5,"526,0671935","248,3157458"
CLIENTE41,MuitoBomPleno,V7,6,"526,0671935","280,4670615"
CLIENTE41,MuitoBomPleno,V7,7,"526,0671935","231,1195457"
CLIENTE41,MuitoBomPleno,V7,8,"526,0671935","288,745778"
CLIENTE41,MuitoBomPleno,V7,9,"526,0671935","339,0111457"
CLIENTE41,MuitoBomPleno,V7,10,"526,0671935","270,348472"
CLIENTE41,MuitoBomPleno,V7,11,"526,0671935","367,868739"
CLIENTE41,MuitoBomPleno,V7,12,"522,210954","318,9157941"
CLIENTE41,MuitoBomPleno,V8,5,"526,0671935","248,3157458"
CLIENTE41,MuitoBomPleno,V8,6,"526,0671935","280,4670615"
CLIENTE41,MuitoBomPleno,V8,7,"526,0671935","231,1195457"
CLIENTE41,MuitoBomPleno,V8,8,"526,0671935","288,745778"
CLIENTE41,MuitoBomPleno,V8,9,"526,0671935","339,0111457"
CLIENTE41,MuitoBomPleno,V8,10,"526,0671935","270,348472"
CLIENTE41,MuitoBomPleno,V8,11,"526,0671935","367,868739"
CLIENTE41,MuitoBomPleno,V8,12,"522,210954","318,9157941"
CLIENTE41,MuitoBomPleno,V12,5,"526,0671935","421,7125665"
CLIENTE41,MuitoBomPleno,V12,6,"526,0671935","476,3148785"
CLIENTE41,MuitoBomPleno,V12,7,"526,0671935","392,5084028"
CLIENTE41,MuitoBomPleno,V12,8,"526,0671935","490,374554"
CLIENTE41,MuitoBomPleno,V12,9,"526,0671935","575,7398099"
CLIENTE41,MuitoBomPleno,V12,10,"526,0671935","459,1305621"
CLIENTE41,MuitoBomPleno,V12,11,"526,0671935","624,7484207"
CLIENTE41,MuitoBomPleno,V12,12,"522,210954","541,6120414"
CLIENTE683,MuitoBomPleno,V16,5,"526,0671935","843,4251329"
CLIENTE683,MuitoBomPleno,V16,6,"526,0671935","952,629757"
CLIENTE683,MuitoBomPleno,V16,7,"526,0671935","785,0168056"
CLIENTE683,MuitoBomPleno,V16,8,"526,0671935","980,749108"
CLIENTE683,MuitoBomPleno,V16,9,"526,0671935","1151,47962"
CLIENTE683,MuitoBomPleno,V16,10,"526,0671935","918,2611242"
CLIENTE683,MuitoBomPleno,V16,11,"526,0671935","1249,496841"
CLIENTE683,MuitoBomPleno,V16,12,"526,0671935","1083,224083"
CLIENTE42,MuitoBomPleno,V8,5,"526,0671935","46,29989576"
CLIENTE42,MuitoBomPleno,V8,6,"526,0671935","52,29469307"
CLIENTE42,MuitoBomPleno,V8,7,"526,0671935","43,09356557"
CLIENTE42,MuitoBomPleno,V8,8,"526,0671935","53,83830727"
CLIENTE42,MuitoBomPleno,V8,9,"526,0671935","63,21057352"
CLIENTE42,MuitoBomPleno,V8,10,"526,0671935","50,40802399"
CLIENTE42,MuitoBomPleno,V8,11,"526,0671935","68,59123739"
CLIENTE42,MuitoBomPleno,V8,12,"522,210954","59,4636799"
CLIENTE42,MuitoBomPleno,V16,5,"526,0671935","175,7135694"
CLIENTE42,MuitoBomPleno,V16,6,"526,0671935","198,4645327"
CLIENTE42,MuitoBomPleno,V16,7,"526,0671935","163,5451678"
CLIENTE42,MuitoBomPleno,V16,8,"526,0671935","204,3227308"
CLIENTE42,MuitoBomPleno,V16,9,"526,0671935","239,8915875"
CLIENTE42,MuitoBomPleno,V16,10,"526,0671935","191,3044009"
CLIENTE42,MuitoBomPleno,V16,11,"526,0671935","260,311842"
CLIENTE42,MuitoBomPleno,V16,12,"522,210954","225,6716839"
CLIENTE42,MuitoBomPleno,V13,5,"526,0671935","937,8351054"
CLIENTE42,MuitoBomPleno,V13,6,"526,0671935","1059,263702"
CLIENTE42,MuitoBomPleno,V13,7,"526,0671935","872,8887602"
CLIENTE42,MuitoBomPleno,V13,8,"526,0671935","1090,530632"
CLIENTE42,MuitoBomPleno,V13,9,"526,0671935","1280,372102"
CLIENTE42,MuitoBomPleno,V13,10,"526,0671935","1021,047968"
CLIENTE42,MuitoBomPleno,V13,11,"526,0671935","1389,361019"
CLIENTE42,MuitoBomPleno,V13,12,"522,210954","1204,476286"
CLIENTE258,MuitoBomPleno,V8,2,"526,0671935",250
CLIENTE258,MuitoBomPleno,V8,3,"526,0671935",250
CLIENTE258,MuitoBomPleno,V8,4,"526,0671935",250
CLIENTE258,MuitoBomPleno,V8,5,"526,0671935",250
CLIENTE258,MuitoBomPleno,V8,6,"526,0671935",250
CLIENTE258,MuitoBomPleno,V8,7,"526,0671935",250
CLIENTE258,MuitoBomPleno,V8,8,"526,0671935",250
CLIENTE258,MuitoBomPleno,V8,9,"526,0671935",250
CLIENTE258,MuitoBomPleno,V8,10,"526,0671935",250
CLIENTE258,MuitoBomPleno,V8,11,"526,0671935",250
CLIENTE258,MuitoBomPleno,V8,12,"522,210954",250
CLIENTE258,MuitoBomPleno,V8,14,"526,0671935",250
CLIENTE258,MuitoBomPleno,V8,15,"526,0671935",250
CLIENTE258,MuitoBomPleno,V16,2,"526,0671935",250
CLIENTE258,MuitoBomPleno,V16,3,"526,0671935",250
CLIENTE258,MuitoBomPleno,V16,4,"526,0671935",250
CLIENTE258,MuitoBomPleno,V16,5,"526,0671935",250
CLIENTE258,MuitoBomPleno,V16,6,"526,0671935",250
CLIENTE258,MuitoBomPleno,V16,7,"526,0671935",250
CLIENTE258,MuitoBomPleno,V16,8,"526,0671935",250
CLIENTE258,MuitoBomPleno,V16,9,"526,0671935",250
CLIENTE258,MuitoBomPleno,V16,10,"526,0671935",250
CLIENTE258,MuitoBomPleno,V16,11,"526,0671935",250
CLIENTE258,MuitoBomPleno,V16,12,"522,210954",250
CLIENTE258,MuitoBomPleno,V16,14,"526,0671935",250
CLIENTE258,MuitoBomPleno,V16,15,"526,0671935",250
CLIENTE43,ArtificialSigma,V13,5,"526,0671935","2862,068518"
CLIENTE43,ArtificialSigma,V13,6,"526,0671935","3522,328736"
CLIENTE43,ArtificialSigma,V13,7,"526,0671935","2799,132376"
CLIENTE43,ArtificialSigma,V13,8,"526,0671935","3637,826405"
CLIENTE43,ArtificialSigma,V13,9,"526,0671935","3983,949002"
CLIENTE43,ArtificialSigma,V13,10,"526,0671935","3295,903228"
CLIENTE43,ArtificialSigma,V13,11,"526,0671935","4372,662303"
CLIENTE43,ArtificialSigma,V13,12,"522,210954","3852,38781"
CLIENTE210,MuitoBomPleno,V7,5,"526,0671935","500,4322455"
CLIENTE210,MuitoBomPleno,V7,6,"526,0671935","565,2269892"
CLIENTE210,MuitoBomPleno,V7,7,"526,0671935","465,776638"
CLIENTE210,MuitoBomPleno,V7,8,"526,0671935","581,9111374"
CLIENTE210,MuitoBomPleno,V7,9,"526,0671935","683,2112411"
CLIENTE210,MuitoBomPleno,V7,10,"526,0671935","544,8349337"
CLIENTE210,MuitoBomPleno,V7,11,"526,0671935","741,3681259"
CLIENTE210,MuitoBomPleno,V7,12,"522,210954","642,7129558"
CLIENTE210,MuitoBomPleno,V8,5,"526,0671935","500,4322455"
CLIENTE210,MuitoBomPleno,V8,6,"526,0671935","565,2269892"
CLIENTE210,MuitoBomPleno,V8,7,"526,0671935","465,776638"
CLIENTE210,MuitoBomPleno,V8,8,"526,0671935","581,9111374"
CLIENTE210,MuitoBomPleno,V8,9,"526,0671935","683,2112411"
CLIENTE210,MuitoBomPleno,V8,10,"526,0671935","544,8349337"
CLIENTE210,MuitoBomPleno,V8,11,"526,0671935","741,3681259"
CLIENTE210,MuitoBomPleno,V8,12,"522,210954","642,7129558"
CLIENTE210,MuitoBomPleno,V16,5,"526,0671935","917,1182201"
CLIENTE210,MuitoBomPleno,V16,6,"526,0671935","1035,864445"
CLIENTE210,MuitoBomPleno,V16,7,"526,0671935","853,6065471"
CLIENTE210,MuitoBomPleno,V16,8,"526,0671935","1066,440685"
CLIENTE210,MuitoBomPleno,V16,9,"526,0671935","1252,088535"
CLIENTE210,MuitoBomPleno,V16,10,"526,0671935","998,4929011"
CLIENTE210,MuitoBomPleno,V16,11,"526,0671935","1358,669874"
CLIENTE210,MuitoBomPleno,V16,12,"522,210954","1177,869267"
CLIENTE210,MuitoBomPleno,V13,5,"526,0671935","825,5672935"
CLIENTE210,MuitoBomPleno,V13,6,"526,0671935","932,4597282"
CLIENTE210,MuitoBomPleno,V13,7,"526,0671935","768,3956456"
CLIENTE210,MuitoBomPleno,V13,8,"526,0671935","959,9837081"
CLIENTE210,MuitoBomPleno,V13,9,"526,0671935","1127,099343"
CLIENTE210,MuitoBomPleno,V13,10,"526,0671935","898,8187824"
CLIENTE210,MuitoBomPleno,V13,11,"526,0671935","1223,041246"
CLIENTE210,MuitoBomPleno,V13,12,"522,210954","1060,288981"
CLIENTE44,NaturalClaro,V1,3,"526,0671935",968
CLIENTE44,NaturalClaro,V1,15,"526,0671935",968
CLIENTE44,MuitoBomPleno,V3,5,"526,0671935","4502,534641"
CLIENTE44,MuitoBomPleno,V3,6,"526,0671935","5541,23951"
CLIENTE44,MuitoBomPleno,V3,7,"526,0671935","4403,525076"
CLIENTE44,MuitoBomPleno,V3,8,"526,0671935","5722,937555"
CLIENTE44,MuitoBomPleno,V3,9,"526,0671935","6267,448972"
CLIENTE44,MuitoBomPleno,V3,10,"526,0671935","5185,032561"
CLIENTE44,MuitoBomPleno,V3,11,"526,0671935","6878,963019"
CLIENTE44,MuitoBomPleno,V3,12,"522,210954","6060,480193"
CLIENTE44,MuitoBomPleno,V7,5,"526,0671935","10555,24663"
CLIENTE44,MuitoBomPleno,V7,6,"526,0671935","11921,91415"
CLIENTE44,MuitoBomPleno,V7,7,"526,0671935","9824,281569"
CLIENTE44,MuitoBomPleno,V7,8,"526,0671935","12273,82053"
CLIENTE44,MuitoBomPleno,V7,9,"526,0671935","14410,46857"
CLIENTE44,MuitoBomPleno,V7,10,"526,0671935","11491,79963"
CLIENTE44,MuitoBomPleno,V7,11,"526,0671935","15637,12866"
CLIENTE44,MuitoBomPleno,V7,12,"522,210954","13556,26824"
CLIENTE44,MuitoBomPleno,V16,5,"526,0671935","3814,983937"
CLIENTE44,MuitoBomPleno,V16,6,"526,0671935","4308,93873"
CLIENTE44,MuitoBomPleno,V16,7,"526,0671935","3550,791157"
CLIENTE44,MuitoBomPleno,V16,8,"526,0671935","4436,12829"
CLIENTE44,MuitoBomPleno,V16,9,"526,0671935","5208,377225"
CLIENTE44,MuitoBomPleno,V16,10,"526,0671935","4153,482392"
CLIENTE44,MuitoBomPleno,V16,11,"526,0671935","5651,729114"
CLIENTE44,MuitoBomPleno,V16,12,"522,210954","4899,643507"
CLIENTE44,ExcelenteSupremo,V3,5,"526,0671935","5799,681959"
CLIENTE44,ExcelenteSupremo,V3,6,"526,0671935","6828,585104"
CLIENTE44,ExcelenteSupremo,V3,7,"526,0671935","5502,717141"
CLIENTE44,ExcelenteSupremo,V3,8,"526,0671935","7049,826612"
CLIENTE44,ExcelenteSupremo,V3,9,"526,0671935","7919,914555"
CLIENTE44,ExcelenteSupremo,V3,10,"526,0671935","6463,659838"
CLIENTE44,ExcelenteSupremo,V3,11,"526,0671935","8603,877372"
CLIENTE44,ExcelenteSupremo,V3,12,"522,210954","7580,54072"
CLIENTE657,InferiorRaso,V1,5,"526,0671935","107,3275694"
CLIENTE657,InferiorRaso,V1,6,"526,0671935","132,0873276"
CLIENTE657,InferiorRaso,V1,7,"526,0671935","104,9674641"
CLIENTE657,InferiorRaso,V1,8,"526,0671935","136,4184902"
CLIENTE657,InferiorRaso,V1,9,"526,0671935","149,3980876"
CLIENTE657,InferiorRaso,V1,10,"526,0671935","123,5963711"
CLIENTE657,InferiorRaso,V1,11,"526,0671935","163,9748364"
CLIENTE657,InferiorRaso,V1,12,"526,0671935","144,4645429"
CLIENTE657,InferiorRaso,V16,5,"526,0671935","1681,465254"
CLIENTE657,InferiorRaso,V16,6,"526,0671935","2069,368133"
CLIENTE657,InferiorRaso,V16,7,"526,0671935","1644,490271"
CLIENTE657,InferiorRaso,V16,8,"526,0671935","2137,223013"
CLIENTE657,InferiorRaso,V16,9,"526,0671935","2340,570039"
CLIENTE657,InferiorRaso,V16,10,"526,0671935","1936,343147"
CLIENTE657,InferiorRaso,V16,11,"526,0671935","2568,939103"
CLIENTE657,InferiorRaso,V16,12,"526,0671935","2263,277838"
CLIENTE657,SuaveTerno,V7,5,"526,0671935","1287,930833"
CLIENTE657,SuaveTerno,V7,6,"526,0671935","1585,047931"
CLIENTE657,SuaveTerno,V7,7,"526,0671935","1259,609569"
CLIENTE657,SuaveTerno,V7,8,"526,0671935","1637,021882"
CLIENTE657,SuaveTerno,V7,9,"526,0671935","1792,777051"
CLIENTE657,SuaveTerno,V7,10,"526,0671935","1483,156453"
CLIENTE657,SuaveTerno,V7,11,"526,0671935","1967,698036"
CLIENTE657,SuaveTerno,V7,12,"526,0671935","1733,574514"
CLIENTE657,MuitoBomPleno,V7,5,"526,0671935","281,141711"
CLIENTE657,MuitoBomPleno,V7,6,"526,0671935","317,5432523"
CLIENTE657,MuitoBomPleno,V7,7,"526,0671935","261,6722685"
CLIENTE657,MuitoBomPleno,V7,8,"526,0671935","326,9163693"
CLIENTE657,MuitoBomPleno,V7,9,"526,0671935","383,8265399"
CLIENTE657,MuitoBomPleno,V7,10,"526,0671935","306,0870414"
CLIENTE657,MuitoBomPleno,V7,11,"526,0671935","416,4989471"
CLIENTE657,MuitoBomPleno,V7,12,"526,0671935","361,0746943"
CLIENTE657,MuitoBomPleno,V8,5,"526,0671935","245,9989971"
CLIENTE657,MuitoBomPleno,V8,6,"526,0671935","277,8503458"
CLIENTE657,MuitoBomPleno,V8,7,"526,0671935","228,963235"
CLIENTE657,MuitoBomPleno,V8,8,"526,0671935","286,0518232"
CLIENTE657,MuitoBomPleno,V8,9,"526,0671935","335,8482225"
CLIENTE657,MuitoBomPleno,V8,10,"526,0671935","267,8261612"
CLIENTE657,MuitoBomPleno,V8,11,"526,0671935","364,4365788"
CLIENTE657,MuitoBomPleno,V8,12,"526,0671935","315,9403575"
CLIENTE657,MuitoBomPleno,V16,5,"526,0671935","3603,090805"
CLIENTE657,MuitoBomPleno,V16,6,"526,0671935","4069,610193"
CLIENTE657,MuitoBomPleno,V16,7,"526,0671935","3353,57191"
CLIENTE657,MuitoBomPleno,V16,8,"526,0671935","4189,735348"
CLIENTE657,MuitoBomPleno,V16,9,"526,0671935","4919,09177"
CLIENTE657,MuitoBomPleno,V16,10,"526,0671935","3922,788264"
CLIENTE657,MuitoBomPleno,V16,11,"526,0671935","5337,818858"
CLIENTE657,MuitoBomPleno,V16,12,"526,0671935","4627,505845"
CLIENTE657,MuitoBomPleno,V13,5,"526,0671935","1556,680051"
CLIENTE657,MuitoBomPleno,V13,6,"526,0671935","1758,235178"
CLIENTE657,MuitoBomPleno,V13,7,"526,0671935","1448,877859"
CLIENTE657,MuitoBomPleno,V13,8,"526,0671935","1810,134073"
CLIENTE657,MuitoBomPleno,V13,9,"526,0671935","2125,245364"
CLIENTE657,MuitoBomPleno,V13,10,"526,0671935","1694,802204"
CLIENTE657,MuitoBomPleno,V13,11,"526,0671935","2306,152296"
CLIENTE657,MuitoBomPleno,V13,12,"526,0671935","1999,268524"
CLIENTE657,ExcelenteSupremo,V16,5,"526,0671935","1265,137699"
CLIENTE657,ExcelenteSupremo,V16,6,"526,0671935","1428,944636"
CLIENTE657,ExcelenteSupremo,V16,7,"526,0671935","1177,525208"
CLIENTE657,ExcelenteSupremo,V16,8,"526,0671935","1471,123662"
CLIENTE657,ExcelenteSupremo,V16,9,"526,0671935","1727,21943"
CLIENTE657,ExcelenteSupremo,V16,10,"526,0671935","1377,391686"
CLIENTE657,ExcelenteSupremo,V16,11,"526,0671935","1874,245262"
CLIENTE657,ExcelenteSupremo,V16,12,"526,0671935","1624,836124"
CLIENTE657,ExcelenteSupremo,V13,5,"526,0671935","1002,657981"
CLIENTE657,ExcelenteSupremo,V13,6,"526,0671935","1132,479685"
CLIENTE657,ExcelenteSupremo,V13,7,"526,0671935","933,2225645"
CLIENTE657,ExcelenteSupremo,V13,8,"526,0671935","1165,907776"
CLIENTE657,ExcelenteSupremo,V13,9,"526,0671935","1368,871031"
CLIENTE657,ExcelenteSupremo,V13,10,"526,0671935","1091,622492"
CLIENTE657,ExcelenteSupremo,V13,11,"526,0671935","1485,393228"
CLIENTE657,ExcelenteSupremo,V13,12,"526,0671935","1287,729319"
CLIENTE45,MuitoBomPleno,V5,1,"526,0671935",102
CLIENTE45,MuitoBomPleno,V5,4,"526,0671935",102
CLIENTE45,MuitoBomPleno,V5,5,"526,0671935","234,9212817"
CLIENTE45,MuitoBomPleno,V5,6,"526,0671935","245,0464712"
CLIENTE45,MuitoBomPleno,V5,7,"526,0671935","213,0558834"
CLIENTE45,MuitoBomPleno,V5,8,"526,0671935","234,9212817"
CLIENTE45,MuitoBomPleno,V5,9,"526,0671935","245,0464712"
CLIENTE45,MuitoBomPleno,V5,10,"526,0671935","213,0558834"
CLIENTE45,MuitoBomPleno,V5,11,"526,0671935","234,9212817"
CLIENTE45,MuitoBomPleno,V5,12,"522,210954","245,0464712"
CLIENTE45,MuitoBomPleno,V5,13,"526,0671935",102
CLIENTE45,MuitoBomIntenso,V9,1,"526,0671935","153,6"
CLIENTE45,MuitoBomIntenso,V9,2,"526,0671935","102,4"
CLIENTE45,MuitoBomIntenso,V9,3,"526,0671935","102,4"
CLIENTE45,MuitoBomIntenso,V9,4,"526,0671935","22,78"
CLIENTE45,MuitoBomIntenso,V9,5,"526,0671935","215,3706554"
CLIENTE45,MuitoBomIntenso,V9,6,"526,0671935","356,4887262"
CLIENTE45,MuitoBomIntenso,V9,7,"526,0671935","270,1139518"
CLIENTE45,MuitoBomIntenso,V9,8,"526,0671935","329,1506554"
CLIENTE45,MuitoBomIntenso,V9,9,"526,0671935","356,4887262"
CLIENTE45,MuitoBomIntenso,V9,10,"526,0671935","270,1139518"
CLIENTE45,MuitoBomIntenso,V9,11,"526,0671935","329,1506554"
CLIENTE45,MuitoBomIntenso,V9,12,"522,210954","356,4887262"
CLIENTE45,MuitoBomIntenso,V9,13,"526,0671935","153,6"
CLIENTE45,MuitoBomIntenso,V9,14,"526,0671935","102,4"
CLIENTE45,MuitoBomIntenso,V9,15,"526,0671935","102,4"
CLIENTE203,SuaveTerno,V7,5,"526,0671935","772,7584999"
CLIENTE203,SuaveTerno,V7,6,"526,0671935","1902,057518"
CLIENTE203,SuaveTerno,V7,7,"526,0671935","755,7657415"
CLIENTE203,SuaveTerno,V7,8,"526,0671935","982,2131294"
CLIENTE203,SuaveTerno,V7,9,"526,0671935","2151,332461"
CLIENTE203,SuaveTerno,V7,10,"526,0671935","889,8938716"
CLIENTE203,SuaveTerno,V7,11,"526,0671935","1180,618822"
CLIENTE203,SuaveTerno,V7,12,"522,210954","2080,289417"
CLIENTE203,SuaveTerno,V8,5,"526,0671935","772,7584999"
CLIENTE203,SuaveTerno,V8,6,"526,0671935","1902,057518"
CLIENTE203,SuaveTerno,V8,7,"526,0671935","755,7657415"
CLIENTE203,SuaveTerno,V8,8,"526,0671935","982,2131294"
CLIENTE203,SuaveTerno,V8,9,"526,0671935","2151,332461"
CLIENTE203,SuaveTerno,V8,10,"526,0671935","889,8938716"
CLIENTE203,SuaveTerno,V8,11,"526,0671935","1180,618822"
CLIENTE203,SuaveTerno,V8,12,"522,210954","2080,289417"
CLIENTE203,SuaveTerno,V16,5,"526,0671935","3262,758111"
CLIENTE203,SuaveTerno,V16,7,"526,0671935","3191,010909"
CLIENTE203,SuaveTerno,V16,8,"526,0671935","4147,122102"
CLIENTE203,SuaveTerno,V16,10,"526,0671935","3757,32968"
CLIENTE203,SuaveTerno,V16,11,"526,0671935","1984,835025"
CLIENTE203,MuitoBomPleno,V13,5,"526,0671935","74,91892518"
CLIENTE203,MuitoBomPleno,V13,6,"526,0671935","84,61924444"
CLIENTE203,MuitoBomPleno,V13,7,"526,0671935","69,73068863"
CLIENTE203,MuitoBomPleno,V13,8,"526,0671935","87,11700206"
CLIENTE203,MuitoBomPleno,V13,9,"526,0671935","102,2824814"
CLIENTE203,MuitoBomPleno,V13,10,"526,0671935","81,56638186"
CLIENTE203,MuitoBomPleno,V13,11,"526,0671935","110,9890573"
CLIENTE203,MuitoBomPleno,V13,12,"522,210954","96,21954677"
CLIENTE203,ExcelenteSupremo,V13,5,"526,0671935","843,4251329"
CLIENTE203,ExcelenteSupremo,V13,6,"526,0671935","952,629757"
CLIENTE203,ExcelenteSupremo,V13,7,"526,0671935","785,0168056"
CLIENTE203,ExcelenteSupremo,V13,8,"526,0671935","980,749108"
CLIENTE203,ExcelenteSupremo,V13,9,"526,0671935","1151,47962"
CLIENTE203,ExcelenteSupremo,V13,10,"526,0671935","918,2611242"
CLIENTE203,ExcelenteSupremo,V13,11,"526,0671935","1249,496841"
CLIENTE203,ExcelenteSupremo,V13,12,"522,210954","1083,224083"
CLIENTE623,MuitoBomPleno,V16,5,"526,0671935","436,6963515"
CLIENTE623,MuitoBomPleno,V16,6,"526,0671935","493,2387274"
CLIENTE623,MuitoBomPleno,V16,7,"526,0671935","406,4545405"
CLIENTE623,MuitoBomPleno,V16,8,"526,0671935","507,7979544"
CLIENTE623,MuitoBomPleno,V16,9,"526,0671935","596,1963062"
CLIENTE623,MuitoBomPleno,V16,10,"526,0671935","475,4438385"
CLIENTE623,MuitoBomPleno,V16,11,"526,0671935","646,9462322"
CLIENTE623,MuitoBomPleno,V16,12,"522,210954","560,8559508"
CLIENTE47,MuitoBomPleno,V7,5,"526,0671935","375,3241842"
CLIENTE47,MuitoBomPleno,V7,6,"526,0671935","423,9202419"
CLIENTE47,MuitoBomPleno,V7,7,"526,0671935","349,3324785"
CLIENTE47,MuitoBomPleno,V7,8,"526,0671935","436,433353"
CLIENTE47,MuitoBomPleno,V7,9,"526,0671935","512,4084308"
CLIENTE47,MuitoBomPleno,V7,10,"526,0671935","408,6262003"
CLIENTE47,MuitoBomPleno,V7,11,"526,0671935","556,0260944"
CLIENTE47,MuitoBomPleno,V7,12,"522,210954","482,0347169"
CLIENTE47,MuitoBomPleno,V8,5,"526,0671935","375,3241842"
CLIENTE47,MuitoBomPleno,V8,6,"526,0671935","423,9202419"
CLIENTE47,MuitoBomPleno,V8,7,"526,0671935","349,3324785"
CLIENTE47,MuitoBomPleno,V8,8,"526,0671935","436,433353"
CLIENTE47,MuitoBomPleno,V8,9,"526,0671935","512,4084308"
CLIENTE47,MuitoBomPleno,V8,10,"526,0671935","408,6262003"
CLIENTE47,MuitoBomPleno,V8,11,"526,0671935","556,0260944"
CLIENTE47,MuitoBomPleno,V8,12,"522,210954","482,0347169"
CLIENTE47,MuitoBomPleno,V16,5,"526,0671935","1310,579328"
CLIENTE47,MuitoBomPleno,V16,6,"526,0671935","1480,269935"
CLIENTE47,MuitoBomPleno,V16,7,"526,0671935","1219,819943"
CLIENTE47,MuitoBomPleno,V16,8,"526,0671935","1523,963961"
CLIENTE47,MuitoBomPleno,V16,9,"526,0671935","1789,25826"
CLIENTE47,MuitoBomPleno,V16,10,"526,0671935","1426,86529"
CLIENTE47,MuitoBomPleno,V16,11,"526,0671935","1941,565015"
CLIENTE47,MuitoBomPleno,V16,12,"522,210954","1683,197518"
CLIENTE47,MuitoBomPleno,V13,5,"526,0671935","866,3231888"
CLIENTE47,MuitoBomPleno,V13,6,"526,0671935","978,4925972"
CLIENTE47,MuitoBomPleno,V13,7,"526,0671935","806,3291402"
CLIENTE47,MuitoBomPleno,V13,8,"526,0671935","1007,375357"
CLIENTE47,MuitoBomPleno,V13,9,"526,0671935","1182,741013"
CLIENTE47,MuitoBomPleno,V13,10,"526,0671935","943,1908942"
CLIENTE47,MuitoBomPleno,V13,11,"526,0671935","1283,419293"
CLIENTE47,MuitoBomPleno,V13,12,"522,210954","1112,632414"
CLIENTE400,MuitoBomPleno,V16,2,"526,0671935",500
CLIENTE400,MuitoBomPleno,V16,3,"526,0671935",500
CLIENTE400,MuitoBomPleno,V16,4,"526,0671935",500
CLIENTE400,MuitoBomPleno,V16,5,"526,0671935",500
CLIENTE400,MuitoBomPleno,V16,6,"526,0671935",500
CLIENTE400,MuitoBomPleno,V16,7,"526,0671935",500
CLIENTE400,MuitoBomPleno,V16,8,"526,0671935",500
CLIENTE400,MuitoBomPleno,V16,9,"526,0671935",500
CLIENTE400,MuitoBomPleno,V16,10,"526,0671935",500
CLIENTE400,MuitoBomPleno,V16,11,"526,0671935",500
CLIENTE400,MuitoBomPleno,V16,12,"522,210954",500
CLIENTE400,MuitoBomPleno,V16,14,"526,0671935",500
CLIENTE400,MuitoBomPleno,V16,15,"526,0671935",500
CLIENTE400,MuitoBomPleno,V13,2,"526,0671935",500
CLIENTE400,MuitoBomPleno,V13,3,"526,0671935",500
CLIENTE400,MuitoBomPleno,V13,4,"526,0671935",500
CLIENTE400,MuitoBomPleno,V13,5,"526,0671935",500
CLIENTE400,MuitoBomPleno,V13,6,"526,0671935",500
CLIENTE400,MuitoBomPleno,V13,7,"526,0671935",500
CLIENTE400,MuitoBomPleno,V13,8,"526,0671935",500
CLIENTE400,MuitoBomPleno,V13,9,"526,0671935",500
CLIENTE400,MuitoBomPleno,V13,10,"526,0671935",500
CLIENTE400,MuitoBomPleno,V13,11,"526,0671935",500
CLIENTE400,MuitoBomPleno,V13,12,"522,210954",500
CLIENTE400,MuitoBomPleno,V13,14,"526,0671935",500
CLIENTE400,MuitoBomPleno,V13,15,"526,0671935",500
CLIENTE193,InferiorRaso,V1,5,"526,0671935","219,4252531"
CLIENTE193,InferiorRaso,V1,6,"526,0671935","270,0452031"
CLIENTE193,InferiorRaso,V1,7,"526,0671935","214,6001488"
CLIENTE193,InferiorRaso,V1,8,"526,0671935","278,9000244"
CLIENTE193,InferiorRaso,V1,9,"526,0671935","305,4360902"
CLIENTE193,InferiorRaso,V1,10,"526,0671935","252,6859142"
CLIENTE193,InferiorRaso,V1,11,"526,0671935","335,2374432"
CLIENTE193,InferiorRaso,V1,12,"522,210954","295,3497321"
CLIENTE193,InferiorRaso,V16,5,"526,0671935","219,4252531"
CLIENTE193,InferiorRaso,V16,6,"526,0671935","270,0452031"
CLIENTE193,InferiorRaso,V16,7,"526,0671935","214,6001488"
CLIENTE193,InferiorRaso,V16,8,"526,0671935","278,9000244"
CLIENTE193,InferiorRaso,V16,9,"526,0671935","305,4360902"
CLIENTE193,InferiorRaso,V16,10,"526,0671935","252,6859142"
CLIENTE193,InferiorRaso,V16,11,"526,0671935","335,2374432"
CLIENTE193,InferiorRaso,V16,12,"522,210954","295,3497321"
CLIENTE193,SuaveTerno,V7,5,"526,0671935","438,8505061"
CLIENTE193,SuaveTerno,V7,6,"526,0671935","540,0904062"
CLIENTE193,SuaveTerno,V7,7,"526,0671935","429,2002977"
CLIENTE193,SuaveTerno,V7,8,"526,0671935","557,8000488"
CLIENTE193,SuaveTerno,V7,9,"526,0671935","610,8721804"
CLIENTE193,SuaveTerno,V7,10,"526,0671935","505,3718283"
CLIENTE193,SuaveTerno,V7,11,"526,0671935","670,4748865"
CLIENTE193,SuaveTerno,V7,12,"522,210954","590,6994642"
CLIENTE193,MuitoBomPleno,V16,5,"526,0671935","2188,21965"
CLIENTE193,MuitoBomPleno,V16,6,"526,0671935","2471,544981"
CLIENTE193,MuitoBomPleno,V16,7,"526,0671935","2036,68249"
CLIENTE193,MuitoBomPleno,V16,8,"526,0671935","2544,499075"
CLIENTE193,MuitoBomPleno,V16,9,"526,0671935","2987,449903"
CLIENTE193,MuitoBomPleno,V16,10,"526,0671935","2382,377472"
CLIENTE193,MuitoBomPleno,V16,11,"526,0671935","3241,750139"
CLIENTE193,MuitoBomPleno,V16,12,"522,210954","2810,364704"
CLIENTE193,MuitoBomPleno,V13,5,"526,0671935","393,5983954"
CLIENTE193,MuitoBomPleno,V13,6,"526,0671935","444,5605533"
CLIENTE193,MuitoBomPleno,V13,7,"526,0671935","366,3411759"
CLIENTE193,MuitoBomPleno,V13,8,"526,0671935","457,682917"
CLIENTE193,MuitoBomPleno,V13,9,"526,0671935","537,3571559"
CLIENTE193,MuitoBomPleno,V13,10,"526,0671935","428,521858"
CLIENTE193,MuitoBomPleno,V13,11,"526,0671935","583,098526"
CLIENTE193,MuitoBomPleno,V13,12,"522,210954","505,504572"
CLIENTE232,MuitoBomPleno,V8,5,"526,0671935","7027,103319"
CLIENTE232,MuitoBomPleno,V8,6,"526,0671935","7936,955476"
CLIENTE232,MuitoBomPleno,V8,7,"526,0671935","6540,466942"
CLIENTE232,MuitoBomPleno,V8,8,"526,0671935","8171,23541"
CLIENTE232,MuitoBomPleno,V8,9,"526,0671935","9593,698293"
CLIENTE232,MuitoBomPleno,V8,10,"526,0671935","7650,608859"
CLIENTE232,MuitoBomPleno,V8,11,"526,0671935","10410,34119"
CLIENTE232,MuitoBomPleno,V8,12,"522,210954","9025,018642"
CLIENTE232,MuitoBomPleno,V16,5,"526,0671935","8289,183621"
CLIENTE232,MuitoBomPleno,V16,6,"526,0671935","9362,44685"
CLIENTE232,MuitoBomPleno,V16,7,"526,0671935","7715,146482"
CLIENTE232,MuitoBomPleno,V16,8,"526,0671935","9638,803878"
CLIENTE232,MuitoBomPleno,V16,9,"526,0671935","11316,74364"
CLIENTE232,MuitoBomPleno,V16,10,"526,0671935","9024,671869"
CLIENTE232,MuitoBomPleno,V16,11,"526,0671935","12280,05705"
CLIENTE232,MuitoBomPleno,V16,12,"522,210954","10645,9281"
CLIENTE232,MuitoBomPleno,V13,5,"526,0671935","4620,419024"
CLIENTE232,MuitoBomPleno,V13,6,"526,0671935","5218,659582"
CLIENTE232,MuitoBomPleno,V13,7,"526,0671935","4300,448778"
CLIENTE232,MuitoBomPleno,V13,8,"526,0671935","5372,701926"
CLIENTE232,MuitoBomPleno,V13,9,"526,0671935","6307,991229"
CLIENTE232,MuitoBomPleno,V13,10,"526,0671935","5030,382664"
CLIENTE232,MuitoBomPleno,V13,11,"526,0671935","6844,945391"
CLIENTE232,MuitoBomPleno,V13,12,"522,210954","5934,07638"
CLIENTE232,MuitoBomPleno,V15,5,"526,0671935","2003,978116"
CLIENTE232,MuitoBomPleno,V15,6,"526,0671935","2263,448303"
CLIENTE232,MuitoBomPleno,V15,7,"526,0671935","1865,19993"
CLIENTE232,MuitoBomPleno,V15,8,"526,0671935","2330,259881"
CLIENTE232,MuitoBomPleno,V15,9,"526,0671935","2735,915577"
CLIENTE232,MuitoBomPleno,V15,10,"526,0671935","2181,788431"
CLIENTE232,MuitoBomPleno,V15,11,"526,0671935","2968,804495"
CLIENTE232,MuitoBomPleno,V15,12,"522,210954","2573,740421"
CLIENTE232,ImpuroMarcado,V8,5,"526,0671935","429,3102777"
CLIENTE232,ImpuroMarcado,V8,6,"526,0671935","528,3493105"
CLIENTE232,ImpuroMarcado,V8,7,"526,0671935","419,8698564"
CLIENTE232,ImpuroMarcado,V8,8,"526,0671935","545,6739608"
CLIENTE232,ImpuroMarcado,V8,9,"526,0671935","597,5923503"
CLIENTE232,ImpuroMarcado,V8,10,"526,0671935","494,3854842"
CLIENTE232,ImpuroMarcado,V8,11,"526,0671935","655,8993455"
CLIENTE232,ImpuroMarcado,V8,12,"522,210954","577,8581715"
CLIENTE48,MuitoBomIntenso,V9,6,"526,0671935","216,7898086"
CLIENTE48,MuitoBomIntenso,V9,7,"526,0671935","139,6390151"
CLIENTE48,MuitoBomIntenso,V9,8,"526,0671935","192,3711763"
CLIENTE48,MuitoBomIntenso,V9,9,"526,0671935","216,7898086"
CLIENTE48,MuitoBomIntenso,V9,10,"526,0671935","139,6390151"
CLIENTE48,MuitoBomIntenso,V9,11,"526,0671935","192,3711763"
CLIENTE48,MuitoBomIntenso,V9,12,"522,210954","216,7898086"
CLIENTE192,InferiorRaso,V8,5,"526,0671935","1059,680869"
CLIENTE192,InferiorRaso,V8,6,"526,0671935","1304,142215"
CLIENTE192,InferiorRaso,V8,7,"526,0671935","1036,378762"
CLIENTE192,InferiorRaso,V8,8,"526,0671935","1346,905227"
CLIENTE192,InferiorRaso,V8,9,"526,0671935","1475,057118"
CLIENTE192,InferiorRaso,V8,10,"526,0671935","1220,30817"
CLIENTE192,InferiorRaso,V8,11,"526,0671935","1618,978218"
CLIENTE192,InferiorRaso,V8,12,"522,210954","1426,346587"
CLIENTE192,InferiorRaso,V16,5,"526,0671935","1287,930833"
CLIENTE192,InferiorRaso,V16,6,"526,0671935","1585,047931"
CLIENTE192,InferiorRaso,V16,7,"526,0671935","1259,609569"
CLIENTE192,InferiorRaso,V16,8,"526,0671935","1637,021882"
CLIENTE192,InferiorRaso,V16,9,"526,0671935","1792,777051"
CLIENTE192,InferiorRaso,V16,10,"526,0671935","1483,156453"
CLIENTE192,InferiorRaso,V16,11,"526,0671935","1967,698036"
CLIENTE192,InferiorRaso,V16,12,"522,210954","1733,574514"
CLIENTE192,InferiorRaso,V12,5,"526,0671935","1332,993189"
CLIENTE192,InferiorRaso,V12,6,"526,0671935","1640,505873"
CLIENTE192,InferiorRaso,V12,7,"526,0671935","1303,681015"
CLIENTE192,InferiorRaso,V12,8,"526,0671935","1694,298298"
CLIENTE192,InferiorRaso,V12,9,"526,0671935","1855,503057"
CLIENTE192,InferiorRaso,V12,10,"526,0671935","1535,049397"
CLIENTE192,InferiorRaso,V12,11,"526,0671935","2036,544209"
CLIENTE192,InferiorRaso,V12,12,"522,210954","1794,229131"
CLIENTE192,SuaveTerno,V7,5,"526,0671935","1534,053502"
CLIENTE192,SuaveTerno,V7,6,"526,0671935","1887,949467"
CLIENTE192,SuaveTerno,V7,7,"526,0671935","1500,320065"
CLIENTE192,SuaveTerno,V7,8,"526,0671935","1949,855603"
CLIENTE192,SuaveTerno,V7,9,"526,0671935","2135,375474"
CLIENTE192,SuaveTerno,V7,10,"526,0671935","1766,586599"
CLIENTE192,SuaveTerno,V7,11,"526,0671935","2343,723736"
CLIENTE192,SuaveTerno,V7,12,"522,210954","2064,859375"
CLIENTE192,MuitoBomPleno,V8,5,"526,0671935","509,9910637"
CLIENTE192,MuitoBomPleno,V8,6,"526,0671935","576,0234597"
CLIENTE192,MuitoBomPleno,V8,7,"526,0671935","474,6734951"
CLIENTE192,MuitoBomPleno,V8,8,"526,0671935","593,0262939"
CLIENTE192,MuitoBomPleno,V8,9,"526,0671935","696,2613435"
CLIENTE192,MuitoBomPleno,V8,10,"526,0671935","555,2418931"
CLIENTE192,MuitoBomPleno,V8,11,"526,0671935","755,5290901"
CLIENTE192,MuitoBomPleno,V8,12,"522,210954","654,9894954"
CLIENTE192,MuitoBomPleno,V16,3,"526,0671935",74
CLIENTE192,MuitoBomPleno,V16,4,"526,0671935",74
CLIENTE192,MuitoBomPleno,V16,5,"526,0671935","5059,45007"
CLIENTE192,MuitoBomPleno,V16,6,"526,0671935","5704,953956"
CLIENTE192,MuitoBomPleno,V16,7,"526,0671935","4714,200933"
CLIENTE192,MuitoBomPleno,V16,8,"526,0671935","5871,166243"
CLIENTE192,MuitoBomPleno,V16,9,"526,0671935","6880,347034"
CLIENTE192,MuitoBomPleno,V16,10,"526,0671935","5501,80243"
CLIENTE192,MuitoBomPleno,V16,11,"526,0671935","7459,72266"
CLIENTE192,MuitoBomPleno,V16,12,"522,210954","6476,891459"
CLIENTE192,MuitoBomPleno,V16,15,"526,0671935",74
CLIENTE192,MuitoBomPleno,V13,5,"526,0671935","152,683876"
CLIENTE192,MuitoBomPleno,V13,6,"526,0671935","172,453011"
CLIENTE192,MuitoBomPleno,V13,7,"526,0671935","142,1103118"
CLIENTE192,MuitoBomPleno,V13,8,"526,0671935","177,5434112"
CLIENTE192,MuitoBomPleno,V13,9,"526,0671935","208,4504773"
CLIENTE192,MuitoBomPleno,V13,10,"526,0671935","166,2313134"
CLIENTE192,MuitoBomPleno,V13,11,"526,0671935","226,194375"
CLIENTE192,MuitoBomPleno,V13,12,"522,210954","196,0942888"
CLIENTE241,MuitoBomPleno,V16,5,"526,0671935","805,977057"
CLIENTE241,MuitoBomPleno,V16,6,"526,0671935","910,3329958"
CLIENTE241,MuitoBomPleno,V16,7,"526,0671935","750,1620594"
CLIENTE241,MuitoBomPleno,V16,8,"526,0671935","937,2038476"
CLIENTE241,MuitoBomPleno,V16,9,"526,0671935","1100,353925"
CLIENTE241,MuitoBomPleno,V16,10,"526,0671935","877,4903303"
CLIENTE241,MuitoBomPleno,V16,11,"526,0671935","1194,019182"
CLIENTE241,MuitoBomPleno,V16,12,"522,210954","1035,128934"
CLIENTE241,MuitoBomIntenso,V9,5,"526,0671935",364
CLIENTE241,ArtificialZero,V8,5,"526,0671935","5151,723333"
CLIENTE241,ArtificialZero,V8,6,"526,0671935","6340,191725"
CLIENTE241,ArtificialZero,V8,7,"526,0671935","5038,438277"
CLIENTE241,ArtificialZero,V8,8,"526,0671935","6548,087529"
CLIENTE241,ArtificialZero,V8,9,"526,0671935","7171,108204"
CLIENTE241,ArtificialZero,V8,10,"526,0671935","5932,625811"
CLIENTE241,ArtificialZero,V8,11,"526,0671935","7870,792145"
CLIENTE241,ArtificialZero,V8,12,"522,210954","6934,298058"
CLIENTE241,ArtificialSigma,V13,5,"526,0671935","11162,06722"
CLIENTE241,ArtificialSigma,V13,6,"526,0671935","13737,08207"
CLIENTE241,ArtificialSigma,V13,7,"526,0671935","10916,61627"
CLIENTE241,ArtificialSigma,V13,8,"526,0671935","14187,52298"
CLIENTE241,ArtificialSigma,V13,9,"526,0671935","15537,40111"
CLIENTE241,ArtificialSigma,V13,10,"526,0671935","12854,02259"
CLIENTE241,ArtificialSigma,V13,11,"526,0671935","17053,38298"
CLIENTE241,ArtificialSigma,V13,12,"522,210954","15024,31246"
CLIENTE224,MuitoBomPleno,V16,5,"526,0671935","569,3119647"
CLIENTE224,MuitoBomPleno,V16,6,"526,0671935","643,025086"
CLIENTE224,MuitoBomPleno,V16,7,"526,0671935","529,8863438"
CLIENTE224,MuitoBomPleno,V16,8,"526,0671935","662,0056479"
CLIENTE224,MuitoBomPleno,V16,9,"526,0671935","777,2487434"
CLIENTE224,MuitoBomPleno,V16,10,"526,0671935","619,8262589"
CLIENTE224,MuitoBomPleno,V16,11,"526,0671935","843,410368"
CLIENTE224,MuitoBomPleno,V16,12,"526,0671935","731,1762559"
CLIENTE224,MuitoBomPleno,V13,5,"526,0671935","660,6830208"
CLIENTE224,MuitoBomPleno,V13,6,"526,0671935","746,226643"
CLIENTE224,MuitoBomPleno,V13,7,"526,0671935","614,929831"
CLIENTE224,MuitoBomPleno,V13,8,"526,0671935","768,2534679"
CLIENTE224,MuitoBomPleno,V13,9,"526,0671935","901,9923689"
CLIENTE224,MuitoBomPleno,V13,10,"526,0671935","719,3045473"
CLIENTE224,MuitoBomPleno,V13,11,"526,0671935","978,7725258"
CLIENTE224,MuitoBomPleno,V13,12,"526,0671935","848,5255316"
CLIENTE222,MuitoBomPleno,V1,1,"526,0671935",800
CLIENTE222,MuitoBomPleno,V1,2,"526,0671935",700
CLIENTE222,MuitoBomPleno,V1,3,"526,0671935",1000
CLIENTE222,MuitoBomPleno,V1,4,"526,0671935","424,35"
CLIENTE222,MuitoBomPleno,V1,5,"526,0671935","424,35"
CLIENTE222,MuitoBomPleno,V1,6,"526,0671935","424,35"
CLIENTE222,MuitoBomPleno,V1,7,"526,0671935","424,35"
CLIENTE222,MuitoBomPleno,V1,8,"526,0671935","424,35"
CLIENTE222,MuitoBomPleno,V1,9,"526,0671935","424,35"
CLIENTE222,MuitoBomPleno,V1,10,"526,0671935","424,35"
CLIENTE222,MuitoBomPleno,V1,13,"526,0671935",800
CLIENTE222,MuitoBomPleno,V1,14,"526,0671935",700
CLIENTE222,MuitoBomPleno,V1,15,"526,0671935",1000
CLIENTE222,MuitoBomPleno,V16,11,"526,0671935","235,75"
CLIENTE222,MuitoBomPleno,V16,12,"527,64","235,75"
CLIENTE286,MuitoBomPleno,V8,5,"526,0671935","200,1728982"
CLIENTE286,MuitoBomPleno,V8,6,"526,0671935","226,0907957"
CLIENTE286,MuitoBomPleno,V8,7,"526,0671935","186,3106552"
CLIENTE286,MuitoBomPleno,V8,8,"526,0671935","232,764455"
CLIENTE286,MuitoBomPleno,V8,9,"526,0671935","273,2844964"
CLIENTE286,MuitoBomPleno,V8,10,"526,0671935","217,9339735"
CLIENTE286,MuitoBomPleno,V8,11,"526,0671935","296,5472504"
CLIENTE286,MuitoBomPleno,V8,12,"526,0671935","257,0851823"
CLIENTE286,MuitoBomPleno,V16,5,"526,0671935","1649,383647"
CLIENTE286,MuitoBomPleno,V16,6,"526,0671935","1862,941809"
CLIENTE286,MuitoBomPleno,V16,7,"526,0671935","1535,161606"
CLIENTE286,MuitoBomPleno,V16,8,"526,0671935","1917,931394"
CLIENTE286,MuitoBomPleno,V16,9,"526,0671935","2251,808229"
CLIENTE286,MuitoBomPleno,V16,10,"526,0671935","1795,731267"
CLIENTE286,MuitoBomPleno,V16,11,"526,0671935","2443,488553"
CLIENTE286,MuitoBomPleno,V16,12,"526,0671935","2118,329202"
CLIENTE286,MuitoBomPleno,V13,5,"526,0671935","775,5240689"
CLIENTE286,MuitoBomPleno,V13,6,"526,0671935","875,9370293"
CLIENTE286,MuitoBomPleno,V13,7,"526,0671935","721,8179818"
CLIENTE286,MuitoBomPleno,V13,8,"526,0671935","901,7925944"
CLIENTE286,MuitoBomPleno,V13,9,"526,0671935","1058,778219"
CLIENTE286,MuitoBomPleno,V13,10,"526,0671935","844,335289"
CLIENTE286,MuitoBomPleno,V13,11,"526,0671935","1148,904434"
CLIENTE286,MuitoBomPleno,V13,12,"526,0671935","996,0176849"
CLIENTE49,SuaveTerno,V7,5,"526,0671935","858,6205555"
CLIENTE49,SuaveTerno,V7,6,"526,0671935","2113,397242"
CLIENTE49,SuaveTerno,V7,7,"526,0671935","839,7397128"
CLIENTE49,SuaveTerno,V7,8,"526,0671935","1091,347922"
CLIENTE49,SuaveTerno,V7,9,"526,0671935","2390,369401"
CLIENTE49,SuaveTerno,V7,10,"526,0671935","988,7709685"
CLIENTE49,SuaveTerno,V7,11,"526,0671935","1311,798691"
CLIENTE49,SuaveTerno,V7,12,"522,210954","2311,432686"
CLIENTE49,SuaveTerno,V8,5,"526,0671935","858,6205555"
CLIENTE49,SuaveTerno,V8,6,"526,0671935","2113,397242"
CLIENTE49,SuaveTerno,V8,7,"526,0671935","839,7397128"
CLIENTE49,SuaveTerno,V8,8,"526,0671935","1091,347922"
CLIENTE49,SuaveTerno,V8,9,"526,0671935","2390,369401"
CLIENTE49,SuaveTerno,V8,10,"526,0671935","988,7709685"
CLIENTE49,SuaveTerno,V8,11,"526,0671935","1311,798691"
CLIENTE49,SuaveTerno,V8,12,"522,210954","2311,432686"
CLIENTE49,MuitoBomPleno,V16,5,"526,0671935","1402,122276"
CLIENTE49,MuitoBomPleno,V16,6,"526,0671935","1580,100646"
CLIENTE49,MuitoBomPleno,V16,7,"526,0671935","1017,777078"
CLIENTE49,MuitoBomPleno,V16,8,"526,0671935","1402,122276"
CLIENTE49,MuitoBomPleno,V16,9,"526,0671935","1580,100646"
CLIENTE49,MuitoBomPleno,V16,10,"526,0671935","1017,777078"
CLIENTE49,MuitoBomPleno,V16,11,"526,0671935","1402,122276"
CLIENTE49,MuitoBomPleno,V16,12,"522,210954","1580,100646"
CLIENTE49,ExcelenteSupremo,V13,5,"526,0671935","674,7401063"
CLIENTE49,ExcelenteSupremo,V13,6,"526,0671935","762,1038056"
CLIENTE49,ExcelenteSupremo,V13,7,"526,0671935","628,0134445"
CLIENTE49,ExcelenteSupremo,V13,8,"526,0671935","784,5992864"
CLIENTE49,ExcelenteSupremo,V13,9,"526,0671935","921,1836959"
CLIENTE49,ExcelenteSupremo,V13,10,"526,0671935","734,6088994"
CLIENTE49,ExcelenteSupremo,V13,11,"526,0671935","999,5974731"
CLIENTE49,ExcelenteSupremo,V13,12,"522,210954","866,5792663"
CLIENTE49,ArtificialZero,V5,5,"526,0671935","1402,122276"
CLIENTE49,ArtificialZero,V5,6,"526,0671935","1580,100646"
CLIENTE49,ArtificialZero,V5,7,"526,0671935","1017,777078"
CLIENTE49,ArtificialZero,V5,8,"526,0671935","1402,122276"
CLIENTE49,ArtificialZero,V5,9,"526,0671935","1580,100646"
CLIENTE49,ArtificialZero,V5,10,"526,0671935","1017,777078"
CLIENTE49,ArtificialZero,V5,11,"526,0671935","1402,122276"
CLIENTE49,ArtificialZero,V5,12,"522,210954","1580,100646"
CLIENTE314,SuaveTerno,V7,5,"526,0671935","250,4309953"
CLIENTE314,SuaveTerno,V7,6,"526,0671935","308,2037644"
CLIENTE314,SuaveTerno,V7,7,"526,0671935","244,9240829"
CLIENTE314,SuaveTerno,V7,8,"526,0671935","318,3098105"
CLIENTE314,SuaveTerno,V7,9,"526,0671935","348,5955377"
CLIENTE314,SuaveTerno,V7,10,"526,0671935","288,3915325"
CLIENTE314,SuaveTerno,V7,11,"526,0671935","382,6079515"
CLIENTE314,SuaveTerno,V7,12,"522,210954","337,0839334"
CLIENTE314,SuaveTerno,V8,5,"526,0671935","250,4309953"
CLIENTE314,SuaveTerno,V8,6,"526,0671935","308,2037644"
CLIENTE314,SuaveTerno,V8,7,"526,0671935","244,9240829"
CLIENTE314,SuaveTerno,V8,8,"526,0671935","318,3098105"
CLIENTE314,SuaveTerno,V8,9,"526,0671935","348,5955377"
CLIENTE314,SuaveTerno,V8,10,"526,0671935","288,3915325"
CLIENTE314,SuaveTerno,V8,11,"526,0671935","382,6079515"
CLIENTE314,SuaveTerno,V8,12,"522,210954","337,0839334"
CLIENTE314,MuitoBomPleno,V16,5,"526,0671935","421,7125665"
CLIENTE314,MuitoBomPleno,V16,6,"526,0671935","476,3148785"
CLIENTE314,MuitoBomPleno,V16,7,"526,0671935","392,5084028"
CLIENTE314,MuitoBomPleno,V16,8,"526,0671935","490,374554"
CLIENTE314,MuitoBomPleno,V16,9,"526,0671935","575,7398099"
CLIENTE314,MuitoBomPleno,V16,10,"526,0671935","459,1305621"
CLIENTE314,MuitoBomPleno,V16,11,"526,0671935","624,7484207"
CLIENTE314,MuitoBomPleno,V16,12,"522,210954","541,6120414"
CLIENTE314,ExcelenteSupremo,V13,5,"526,0671935","491,9979942"
CLIENTE314,ExcelenteSupremo,V13,6,"526,0671935","555,7006916"
CLIENTE314,ExcelenteSupremo,V13,7,"526,0671935","457,9264699"
CLIENTE314,ExcelenteSupremo,V13,8,"526,0671935","572,1036463"
CLIENTE314,ExcelenteSupremo,V13,9,"526,0671935","671,6964449"
CLIENTE314,ExcelenteSupremo,V13,10,"526,0671935","535,6523225"
CLIENTE314,ExcelenteSupremo,V13,11,"526,0671935","728,8731575"
CLIENTE314,ExcelenteSupremo,V13,12,"522,210954","631,880715"
CLIENTE209,ImpuroMarcado,V8,5,"526,0671935","1287,930833"
CLIENTE209,ImpuroMarcado,V8,6,"526,0671935","1585,047931"
CLIENTE209,ImpuroMarcado,V8,7,"526,0671935","1259,609569"
CLIENTE209,ImpuroMarcado,V8,8,"526,0671935","1637,021882"
CLIENTE209,ImpuroMarcado,V8,9,"526,0671935","1792,777051"
CLIENTE209,ImpuroMarcado,V8,10,"526,0671935","1483,156453"
CLIENTE209,ImpuroMarcado,V8,11,"526,0671935","1967,698036"
CLIENTE209,ImpuroMarcado,V8,12,"522,210954","1733,574514"
CLIENTE589,SuaveTerno,V7,5,"526,0671935","715,5171296"
CLIENTE589,SuaveTerno,V7,6,"526,0671935","880,5821841"
CLIENTE589,SuaveTerno,V7,7,"526,0671935","699,783094"
CLIENTE589,SuaveTerno,V7,8,"526,0671935","909,4566013"
CLIENTE589,SuaveTerno,V7,9,"526,0671935","995,9872506"
CLIENTE589,SuaveTerno,V7,10,"526,0671935","823,9758071"
CLIENTE589,SuaveTerno,V7,11,"526,0671935","1093,165576"
CLIENTE589,SuaveTerno,V7,12,"522,210954","963,0969525"
CLIENTE589,SuaveTerno,V8,5,"526,0671935","715,5171296"
CLIENTE589,SuaveTerno,V8,6,"526,0671935","880,5821841"
CLIENTE589,SuaveTerno,V8,7,"526,0671935","699,783094"
CLIENTE589,SuaveTerno,V8,8,"526,0671935","909,4566013"
CLIENTE589,SuaveTerno,V8,9,"526,0671935","995,9872506"
CLIENTE589,SuaveTerno,V8,10,"526,0671935","823,9758071"
CLIENTE589,SuaveTerno,V8,11,"526,0671935","1093,165576"
CLIENTE589,SuaveTerno,V8,12,"522,210954","963,0969525"
CLIENTE245,MuitoBomPleno,V8,5,"526,0671935","843,4251329"
CLIENTE245,MuitoBomPleno,V8,6,"526,0671935","952,629757"
CLIENTE245,MuitoBomPleno,V8,7,"526,0671935","785,0168056"
CLIENTE245,MuitoBomPleno,V8,8,"526,0671935","980,749108"
CLIENTE245,MuitoBomPleno,V8,9,"526,0671935","1151,47962"
CLIENTE245,MuitoBomPleno,V8,10,"526,0671935","918,2611242"
CLIENTE245,MuitoBomPleno,V8,11,"526,0671935","1249,496841"
CLIENTE245,MuitoBomPleno,V8,12,"522,210954","1083,224083"
CLIENTE50,MuitoBomPleno,V16,5,"526,0671935","4145,795146"
CLIENTE50,MuitoBomPleno,V16,6,"526,0671935","4672,041589"
CLIENTE50,MuitoBomPleno,V16,7,"526,0671935","3694,530794"
CLIENTE50,MuitoBomPleno,V16,8,"526,0671935","5089,703863"
CLIENTE50,MuitoBomPleno,V16,9,"526,0671935","5735,765344"
CLIENTE50,MuitoBomPleno,V16,10,"526,0671935","3694,530794"
CLIENTE50,MuitoBomPleno,V16,11,"526,0671935","5089,703863"
CLIENTE50,MuitoBomPleno,V16,12,"522,210954","5735,765344"
CLIENTE50,AlteradoReverso,V5,5,"526,0671935","943,9087163"
CLIENTE50,AlteradoReverso,V5,6,"526,0671935","1063,723755"
CLIENTE614,MuitoBomPleno,V16,5,"526,0671935","1889,442515"
CLIENTE614,MuitoBomPleno,V16,6,"526,0671935","2134,082913"
CLIENTE614,MuitoBomPleno,V16,7,"526,0671935","1758,596074"
CLIENTE614,MuitoBomPleno,V16,8,"526,0671935","2197,075934"
CLIENTE614,MuitoBomPleno,V16,9,"526,0671935","2579,546737"
CLIENTE614,MuitoBomPleno,V16,10,"526,0671935","2057,090239"
CLIENTE614,MuitoBomPleno,V16,11,"526,0671935","2799,125095"
CLIENTE614,MuitoBomPleno,V16,12,"522,210954","2426,640559"
CLIENTE614,ExcelenteSupremo,V13,5,"526,0671935","1757,135694"
CLIENTE614,ExcelenteSupremo,V13,6,"526,0671935","1984,645327"
CLIENTE614,ExcelenteSupremo,V13,7,"526,0671935","1635,451678"
CLIENTE614,ExcelenteSupremo,V13,8,"526,0671935","2043,227308"
CLIENTE614,ExcelenteSupremo,V13,9,"526,0671935","2398,915875"
CLIENTE614,ExcelenteSupremo,V13,10,"526,0671935","1913,044009"
CLIENTE614,ExcelenteSupremo,V13,11,"526,0671935","2603,11842"
CLIENTE614,ExcelenteSupremo,V13,12,"522,210954","2256,716839"
CLIENTE643,MuitoBomPleno,V16,5,"526,0671935","233,687046"
CLIENTE643,MuitoBomPleno,V16,6,"526,0671935","263,3501076"
CLIENTE643,MuitoBomPleno,V16,7,"526,0671935","169,629513"
CLIENTE643,MuitoBomPleno,V16,8,"526,0671935","233,687046"
CLIENTE643,MuitoBomPleno,V16,9,"526,0671935","263,3501076"
CLIENTE643,MuitoBomPleno,V16,10,"526,0671935","169,629513"
CLIENTE643,MuitoBomPleno,V16,11,"526,0671935","233,687046"
CLIENTE643,MuitoBomPleno,V16,12,"526,0671935","263,3501076"
CLIENTE333,MuitoBomPleno,V7,5,"526,0671935","506,170945"
CLIENTE333,MuitoBomPleno,V7,6,"526,0671935","571,7087214"
CLIENTE333,MuitoBomPleno,V7,7,"526,0671935","471,1179248"
CLIENTE333,MuitoBomPleno,V7,8,"526,0671935","588,5841949"
CLIENTE333,MuitoBomPleno,V7,9,"526,0671935","691,045956"
CLIENTE333,MuitoBomPleno,V7,10,"526,0671935","551,0828204"
CLIENTE333,MuitoBomPleno,V7,11,"526,0671935","749,8697541"
CLIENTE333,MuitoBomPleno,V7,12,"526,0671935","650,0832573"
CLIENTE333,MuitoBomPleno,V8,5,"526,0671935","570,301545"
CLIENTE333,MuitoBomPleno,V8,6,"526,0671935","644,1427947"
CLIENTE333,MuitoBomPleno,V8,7,"526,0671935","530,8073942"
CLIENTE333,MuitoBomPleno,V8,8,"526,0671935","663,1563486"
CLIENTE333,MuitoBomPleno,V8,9,"526,0671935","778,5997601"
CLIENTE333,MuitoBomPleno,V8,10,"526,0671935","620,9036432"
CLIENTE333,MuitoBomPleno,V8,11,"526,0671935","844,8763871"
CLIENTE333,MuitoBomPleno,V8,12,"526,0671935","732,4471893"
CLIENTE402,MuitoBomPleno,V7,5,"526,0671935","749,2950867"
CLIENTE402,MuitoBomPleno,V7,6,"526,0671935","846,3119826"
CLIENTE402,MuitoBomPleno,V7,7,"526,0671935","697,4053919"
CLIENTE402,MuitoBomPleno,V7,8,"526,0671935","871,2930872"
CLIENTE402,MuitoBomPleno,V7,9,"526,0671935","1022,969304"
CLIENTE402,MuitoBomPleno,V7,10,"526,0671935","815,7790441"
CLIENTE402,MuitoBomPleno,V7,11,"526,0671935","1110,047362"
CLIENTE402,MuitoBomPleno,V7,12,"526,0671935","962,3313931"
CLIENTE402,MuitoBomPleno,V8,5,"526,0671935","770,3807151"
CLIENTE402,MuitoBomPleno,V8,6,"526,0671935","870,1277265"
CLIENTE402,MuitoBomPleno,V8,7,"526,0671935","717,0308121"
CLIENTE402,MuitoBomPleno,V8,8,"526,0671935","895,8118149"
CLIENTE402,MuitoBomPleno,V8,9,"526,0671935","1051,756295"
CLIENTE402,MuitoBomPleno,V8,10,"526,0671935","838,7355722"
CLIENTE402,MuitoBomPleno,V8,11,"526,0671935","1141,284783"
CLIENTE402,MuitoBomPleno,V8,12,"526,0671935","989,4119951"
CLIENTE349,MuitoBomPleno,V7,5,"526,0671935","164,5690604"
CLIENTE349,MuitoBomPleno,V7,6,"526,0671935","185,87706"
CLIENTE349,MuitoBomPleno,V7,7,"526,0671935","153,1724311"
CLIENTE349,MuitoBomPleno,V7,8,"526,0671935","191,363706"
CLIENTE349,MuitoBomPleno,V7,9,"526,0671935","224,6766331"
CLIENTE349,MuitoBomPleno,V7,10,"526,0671935","179,1710545"
CLIENTE349,MuitoBomPleno,V7,11,"526,0671935","243,8017474"
CLIENTE349,MuitoBomPleno,V7,12,"526,0671935","211,3586169"
CLIENTE349,MuitoBomPleno,V8,5,"526,0671935","333,2864799"
CLIENTE349,MuitoBomPleno,V8,6,"526,0671935","376,4395985"
CLIENTE349,MuitoBomPleno,V8,7,"526,0671935","310,2059419"
CLIENTE349,MuitoBomPleno,V8,8,"526,0671935","387,5511947"
CLIENTE349,MuitoBomPleno,V8,9,"526,0671935","455,0167812"
CLIENTE349,MuitoBomPleno,V8,10,"526,0671935","362,8585464"
CLIENTE349,MuitoBomPleno,V8,11,"526,0671935","493,7491043"
CLIENTE349,MuitoBomPleno,V8,12,"526,0671935","428,0450362"
CLIENTE668,MuitoBomPleno,V1,4,"526,0671935","461,25"
CLIENTE668,MuitoBomPleno,V1,5,"526,0671935","461,25"
CLIENTE668,MuitoBomPleno,V1,6,"526,0671935","461,25"
CLIENTE668,MuitoBomPleno,V1,7,"526,0671935","461,25"
CLIENTE668,MuitoBomPleno,V1,8,"526,0671935","461,25"
CLIENTE668,MuitoBomPleno,V1,9,"526,0671935","461,25"
CLIENTE668,MuitoBomPleno,V1,10,"526,0671935","461,25"
CLIENTE668,MuitoBomPleno,V16,11,"526,0671935","256,25"
CLIENTE668,MuitoBomPleno,V16,12,"526,0671935","99,25"
CLIENTE208,InferiorRaso,V1,5,"526,0671935","103,5379546"
CLIENTE208,InferiorRaso,V1,6,"526,0671935","116,9437958"
CLIENTE208,InferiorRaso,V1,7,"526,0671935","96,36781168"
CLIENTE208,InferiorRaso,V1,8,"526,0671935","120,3956968"
CLIENTE208,InferiorRaso,V1,9,"526,0671935","141,3543893"
CLIENTE208,InferiorRaso,V1,10,"526,0671935","112,7247397"
CLIENTE208,InferiorRaso,V1,11,"526,0671935","153,3868771"
CLIENTE208,InferiorRaso,V1,12,"522,210954","132,9754136"
CLIENTE208,InferiorRaso,V8,5,"526,0671935","715,5171296"
CLIENTE208,InferiorRaso,V8,6,"526,0671935","880,5821841"
CLIENTE208,InferiorRaso,V8,7,"526,0671935","699,783094"
CLIENTE208,InferiorRaso,V8,8,"526,0671935","909,4566013"
CLIENTE208,InferiorRaso,V8,9,"526,0671935","995,9872506"
CLIENTE208,InferiorRaso,V8,10,"526,0671935","823,9758071"
CLIENTE208,InferiorRaso,V8,11,"526,0671935","1093,165576"
CLIENTE208,InferiorRaso,V8,12,"522,210954","963,0969525"
CLIENTE208,InferiorRaso,V16,5,"526,0671935","2146,551389"
CLIENTE208,InferiorRaso,V16,6,"526,0671935","2641,746552"
CLIENTE208,InferiorRaso,V16,7,"526,0671935","2099,349282"
CLIENTE208,InferiorRaso,V16,8,"526,0671935","2728,369804"
CLIENTE208,InferiorRaso,V16,9,"526,0671935","2987,961752"
CLIENTE208,InferiorRaso,V16,10,"526,0671935","2471,927421"
CLIENTE208,InferiorRaso,V16,11,"526,0671935","3279,496727"
CLIENTE208,InferiorRaso,V16,12,"522,210954","2889,290857"
CLIENTE208,MuitoBomPleno,V8,5,"526,0671935","913,7105607"
CLIENTE208,MuitoBomPleno,V8,6,"526,0671935","1032,01557"
CLIENTE208,MuitoBomPleno,V8,7,"526,0671935","850,4348727"
CLIENTE208,MuitoBomPleno,V8,8,"526,0671935","1062,4782"
CLIENTE208,MuitoBomPleno,V8,9,"526,0671935","1247,436255"
CLIENTE208,MuitoBomPleno,V8,10,"526,0671935","994,7828846"
CLIENTE208,MuitoBomPleno,V8,11,"526,0671935","1353,621578"
CLIENTE208,MuitoBomPleno,V8,12,"522,210954","1173,492756"
CLIENTE208,MuitoBomPleno,V16,5,"526,0671935","1961,687311"
CLIENTE208,MuitoBomPleno,V16,6,"526,0671935","2215,681788"
CLIENTE208,MuitoBomPleno,V16,7,"526,0671935","1825,837821"
CLIENTE208,MuitoBomPleno,V16,8,"526,0671935","2281,083413"
CLIENTE208,MuitoBomPleno,V16,9,"526,0671935","2678,178384"
CLIENTE208,MuitoBomPleno,V16,10,"526,0671935","2135,74522"
CLIENTE208,MuitoBomPleno,V16,11,"526,0671935","2906,152548"
CLIENTE208,MuitoBomPleno,V16,12,"522,210954","2519,425679"
CLIENTE208,ArtificialZero,V8,5,"526,0671935","715,5171296"
CLIENTE208,ArtificialZero,V8,6,"526,0671935","880,5821841"
CLIENTE208,ArtificialZero,V8,7,"526,0671935","699,783094"
CLIENTE208,ArtificialZero,V8,8,"526,0671935","909,4566013"
CLIENTE208,ArtificialZero,V8,9,"526,0671935","995,9872506"
CLIENTE208,ArtificialZero,V8,10,"526,0671935","823,9758071"
CLIENTE208,ArtificialZero,V8,11,"526,0671935","1093,165576"
CLIENTE208,ArtificialZero,V8,12,"522,210954","963,0969525"
CLIENTE51,LimpoSombrio,V1,1,"526,0671935",2200
CLIENTE51,LimpoSombrio,V1,2,"526,0671935","1099,968634"
CLIENTE51,LimpoSombrio,V1,3,"526,0671935","1099,968634"
CLIENTE51,LimpoSombrio,V1,4,"526,0671935","1099,968634"
CLIENTE51,LimpoSombrio,V1,5,"526,0671935","1099,968634"
CLIENTE51,LimpoSombrio,V1,6,"526,0671935","1099,968634"
CLIENTE51,LimpoSombrio,V1,7,"526,0671935","1099,968634"
CLIENTE51,LimpoSombrio,V1,8,"526,0671935","1099,968634"
CLIENTE51,LimpoSombrio,V1,9,"526,0671935","1099,968634"
CLIENTE51,LimpoSombrio,V1,10,"526,0671935","1099,968634"
CLIENTE51,LimpoSombrio,V1,11,"526,0671935","1099,968634"
CLIENTE51,LimpoSombrio,V1,12,558,"1099,968634"
CLIENTE51,LimpoSombrio,V1,13,"526,0671935",2200
CLIENTE51,LimpoSombrio,V1,14,"526,0671935","1099,968634"
CLIENTE51,LimpoSombrio,V1,15,"526,0671935","1099,968634"
CLIENTE539,MuitoBomPleno,V16,5,"526,0671935","2113,19633"
CLIENTE539,MuitoBomPleno,V16,6,"526,0671935","2386,807824"
CLIENTE539,MuitoBomPleno,V16,7,"526,0671935","1966,854635"
CLIENTE539,MuitoBomPleno,V16,8,"526,0671935","2457,26068"
CLIENTE539,MuitoBomPleno,V16,9,"526,0671935","2885,024896"
CLIENTE539,MuitoBomPleno,V16,10,"526,0671935","2300,697432"
CLIENTE539,MuitoBomPleno,V16,11,"526,0671935","3130,606424"
CLIENTE539,MuitoBomPleno,V16,12,"522,210954","2714,01108"
CLIENTE539,MuitoBomPleno,V13,5,"526,0671935","2113,19633"
CLIENTE539,MuitoBomPleno,V13,6,"526,0671935","2386,807824"
CLIENTE539,MuitoBomPleno,V13,7,"526,0671935","1966,854635"
CLIENTE539,MuitoBomPleno,V13,8,"526,0671935","2457,26068"
CLIENTE539,MuitoBomPleno,V13,9,"526,0671935","2885,024896"
CLIENTE539,MuitoBomPleno,V13,10,"526,0671935","2300,697432"
CLIENTE539,MuitoBomPleno,V13,11,"526,0671935","3130,606424"
CLIENTE539,MuitoBomPleno,V13,12,"522,210954","2714,01108"
CLIENTE205,SuaveTerno,V7,5,"526,0671935","343,4482222"
CLIENTE205,SuaveTerno,V7,6,"526,0671935","422,6794484"
CLIENTE205,SuaveTerno,V7,7,"526,0671935","335,8958851"
CLIENTE205,SuaveTerno,V7,8,"526,0671935","436,5391686"
CLIENTE205,SuaveTerno,V7,9,"526,0671935","478,0738803"
CLIENTE205,SuaveTerno,V7,10,"526,0671935","395,5083874"
CLIENTE205,SuaveTerno,V7,11,"526,0671935","524,7194764"
CLIENTE205,SuaveTerno,V7,12,"522,210954","462,2865372"
CLIENTE205,SuaveTerno,V8,5,"526,0671935","343,4482222"
CLIENTE205,SuaveTerno,V8,6,"526,0671935","1268,038345"
CLIENTE205,SuaveTerno,V8,7,"526,0671935","335,8958851"
CLIENTE205,SuaveTerno,V8,8,"526,0671935","436,5391686"
CLIENTE205,SuaveTerno,V8,9,"526,0671935","1434,221641"
CLIENTE205,SuaveTerno,V8,10,"526,0671935","395,5083874"
CLIENTE205,SuaveTerno,V8,11,"526,0671935","524,7194764"
CLIENTE205,SuaveTerno,V8,12,"522,210954","1386,859612"
CLIENTE205,ExcelenteSupremo,V13,5,"526,0671935","337,3700532"
CLIENTE205,ExcelenteSupremo,V13,6,"526,0671935","381,0519028"
CLIENTE205,ExcelenteSupremo,V13,7,"526,0671935","314,0067222"
CLIENTE205,ExcelenteSupremo,V13,8,"526,0671935","392,2996432"
CLIENTE205,ExcelenteSupremo,V13,9,"526,0671935","460,5918479"
CLIENTE205,ExcelenteSupremo,V13,10,"526,0671935","367,3044497"
CLIENTE205,ExcelenteSupremo,V13,11,"526,0671935","499,7987366"
CLIENTE205,ExcelenteSupremo,V13,12,"522,210954","433,2896331"
CLIENTE53,MuitoBomPleno,V7,5,"526,0671935","3319,864885"
CLIENTE53,MuitoBomPleno,V7,6,"526,0671935","3749,712873"
CLIENTE53,MuitoBomPleno,V7,7,"526,0671935","3089,959767"
CLIENTE53,MuitoBomPleno,V7,8,"526,0671935","3860,395425"
CLIENTE53,MuitoBomPleno,V7,9,"526,0671935","4532,41978"
CLIENTE53,MuitoBomPleno,V7,10,"526,0671935","3614,432085"
CLIENTE53,MuitoBomPleno,V7,11,"526,0671935","4918,232248"
CLIENTE53,MuitoBomPleno,V7,12,"522,210954","4263,754369"
CLIENTE53,MuitoBomPleno,V8,5,"526,0671935","3319,864885"
CLIENTE53,MuitoBomPleno,V8,6,"526,0671935","3749,712873"
CLIENTE53,MuitoBomPleno,V8,7,"526,0671935","3089,959767"
CLIENTE53,MuitoBomPleno,V8,8,"526,0671935","3860,395425"
CLIENTE53,MuitoBomPleno,V8,9,"526,0671935","4532,41978"
CLIENTE53,MuitoBomPleno,V8,10,"526,0671935","3614,432085"
CLIENTE53,MuitoBomPleno,V8,11,"526,0671935","4918,232248"
CLIENTE53,MuitoBomPleno,V8,12,"522,210954","4263,754369"
CLIENTE53,MuitoBomPleno,V16,5,"526,0671935","829,9662212"
CLIENTE53,MuitoBomPleno,V16,6,"526,0671935","937,4282184"
CLIENTE53,MuitoBomPleno,V16,7,"526,0671935","772,4899416"
CLIENTE53,MuitoBomPleno,V16,8,"526,0671935","965,0988562"
CLIENTE53,MuitoBomPleno,V16,9,"526,0671935","1133,104945"
CLIENTE53,MuitoBomPleno,V16,10,"526,0671935","903,6080212"
CLIENTE53,MuitoBomPleno,V16,11,"526,0671935","1229,558062"
CLIENTE53,MuitoBomPleno,V16,12,"522,210954","1065,938592"
CLIENTE204,SuaveTerno,V7,6,"526,0671935","845,3588967"
CLIENTE204,SuaveTerno,V7,9,"526,0671935","956,1477605"
CLIENTE204,SuaveTerno,V7,12,"522,210954","924,5730744"
CLIENTE204,SuaveTerno,V8,6,"526,0671935","845,3588967"
CLIENTE204,SuaveTerno,V8,9,"526,0671935","956,1477605"
CLIENTE204,SuaveTerno,V8,12,"522,210954","924,5730744"
CLIENTE204,SuaveTerno,V16,5,"526,0671935","2373,792889"
CLIENTE204,SuaveTerno,V16,7,"526,0671935","1343,58354"
CLIENTE204,SuaveTerno,V16,8,"526,0671935","1746,156675"
CLIENTE204,SuaveTerno,V16,10,"526,0671935","1582,03355"
CLIENTE204,SuaveTerno,V16,11,"526,0671935","1098,877905"
CLIENTE204,ExcelenteSupremo,V13,5,"526,0671935","843,4251329"
CLIENTE204,ExcelenteSupremo,V13,6,"526,0671935","952,629757"
CLIENTE204,ExcelenteSupremo,V13,7,"526,0671935","785,0168056"
CLIENTE204,ExcelenteSupremo,V13,8,"526,0671935","980,749108"
CLIENTE204,ExcelenteSupremo,V13,9,"526,0671935","1151,47962"
CLIENTE204,ExcelenteSupremo,V13,10,"526,0671935","918,2611242"
CLIENTE204,ExcelenteSupremo,V13,11,"526,0671935","1249,496841"
CLIENTE204,ExcelenteSupremo,V13,12,"522,210954","1083,224083"
CLIENTE55,MuitoBomPleno,V16,5,"526,0671935","5141,382905"
CLIENTE55,MuitoBomPleno,V16,6,"526,0671935","5807,076594"
CLIENTE55,MuitoBomPleno,V16,7,"526,0671935","4785,335209"
CLIENTE55,MuitoBomPleno,V16,8,"526,0671935","5978,487599"
CLIENTE55,MuitoBomPleno,V16,9,"526,0671935","7019,233127"
CLIENTE55,MuitoBomPleno,V16,10,"526,0671935","5597,570979"
CLIENTE55,MuitoBomPleno,V16,11,"526,0671935","7616,730223"
CLIENTE55,MuitoBomPleno,V16,12,"522,210954","6603,158437"
CLIENTE55,ExcelenteSupremo,V13,5,"526,0671935","4761,693792"
CLIENTE55,ExcelenteSupremo,V13,6,"526,0671935","5378,226263"
CLIENTE55,ExcelenteSupremo,V13,7,"526,0671935","4431,940079"
CLIENTE55,ExcelenteSupremo,V13,8,"526,0671935","5536,978633"
CLIENTE55,ExcelenteSupremo,V13,9,"526,0671935","6500,865511"
CLIENTE55,ExcelenteSupremo,V13,10,"526,0671935","5184,192555"
CLIENTE55,ExcelenteSupremo,V13,11,"526,0671935","7054,237681"
CLIENTE55,ExcelenteSupremo,V13,12,"522,210954","6115,517774"
CLIENTE207,SuaveTerno,V7,6,"526,0671935","1078,713176"
CLIENTE207,SuaveTerno,V7,9,"526,0671935","1220,084382"
CLIENTE207,SuaveTerno,V7,12,"522,210954","1179,793767"
CLIENTE207,SuaveTerno,V8,6,"526,0671935","1078,713176"
CLIENTE207,SuaveTerno,V8,9,"526,0671935","1220,084382"
CLIENTE207,SuaveTerno,V8,12,"522,210954","1179,793767"
CLIENTE207,SuaveTerno,V16,5,"526,0671935","1753,016967"
CLIENTE207,SuaveTerno,V16,7,"526,0671935","1714,46858"
CLIENTE207,SuaveTerno,V16,8,"526,0671935","2228,168673"
CLIENTE207,SuaveTerno,V16,10,"526,0671935","2018,740727"
CLIENTE207,SuaveTerno,V16,11,"526,0671935","2678,255661"
CLIENTE207,MuitoBomPleno,V16,5,"526,0671935","1700,750758"
CLIENTE207,MuitoBomPleno,V16,6,"526,0671935","1920,959808"
CLIENTE207,MuitoBomPleno,V16,7,"526,0671935","1582,971476"
CLIENTE207,MuitoBomPleno,V16,8,"526,0671935","1977,661945"
CLIENTE207,MuitoBomPleno,V16,9,"526,0671935","2321,936779"
CLIENTE207,MuitoBomPleno,V16,10,"526,0671935","1851,656113"
CLIENTE207,MuitoBomPleno,V16,11,"526,0671935","2519,586644"
CLIENTE207,MuitoBomPleno,V16,12,"522,210954","2184,300785"
CLIENTE207,ExcelenteSupremo,V13,5,"526,0671935","1721,99298"
CLIENTE207,ExcelenteSupremo,V13,6,"526,0671935","1944,952421"
CLIENTE207,ExcelenteSupremo,V13,7,"526,0671935","1602,742645"
CLIENTE207,ExcelenteSupremo,V13,8,"526,0671935","2002,362762"
CLIENTE207,ExcelenteSupremo,V13,9,"526,0671935","2350,937557"
CLIENTE207,ExcelenteSupremo,V13,10,"526,0671935","1874,783129"
CLIENTE207,ExcelenteSupremo,V13,11,"526,0671935","2551,056051"
CLIENTE207,ExcelenteSupremo,V13,12,"522,210954","2211,582503"
CLIENTE541,MuitoBomPleno,V16,5,"526,0671935","937,0346411"
CLIENTE541,MuitoBomPleno,V16,6,"526,0671935","1058,359595"
CLIENTE541,MuitoBomPleno,V16,7,"526,0671935","872,1437291"
CLIENTE541,MuitoBomPleno,V16,8,"526,0671935","1089,599838"
CLIENTE541,MuitoBomPleno,V16,9,"526,0671935","1279,279275"
CLIENTE541,MuitoBomPleno,V16,10,"526,0671935","1020,17648"
CLIENTE541,MuitoBomPleno,V16,11,"526,0671935","1388,175167"
CLIENTE541,MuitoBomPleno,V16,12,"522,210954","1203,448238"
CLIENTE541,MuitoBomPleno,V13,5,"526,0671935","196,7991977"
CLIENTE541,MuitoBomPleno,V13,6,"526,0671935","222,2802766"
CLIENTE541,MuitoBomPleno,V13,7,"526,0671935","183,170588"
CLIENTE541,MuitoBomPleno,V13,8,"526,0671935","228,8414585"
CLIENTE541,MuitoBomPleno,V13,9,"526,0671935","268,678578"
CLIENTE541,MuitoBomPleno,V13,10,"526,0671935","214,260929"
CLIENTE541,MuitoBomPleno,V13,11,"526,0671935","291,549263"
CLIENTE541,MuitoBomPleno,V13,12,"522,210954","252,752286"
CLIENTE641,SuaveTerno,V7,5,"526,0671935","80,43918888"
CLIENTE641,SuaveTerno,V7,6,"526,0671935","98,99597606"
CLIENTE641,SuaveTerno,V7,7,"526,0671935","78,67035204"
CLIENTE641,SuaveTerno,V7,8,"526,0671935","102,2420684"
CLIENTE641,SuaveTerno,V7,9,"526,0671935","111,9699351"
CLIENTE641,SuaveTerno,V7,10,"526,0671935","92,63222757"
CLIENTE641,SuaveTerno,V7,11,"526,0671935","122,8948247"
CLIENTE641,SuaveTerno,V7,12,"526,0671935","108,2723732"
CLIENTE641,SuaveTerno,V8,5,"526,0671935","80,43918888"
CLIENTE641,SuaveTerno,V8,6,"526,0671935","98,99597606"
CLIENTE641,SuaveTerno,V8,7,"526,0671935","78,67035204"
CLIENTE641,SuaveTerno,V8,8,"526,0671935","102,2420684"
CLIENTE641,SuaveTerno,V8,9,"526,0671935","111,9699351"
CLIENTE641,SuaveTerno,V8,10,"526,0671935","92,63222757"
CLIENTE641,SuaveTerno,V8,11,"526,0671935","122,8948247"
CLIENTE641,SuaveTerno,V8,12,"526,0671935","108,2723732"
CLIENTE641,MuitoBomPleno,V7,5,"526,0671935","79,01561772"
CLIENTE641,MuitoBomPleno,V7,6,"526,0671935","89,24636671"
CLIENTE641,MuitoBomPleno,V7,7,"526,0671935","73,54367968"
CLIENTE641,MuitoBomPleno,V7,8,"526,0671935","91,8807059"
CLIENTE641,MuitoBomPleno,V7,9,"526,0671935","107,8754591"
CLIENTE641,MuitoBomPleno,V7,10,"526,0671935","86,02656848"
CLIENTE641,MuitoBomPleno,V7,11,"526,0671935","117,0581251"
CLIENTE641,MuitoBomPleno,V7,12,"526,0671935","101,480993"
CLIENTE641,MuitoBomPleno,V8,5,"526,0671935","695,2362706"
CLIENTE641,MuitoBomPleno,V8,6,"526,0671935","785,2537631"
CLIENTE641,MuitoBomPleno,V8,7,"526,0671935","647,0902217"
CLIENTE641,MuitoBomPleno,V8,8,"526,0671935","808,4325752"
CLIENTE641,MuitoBomPleno,V8,9,"526,0671935","949,1659251"
CLIENTE641,MuitoBomPleno,V8,10,"526,0671935","756,9236611"
CLIENTE641,MuitoBomPleno,V8,11,"526,0671935","1029,961629"
CLIENTE641,MuitoBomPleno,V8,12,"526,0671935","892,9028105"
CLIENTE641,MuitoBomPleno,V12,5,"526,0671935","158,0312354"
CLIENTE641,MuitoBomPleno,V12,6,"526,0671935","178,4927334"
CLIENTE641,MuitoBomPleno,V12,7,"526,0671935","147,0873594"
CLIENTE641,MuitoBomPleno,V12,8,"526,0671935","183,7614118"
CLIENTE641,MuitoBomPleno,V12,9,"526,0671935","215,7509182"
CLIENTE641,MuitoBomPleno,V12,10,"526,0671935","172,053137"
CLIENTE641,MuitoBomPleno,V12,11,"526,0671935","234,1162503"
CLIENTE641,MuitoBomPleno,V12,12,"526,0671935","202,9619861"
CLIENTE641,MuitoBomPleno,V15,5,"526,0671935","526,8891602"
CLIENTE641,MuitoBomPleno,V15,6,"526,0671935","595,1094805"
CLIENTE641,MuitoBomPleno,V15,7,"526,0671935","490,4013757"
CLIENTE641,MuitoBomPleno,V15,8,"526,0671935","612,6756884"
CLIENTE641,MuitoBomPleno,V15,9,"526,0671935","719,3313387"
CLIENTE641,MuitoBomPleno,V15,10,"526,0671935","573,6393353"
CLIENTE641,MuitoBomPleno,V15,11,"526,0671935","780,5628689"
CLIENTE641,MuitoBomPleno,V15,12,"526,0671935","676,691985"
CLIENTE641,ExcelenteSupremo,V1,5,"526,0671935","149,8378504"
CLIENTE641,ExcelenteSupremo,V1,6,"526,0671935","169,2384889"
CLIENTE641,ExcelenteSupremo,V1,7,"526,0671935","139,4613773"
CLIENTE641,ExcelenteSupremo,V1,8,"526,0671935","174,2340041"
CLIENTE641,ExcelenteSupremo,V1,9,"526,0671935","204,5649628"
CLIENTE641,ExcelenteSupremo,V1,10,"526,0671935","163,1327637"
CLIENTE641,ExcelenteSupremo,V1,11,"526,0671935","221,9781145"
CLIENTE641,ExcelenteSupremo,V1,12,"526,0671935","192,4390935"
CLIENTE641,ExcelenteSupremo,V7,5,"526,0671935","79,01561772"
CLIENTE641,ExcelenteSupremo,V7,6,"526,0671935","89,24636671"
CLIENTE641,ExcelenteSupremo,V7,7,"526,0671935","73,54367968"
CLIENTE641,ExcelenteSupremo,V7,8,"526,0671935","91,8807059"
CLIENTE641,ExcelenteSupremo,V7,9,"526,0671935","107,8754591"
CLIENTE641,ExcelenteSupremo,V7,10,"526,0671935","86,02656848"
CLIENTE641,ExcelenteSupremo,V7,11,"526,0671935","117,0581251"
CLIENTE641,ExcelenteSupremo,V7,12,"526,0671935","101,480993"
CLIENTE641,ExcelenteSupremo,V8,5,"526,0671935","79,01561772"
CLIENTE641,ExcelenteSupremo,V8,6,"526,0671935","89,24636671"
CLIENTE641,ExcelenteSupremo,V8,7,"526,0671935","73,54367968"
CLIENTE641,ExcelenteSupremo,V8,8,"526,0671935","91,8807059"
CLIENTE641,ExcelenteSupremo,V8,9,"526,0671935","107,8754591"
CLIENTE641,ExcelenteSupremo,V8,10,"526,0671935","86,02656848"
CLIENTE641,ExcelenteSupremo,V8,11,"526,0671935","117,0581251"
CLIENTE641,ExcelenteSupremo,V8,12,"526,0671935","101,480993"
CLIENTE641,ExcelenteSupremo,V16,5,"526,0671935","213,9684503"
CLIENTE641,ExcelenteSupremo,V16,6,"526,0671935","241,6725621"
CLIENTE641,ExcelenteSupremo,V16,7,"526,0671935","199,1508467"
CLIENTE641,ExcelenteSupremo,V16,8,"526,0671935","248,8061579"
CLIENTE641,ExcelenteSupremo,V16,9,"526,0671935","292,1187669"
CLIENTE641,ExcelenteSupremo,V16,10,"526,0671935","232,9535866"
CLIENTE641,ExcelenteSupremo,V16,11,"526,0671935","316,9847476"
CLIENTE641,ExcelenteSupremo,V16,12,"526,0671935","274,8030256"
CLIENTE56,SuaveTerno,V7,5,"526,0671935","343,4482222"
CLIENTE56,SuaveTerno,V7,6,"526,0671935","845,3588967"
CLIENTE56,SuaveTerno,V7,7,"526,0671935","335,8958851"
CLIENTE56,SuaveTerno,V7,8,"526,0671935","436,5391686"
CLIENTE56,SuaveTerno,V7,9,"526,0671935","956,1477605"
CLIENTE56,SuaveTerno,V7,10,"526,0671935","395,5083874"
CLIENTE56,SuaveTerno,V7,11,"526,0671935","524,7194764"
CLIENTE56,SuaveTerno,V7,12,"522,210954","924,5730744"
CLIENTE56,SuaveTerno,V8,5,"526,0671935","343,4482222"
CLIENTE56,SuaveTerno,V8,6,"526,0671935","845,3588967"
CLIENTE56,SuaveTerno,V8,7,"526,0671935","335,8958851"
CLIENTE56,SuaveTerno,V8,8,"526,0671935","436,5391686"
CLIENTE56,SuaveTerno,V8,9,"526,0671935","956,1477605"
CLIENTE56,SuaveTerno,V8,10,"526,0671935","395,5083874"
CLIENTE56,SuaveTerno,V8,11,"526,0671935","524,7194764"
CLIENTE56,SuaveTerno,V8,12,"522,210954","924,5730744"
CLIENTE56,SuaveTerno,V16,5,"526,0671935","3060,689333"
CLIENTE56,SuaveTerno,V16,7,"526,0671935","2015,375311"
CLIENTE56,SuaveTerno,V16,8,"526,0671935","2619,235012"
CLIENTE56,SuaveTerno,V16,10,"526,0671935","2373,050324"
CLIENTE56,SuaveTerno,V16,11,"526,0671935","2148,316858"
CLIENTE56,ExcelenteSupremo,V13,5,"526,0671935","337,3700532"
CLIENTE56,ExcelenteSupremo,V13,6,"526,0671935","381,0519028"
CLIENTE56,ExcelenteSupremo,V13,7,"526,0671935","314,0067222"
CLIENTE56,ExcelenteSupremo,V13,8,"526,0671935","392,2996432"
CLIENTE56,ExcelenteSupremo,V13,9,"526,0671935","460,5918479"
CLIENTE56,ExcelenteSupremo,V13,10,"526,0671935","367,3044497"
CLIENTE56,ExcelenteSupremo,V13,11,"526,0671935","499,7987366"
CLIENTE56,ExcelenteSupremo,V13,12,"522,210954","433,2896331"
CLIENTE190,MuitoBomPleno,V16,5,"526,0671935","5640,79181"
CLIENTE190,MuitoBomPleno,V16,6,"526,0671935","6371,147742"
CLIENTE190,MuitoBomPleno,V16,7,"526,0671935","5250,159373"
CLIENTE190,MuitoBomPleno,V16,8,"526,0671935","6559,208778"
CLIENTE190,MuitoBomPleno,V16,9,"526,0671935","7701,04726"
CLIENTE190,MuitoBomPleno,V16,10,"526,0671935","6141,291771"
CLIENTE190,MuitoBomPleno,V16,11,"526,0671935","8356,582314"
CLIENTE190,MuitoBomPleno,V16,12,"522,210954","7244,5571"
CLIENTE190,MuitoBomPleno,V12,5,"526,0671935","30,36330479"
CLIENTE190,MuitoBomPleno,V12,6,"526,0671935","34,29467125"
CLIENTE190,MuitoBomPleno,V12,7,"526,0671935","28,260605"
CLIENTE190,MuitoBomPleno,V12,8,"526,0671935","35,30696789"
CLIENTE190,MuitoBomPleno,V12,9,"526,0671935","41,45326631"
CLIENTE190,MuitoBomPleno,V12,10,"526,0671935","33,05740047"
CLIENTE190,MuitoBomPleno,V12,11,"526,0671935","44,98188629"
CLIENTE190,MuitoBomPleno,V12,12,"522,210954","38,99606698"
CLIENTE190,MuitoBomPleno,V13,5,"526,0671935","140,5708555"
CLIENTE190,MuitoBomPleno,V13,6,"526,0671935","158,7716262"
CLIENTE190,MuitoBomPleno,V13,7,"526,0671935","130,8361343"
CLIENTE190,MuitoBomPleno,V13,8,"526,0671935","163,4581847"
CLIENTE190,MuitoBomPleno,V13,9,"526,0671935","191,91327"
CLIENTE190,MuitoBomPleno,V13,10,"526,0671935","153,0435207"
CLIENTE190,MuitoBomPleno,V13,11,"526,0671935","208,2494736"
CLIENTE190,MuitoBomPleno,V13,12,"522,210954","180,5373471"
CLIENTE190,ExcelenteSupremo,V7,5,"526,0671935","1405,708555"
CLIENTE190,ExcelenteSupremo,V7,6,"526,0671935","1587,716262"
CLIENTE190,ExcelenteSupremo,V7,7,"526,0671935","1308,361343"
CLIENTE190,ExcelenteSupremo,V7,8,"526,0671935","1634,581847"
CLIENTE190,ExcelenteSupremo,V7,9,"526,0671935","1919,1327"
CLIENTE190,ExcelenteSupremo,V7,10,"526,0671935","1530,435207"
CLIENTE190,ExcelenteSupremo,V7,11,"526,0671935","2082,494736"
CLIENTE190,ExcelenteSupremo,V7,12,"522,210954","1805,373471"
CLIENTE190,ExcelenteSupremo,V13,5,"526,0671935","1375,34525"
CLIENTE190,ExcelenteSupremo,V13,6,"526,0671935","1553,42159"
CLIENTE190,ExcelenteSupremo,V13,7,"526,0671935","1280,100738"
CLIENTE190,ExcelenteSupremo,V13,8,"526,0671935","1599,274879"
CLIENTE190,ExcelenteSupremo,V13,9,"526,0671935","1877,679433"
CLIENTE190,ExcelenteSupremo,V13,10,"526,0671935","1497,377807"
CLIENTE190,ExcelenteSupremo,V13,11,"526,0671935","2037,512849"
CLIENTE190,ExcelenteSupremo,V13,12,"522,210954","1766,377404"
CLIENTE201,MuitoBomPleno,V3,4,"526,0671935","182,2222222"
CLIENTE201,MuitoBomPleno,V3,5,"526,0671935","182,2222222"
CLIENTE201,MuitoBomPleno,V3,6,"526,0671935","182,2222222"
CLIENTE201,MuitoBomPleno,V3,7,"526,0671935","182,2222222"
CLIENTE201,MuitoBomPleno,V3,8,"526,0671935","182,2222222"
CLIENTE201,MuitoBomPleno,V3,9,"526,0671935","182,2222222"
CLIENTE201,MuitoBomPleno,V3,10,"526,0671935","182,2222222"
CLIENTE201,MuitoBomPleno,V3,11,"526,0671935","182,2222222"
CLIENTE201,MuitoBomPleno,V3,12,543,"339,2222222"
CLIENTE201,MuitoBomPleno,V8,4,"526,0671935","182,2222222"
CLIENTE201,MuitoBomPleno,V8,5,"526,0671935","182,2222222"
CLIENTE201,MuitoBomPleno,V8,6,"526,0671935","182,2222222"
CLIENTE201,MuitoBomPleno,V8,7,"526,0671935","182,2222222"
CLIENTE201,MuitoBomPleno,V8,8,"526,0671935","182,2222222"
CLIENTE201,MuitoBomPleno,V8,9,"526,0671935","182,2222222"
CLIENTE201,MuitoBomPleno,V8,10,"526,0671935","182,2222222"
CLIENTE201,MuitoBomPleno,V8,11,"526,0671935","182,2222222"
CLIENTE201,MuitoBomPleno,V8,12,543,"182,2222222"
CLIENTE201,MuitoBomPleno,V13,4,"526,0671935","182,2222222"
CLIENTE201,MuitoBomPleno,V13,5,"526,0671935","182,2222222"
CLIENTE201,MuitoBomPleno,V13,6,"526,0671935","182,2222222"
CLIENTE201,MuitoBomPleno,V13,7,"526,0671935","182,2222222"
CLIENTE201,MuitoBomPleno,V13,8,"526,0671935","182,2222222"
CLIENTE201,MuitoBomPleno,V13,9,"526,0671935","182,2222222"
CLIENTE201,MuitoBomPleno,V13,10,"526,0671935","182,2222222"
CLIENTE201,MuitoBomPleno,V13,11,"526,0671935","182,2222222"
CLIENTE201,MuitoBomPleno,V13,12,543,"182,2222222"
CLIENTE272,MuitoBomPleno,V7,5,"526,0671935","351,4271387"
CLIENTE272,MuitoBomPleno,V7,6,"526,0671935","396,9290654"
CLIENTE272,MuitoBomPleno,V7,7,"526,0671935","327,0903357"
CLIENTE272,MuitoBomPleno,V7,8,"526,0671935","408,6454617"
CLIENTE272,MuitoBomPleno,V7,9,"526,0671935","479,7831749"
CLIENTE272,MuitoBomPleno,V7,10,"526,0671935","382,6088018"
CLIENTE272,MuitoBomPleno,V7,11,"526,0671935","520,6236839"
CLIENTE272,MuitoBomPleno,V7,12,"526,0671935","451,3433679"
CLIENTE272,MuitoBomPleno,V8,5,"526,0671935","351,4271387"
CLIENTE272,MuitoBomPleno,V8,6,"526,0671935","396,9290654"
CLIENTE272,MuitoBomPleno,V8,7,"526,0671935","327,0903357"
CLIENTE272,MuitoBomPleno,V8,8,"526,0671935","408,6454617"
CLIENTE272,MuitoBomPleno,V8,9,"526,0671935","479,7831749"
CLIENTE272,MuitoBomPleno,V8,10,"526,0671935","382,6088018"
CLIENTE272,MuitoBomPleno,V8,11,"526,0671935","520,6236839"
CLIENTE272,MuitoBomPleno,V8,12,"526,0671935","451,3433679"
CLIENTE272,MuitoBomPleno,V16,5,"526,0671935","674,6618097"
CLIENTE272,MuitoBomPleno,V16,6,"526,0671935","762,0153714"
CLIENTE272,MuitoBomPleno,V16,7,"526,0671935","627,94057"
CLIENTE272,MuitoBomPleno,V16,8,"526,0671935","784,5082417"
CLIENTE272,MuitoBomPleno,V16,9,"526,0671935","921,076802"
CLIENTE272,MuitoBomPleno,V16,10,"526,0671935","734,5236556"
CLIENTE272,MuitoBomPleno,V16,11,"526,0671935","999,4814802"
CLIENTE272,MuitoBomPleno,V16,12,"526,0671935","866,4787087"
CLIENTE272,ImpuroMarcado,V8,5,"526,0671935","143,1034259"
CLIENTE272,ImpuroMarcado,V8,6,"526,0671935","176,1164368"
CLIENTE272,ImpuroMarcado,V8,7,"526,0671935","139,9566188"
CLIENTE272,ImpuroMarcado,V8,8,"526,0671935","181,8913203"
CLIENTE272,ImpuroMarcado,V8,9,"526,0671935","199,1974501"
CLIENTE272,ImpuroMarcado,V8,10,"526,0671935","164,7951614"
CLIENTE272,ImpuroMarcado,V8,11,"526,0671935","218,6331152"
CLIENTE272,ImpuroMarcado,V8,12,"526,0671935","192,6193905"
CLIENTE58,MuitoBomPleno,V16,5,"526,0671935","1433,822726"
CLIENTE58,MuitoBomPleno,V16,6,"526,0671935","1619,470587"
CLIENTE58,MuitoBomPleno,V16,7,"526,0671935","1334,528569"
CLIENTE58,MuitoBomPleno,V16,8,"526,0671935","1667,273484"
CLIENTE58,MuitoBomPleno,V16,9,"526,0671935","1957,515354"
CLIENTE58,MuitoBomPleno,V16,10,"526,0671935","1561,043911"
CLIENTE58,MuitoBomPleno,V16,11,"526,0671935","2124,14463"
CLIENTE58,MuitoBomPleno,V16,12,"522,210954","1841,480941"
CLIENTE58,MuitoBomPleno,V13,5,"526,0671935","3697,013499"
CLIENTE58,MuitoBomPleno,V13,6,"526,0671935","4175,693768"
CLIENTE58,MuitoBomPleno,V13,7,"526,0671935","3440,990331"
CLIENTE58,MuitoBomPleno,V13,8,"526,0671935","4298,950257"
CLIENTE58,MuitoBomPleno,V13,9,"526,0671935","5047,319"
CLIENTE58,MuitoBomPleno,V13,10,"526,0671935","4025,044595"
CLIENTE58,MuitoBomPleno,V13,11,"526,0671935","5476,961155"
CLIENTE58,MuitoBomPleno,V13,12,"522,210954","4748,13223"
CLIENTE59,SuaveTerno,V7,2,"526,0671935",200
CLIENTE59,SuaveTerno,V7,3,"526,0671935",200
CLIENTE59,SuaveTerno,V7,4,"526,0671935",200
CLIENTE59,SuaveTerno,V7,5,"526,0671935",200
CLIENTE59,SuaveTerno,V7,6,"526,0671935",200
CLIENTE59,SuaveTerno,V7,7,"526,0671935",200
CLIENTE59,SuaveTerno,V7,8,"526,0671935",200
CLIENTE59,SuaveTerno,V7,9,"526,0671935",200
CLIENTE59,SuaveTerno,V7,10,"526,0671935",200
CLIENTE59,SuaveTerno,V7,11,"526,0671935",200
CLIENTE59,SuaveTerno,V7,12,"522,210954",200
CLIENTE59,SuaveTerno,V7,14,"526,0671935",200
CLIENTE59,SuaveTerno,V7,15,"526,0671935",200
CLIENTE59,SuaveTerno,V8,2,"526,0671935",200
CLIENTE59,SuaveTerno,V8,3,"526,0671935",200
CLIENTE59,SuaveTerno,V8,4,"526,0671935",200
CLIENTE59,SuaveTerno,V8,5,"526,0671935","1384,896367"
CLIENTE59,SuaveTerno,V8,6,"526,0671935","1658,244097"
CLIENTE59,SuaveTerno,V8,7,"526,0671935","1358,840804"
CLIENTE59,SuaveTerno,V8,8,"526,0671935","1706,060132"
CLIENTE59,SuaveTerno,V8,9,"526,0671935","1849,354887"
CLIENTE59,SuaveTerno,V8,10,"526,0671935","1564,503937"
CLIENTE59,SuaveTerno,V8,11,"526,0671935","2010,282193"
CLIENTE59,SuaveTerno,V8,12,"522,210954","1794,888553"
CLIENTE59,SuaveTerno,V8,14,"526,0671935",200
CLIENTE59,SuaveTerno,V8,15,"526,0671935",200
CLIENTE59,MuitoBomPleno,V16,2,"526,0671935",400
CLIENTE59,MuitoBomPleno,V16,3,"526,0671935",400
CLIENTE59,MuitoBomPleno,V16,4,"526,0671935",400
CLIENTE59,MuitoBomPleno,V16,5,"526,0671935","7287,815326"
CLIENTE59,MuitoBomPleno,V16,6,"526,0671935","8179,632814"
CLIENTE59,MuitoBomPleno,V16,7,"526,0671935","6810,82483"
CLIENTE59,MuitoBomPleno,V16,8,"526,0671935","8409,268959"
CLIENTE59,MuitoBomPleno,V16,9,"526,0671935","9803,536441"
CLIENTE59,MuitoBomPleno,V16,10,"526,0671935","7898,962027"
CLIENTE59,MuitoBomPleno,V16,11,"526,0671935","10603,99222"
CLIENTE59,MuitoBomPleno,V16,12,"522,210954","9246,128895"
CLIENTE59,MuitoBomPleno,V16,14,"526,0671935",400
CLIENTE59,MuitoBomPleno,V16,15,"526,0671935",400
CLIENTE59,MuitoBomPleno,V13,2,"526,0671935",200
CLIENTE59,MuitoBomPleno,V13,3,"526,0671935",200
CLIENTE59,MuitoBomPleno,V13,4,"526,0671935",200
CLIENTE59,MuitoBomPleno,V13,5,"526,0671935","3922,316253"
CLIENTE59,MuitoBomPleno,V13,6,"526,0671935","4404,272661"
CLIENTE59,MuitoBomPleno,V13,7,"526,0671935","3664,540835"
CLIENTE59,MuitoBomPleno,V13,8,"526,0671935","4528,37273"
CLIENTE59,MuitoBomPleno,V13,9,"526,0671935","5281,863389"
CLIENTE59,MuitoBomPleno,V13,10,"526,0671935","4252,592428"
CLIENTE59,MuitoBomPleno,V13,11,"526,0671935","5714,44606"
CLIENTE59,MuitoBomPleno,V13,12,"522,210954","4980,628952"
CLIENTE59,MuitoBomPleno,V13,14,"526,0671935",200
CLIENTE59,MuitoBomPleno,V13,15,"526,0671935",200
CLIENTE59,ExcelenteSupremo,V13,2,"526,0671935",200
CLIENTE59,ExcelenteSupremo,V13,3,"526,0671935",200
CLIENTE59,ExcelenteSupremo,V13,4,"526,0671935",200
CLIENTE59,ExcelenteSupremo,V13,5,"526,0671935","1976,815613"
CLIENTE59,ExcelenteSupremo,V13,6,"526,0671935","2206,873355"
CLIENTE59,ExcelenteSupremo,V13,7,"526,0671935","1853,768737"
CLIENTE59,ExcelenteSupremo,V13,8,"526,0671935","2266,111454"
CLIENTE59,ExcelenteSupremo,V13,9,"526,0671935","2625,783732"
CLIENTE59,ExcelenteSupremo,V13,10,"526,0671935","2134,470102"
CLIENTE59,ExcelenteSupremo,V13,11,"526,0671935","2832,273346"
CLIENTE59,ExcelenteSupremo,V13,12,"522,210954","2481,992068"
CLIENTE59,ExcelenteSupremo,V13,14,"526,0671935",200
CLIENTE59,ExcelenteSupremo,V13,15,"526,0671935",200
CLIENTE206,MuitoBomPleno,V16,5,"526,0671935","1508,741651"
CLIENTE206,MuitoBomPleno,V16,6,"526,0671935","1704,089831"
CLIENTE206,MuitoBomPleno,V16,7,"526,0671935","1404,259258"
CLIENTE206,MuitoBomPleno,V16,8,"526,0671935","1754,390486"
CLIENTE206,MuitoBomPleno,V16,9,"526,0671935","2059,797835"
CLIENTE206,MuitoBomPleno,V16,10,"526,0671935","1642,610293"
CLIENTE206,MuitoBomPleno,V16,11,"526,0671935","2235,133688"
CLIENTE206,MuitoBomPleno,V16,12,"526,0671935","1937,700488"
CLIENTE206,MuitoBomPleno,V13,5,"526,0671935","1364,322474"
CLIENTE206,MuitoBomPleno,V13,6,"526,0671935","1540,971612"
CLIENTE206,MuitoBomPleno,V13,7,"526,0671935","1269,841303"
CLIENTE206,MuitoBomPleno,V13,8,"526,0671935","1586,457407"
CLIENTE206,MuitoBomPleno,V13,9,"526,0671935","1862,630674"
CLIENTE206,MuitoBomPleno,V13,10,"526,0671935","1485,376994"
CLIENTE206,MuitoBomPleno,V13,11,"526,0671935","2021,183096"
CLIENTE206,MuitoBomPleno,V13,12,"526,0671935","1752,22068"
CLIENTE206,MuitoBomPleno,V15,5,"526,0671935","2605,545751"
CLIENTE206,MuitoBomPleno,V15,6,"526,0671935","2942,905445"
CLIENTE206,MuitoBomPleno,V15,7,"526,0671935","2425,108196"
CLIENTE206,MuitoBomPleno,V15,8,"526,0671935","3029,772971"
CLIENTE206,MuitoBomPleno,V15,9,"526,0671935","3557,201124"
CLIENTE206,MuitoBomPleno,V15,10,"526,0671935","2836,732363"
CLIENTE206,MuitoBomPleno,V15,11,"526,0671935","3860,000205"
CLIENTE206,MuitoBomPleno,V15,12,"526,0671935","3346,343139"
CLIENTE372,MuitoBomPleno,V7,5,"526,0671935","749,2950867"
CLIENTE372,MuitoBomPleno,V7,6,"526,0671935","846,3119826"
CLIENTE372,MuitoBomPleno,V7,7,"526,0671935","697,4053919"
CLIENTE372,MuitoBomPleno,V7,8,"526,0671935","871,2930872"
CLIENTE372,MuitoBomPleno,V7,9,"526,0671935","1022,969304"
CLIENTE372,MuitoBomPleno,V7,10,"526,0671935","815,7790441"
CLIENTE372,MuitoBomPleno,V7,11,"526,0671935","1110,047362"
CLIENTE372,MuitoBomPleno,V7,12,"526,0671935","962,3313931"
CLIENTE372,MuitoBomPleno,V8,5,"526,0671935","671,9811162"
CLIENTE372,MuitoBomPleno,V8,6,"526,0671935","758,9875882"
CLIENTE372,MuitoBomPleno,V8,7,"526,0671935","625,4455181"
CLIENTE372,MuitoBomPleno,V8,8,"526,0671935","781,3910857"
CLIENTE372,MuitoBomPleno,V8,9,"526,0671935","917,417006"
CLIENTE372,MuitoBomPleno,V8,10,"526,0671935","731,6051077"
CLIENTE372,MuitoBomPleno,V8,11,"526,0671935","995,5101519"
CLIENTE372,MuitoBomPleno,V8,12,"526,0671935","863,0358521"
CLIENTE225,MuitoBomPleno,V16,5,"526,0671935","569,3119647"
CLIENTE225,MuitoBomPleno,V16,6,"526,0671935","643,025086"
CLIENTE225,MuitoBomPleno,V16,7,"526,0671935","529,8863438"
CLIENTE225,MuitoBomPleno,V16,8,"526,0671935","662,0056479"
CLIENTE225,MuitoBomPleno,V16,9,"526,0671935","777,2487434"
CLIENTE225,MuitoBomPleno,V16,10,"526,0671935","619,8262589"
CLIENTE225,MuitoBomPleno,V16,11,"526,0671935","843,410368"
CLIENTE225,MuitoBomPleno,V16,12,"526,0671935","731,1762559"
CLIENTE225,MuitoBomPleno,V13,5,"526,0671935","740,2354434"
CLIENTE225,MuitoBomPleno,V13,6,"526,0671935","836,0793188"
CLIENTE225,MuitoBomPleno,V13,7,"526,0671935","688,9731411"
CLIENTE225,MuitoBomPleno,V13,8,"526,0671935","860,7583797"
CLIENTE225,MuitoBomPleno,V13,9,"526,0671935","1010,600697"
CLIENTE225,MuitoBomPleno,V13,10,"526,0671935","805,9155507"
CLIENTE225,MuitoBomPleno,V13,11,"526,0671935","1096,625904"
CLIENTE225,MuitoBomPleno,V13,12,"526,0671935","950,6959515"
CLIENTE61,MuitoBomPleno,V13,5,"526,0671935","775,9511223"
CLIENTE61,MuitoBomPleno,V13,6,"526,0671935","876,4193765"
CLIENTE61,MuitoBomPleno,V13,7,"526,0671935","722,2154611"
CLIENTE61,MuitoBomPleno,V13,8,"526,0671935","902,2891793"
CLIENTE61,MuitoBomPleno,V13,9,"526,0671935","1059,36125"
CLIENTE61,MuitoBomPleno,V13,10,"526,0671935","844,8002343"
CLIENTE61,MuitoBomPleno,V13,11,"526,0671935","1149,537094"
CLIENTE61,MuitoBomPleno,V13,12,"522,210954","996,5661562"
CLIENTE61,MuitoBomIntenso,V9,5,"526,0671935","103,1961995"
CLIENTE61,MuitoBomIntenso,V9,6,"526,0671935","116,2954075"
CLIENTE61,MuitoBomIntenso,V9,7,"526,0671935","74,90839295"
CLIENTE61,MuitoBomIntenso,V9,8,"526,0671935","103,1961995"
CLIENTE61,MuitoBomIntenso,V9,9,"526,0671935","116,2954075"
CLIENTE61,MuitoBomIntenso,V9,10,"526,0671935","74,90839295"
CLIENTE61,MuitoBomIntenso,V9,11,"526,0671935","103,1961995"
CLIENTE61,MuitoBomIntenso,V9,12,"522,210954","116,2954075"
CLIENTE62,MuitoBomPleno,V5,1,"590,4888889",104
CLIENTE62,MuitoBomPleno,V5,2,"590,4888889",573
CLIENTE62,MuitoBomPleno,V5,3,"590,4888889",573
CLIENTE62,MuitoBomPleno,V5,4,"590,4888889",640
CLIENTE62,MuitoBomPleno,V5,5,"590,4888889",640
CLIENTE62,MuitoBomPleno,V5,6,"590,4888889",640
CLIENTE62,MuitoBomPleno,V5,7,"590,4888889",640
CLIENTE62,MuitoBomPleno,V5,8,"590,4888889",640
CLIENTE62,MuitoBomPleno,V5,9,"590,4888889",640
CLIENTE62,MuitoBomPleno,V5,10,"590,4888889",640
CLIENTE62,MuitoBomPleno,V5,11,"590,4888889",640
CLIENTE62,MuitoBomPleno,V5,12,621,640
CLIENTE62,MuitoBomPleno,V5,13,"590,4888889",104
CLIENTE62,MuitoBomPleno,V5,14,"590,4888889",573
CLIENTE62,MuitoBomPleno,V5,15,"590,4888889",573
CLIENTE62,MuitoBomPleno,V13,4,"590,4888889",600
CLIENTE62,MuitoBomPleno,V13,5,"590,4888889",600
CLIENTE62,MuitoBomPleno,V13,6,"590,4888889",600
CLIENTE62,MuitoBomPleno,V13,7,"590,4888889",600
CLIENTE62,MuitoBomPleno,V13,8,"590,4888889",600
CLIENTE62,MuitoBomPleno,V13,9,"590,4888889",600
CLIENTE62,MuitoBomPleno,V13,10,"590,4888889",600
CLIENTE62,MuitoBomPleno,V13,11,"590,4888889",600
CLIENTE62,MuitoBomPleno,V13,12,621,600
CLIENTE573,MuitoBomPleno,V5,3,"590,4888889","788,2870052"
CLIENTE573,MuitoBomPleno,V5,4,"590,4888889","274,5820647"
CLIENTE573,MuitoBomPleno,V5,5,"590,4888889","1314,323361"
CLIENTE573,MuitoBomPleno,V5,6,"590,4888889","265,2910396"
CLIENTE573,MuitoBomPleno,V5,7,"590,4888889","177,3219534"
CLIENTE573,MuitoBomPleno,V5,8,"590,4888889","96,60458024"
CLIENTE573,MuitoBomPleno,V5,10,"590,4888889","1600,875901"
CLIENTE573,MuitoBomPleno,V5,12,605,"1600,875901"
CLIENTE573,MuitoBomPleno,V5,15,"590,4888889","788,2870052"
CLIENTE199,MuitoBomPleno,V5,1,"590,4888889",494
CLIENTE199,MuitoBomPleno,V5,2,"590,4888889",946
CLIENTE199,MuitoBomPleno,V5,3,"590,4888889",972
CLIENTE199,MuitoBomPleno,V5,4,"590,4888889","937,5"
CLIENTE199,MuitoBomPleno,V5,5,"590,4888889","937,5"
CLIENTE199,MuitoBomPleno,V5,6,"590,4888889","937,5"
CLIENTE199,MuitoBomPleno,V5,7,"590,4888889","937,5"
CLIENTE199,MuitoBomPleno,V5,8,"590,4888889","937,5"
CLIENTE199,MuitoBomPleno,V5,9,"590,4888889","937,5"
CLIENTE199,MuitoBomPleno,V5,10,"590,4888889","937,5"
CLIENTE199,MuitoBomPleno,V5,11,"590,4888889","937,5"
CLIENTE199,MuitoBomPleno,V5,12,560,"937,5"
CLIENTE199,MuitoBomPleno,V5,13,"590,4888889",494
CLIENTE199,MuitoBomPleno,V5,14,"590,4888889",946
CLIENTE199,MuitoBomPleno,V5,15,"590,4888889",972
CLIENTE199,MuitoBomPleno,V12,1,"590,4888889",182
CLIENTE199,MuitoBomPleno,V12,2,"590,4888889",546
CLIENTE199,MuitoBomPleno,V12,3,"590,4888889",910
CLIENTE199,MuitoBomPleno,V12,4,"590,4888889","756,1666667"
CLIENTE199,MuitoBomPleno,V12,5,"590,4888889","756,1666667"
CLIENTE199,MuitoBomPleno,V12,6,"590,4888889","756,1666667"
CLIENTE199,MuitoBomPleno,V12,7,"590,4888889","756,1666667"
CLIENTE199,MuitoBomPleno,V12,8,"590,4888889","756,1666667"
CLIENTE199,MuitoBomPleno,V12,9,"590,4888889","1433,333333"
CLIENTE199,MuitoBomPleno,V12,10,"590,4888889","1433,333333"
CLIENTE199,MuitoBomPleno,V12,11,"590,4888889","1433,333333"
CLIENTE199,MuitoBomPleno,V12,12,560,"1433,333333"
CLIENTE199,MuitoBomPleno,V12,13,"590,4888889",182
CLIENTE199,MuitoBomPleno,V12,14,"590,4888889",546
CLIENTE199,MuitoBomPleno,V12,15,"590,4888889",910
CLIENTE63,MuitoBomPleno,V12,1,"557,6384656",600
CLIENTE63,MuitoBomPleno,V12,2,"557,6384656",600
CLIENTE63,MuitoBomPleno,V12,3,"557,6384656",600
CLIENTE63,MuitoBomPleno,V12,4,"557,6384656",530
CLIENTE63,MuitoBomPleno,V12,5,"557,6384656",530
CLIENTE63,MuitoBomPleno,V12,6,"557,6384656",530
CLIENTE63,MuitoBomPleno,V12,7,"557,6384656",530
CLIENTE63,MuitoBomPleno,V12,8,"557,6384656",530
CLIENTE63,MuitoBomPleno,V12,9,"557,6384656",530
CLIENTE63,MuitoBomPleno,V12,10,"557,6384656",530
CLIENTE63,MuitoBomPleno,V12,11,"557,6384656",530
CLIENTE63,MuitoBomPleno,V12,12,"579,15",530
CLIENTE63,MuitoBomPleno,V12,13,"557,6384656",600
CLIENTE63,MuitoBomPleno,V12,14,"557,6384656",600
CLIENTE63,MuitoBomPleno,V12,15,"557,6384656",600
CLIENTE63,MuitoBomPleno,V13,1,"557,6384656",1000
CLIENTE63,MuitoBomPleno,V13,2,"557,6384656",1000
CLIENTE63,MuitoBomPleno,V13,3,"557,6384656",1000
CLIENTE63,MuitoBomPleno,V13,4,"557,6384656",1100
CLIENTE63,MuitoBomPleno,V13,5,"557,6384656",1100
CLIENTE63,MuitoBomPleno,V13,6,"557,6384656",1100
CLIENTE63,MuitoBomPleno,V13,7,"557,6384656",1100
CLIENTE63,MuitoBomPleno,V13,8,"557,6384656",1100
CLIENTE63,MuitoBomPleno,V13,9,"557,6384656",1100
CLIENTE63,MuitoBomPleno,V13,10,"557,6384656",1100
CLIENTE63,MuitoBomPleno,V13,11,"557,6384656",1100
CLIENTE63,MuitoBomPleno,V13,12,"579,15",1100
CLIENTE63,MuitoBomPleno,V13,13,"557,6384656",1000
CLIENTE63,MuitoBomPleno,V13,14,"557,6384656",1000
CLIENTE63,MuitoBomPleno,V13,15,"557,6384656",1000
CLIENTE469,MuitoBomPleno,V16,3,"526,0671935",0
CLIENTE469,MuitoBomPleno,V16,4,"526,0671935",0
CLIENTE469,MuitoBomPleno,V16,5,"526,0671935","250,2652845"
CLIENTE469,MuitoBomPleno,V16,6,"526,0671935","272,5125807"
CLIENTE469,MuitoBomPleno,V16,7,"526,0671935","202,2221348"
CLIENTE469,MuitoBomPleno,V16,8,"526,0671935","250,2652845"
CLIENTE469,MuitoBomPleno,V16,9,"526,0671935","272,5125807"
CLIENTE469,MuitoBomPleno,V16,10,"526,0671935","202,2221348"
CLIENTE469,MuitoBomPleno,V16,11,"526,0671935","250,2652845"
CLIENTE469,MuitoBomPleno,V16,12,"526,0671935","272,5125807"
CLIENTE469,MuitoBomPleno,V16,15,"526,0671935",75
CLIENTE469,MuitoBomPleno,V13,3,"526,0671935",0
CLIENTE469,MuitoBomPleno,V13,4,"526,0671935",0
CLIENTE469,MuitoBomPleno,V13,5,"526,0671935",75
CLIENTE469,MuitoBomPleno,V13,6,"526,0671935",75
CLIENTE469,MuitoBomPleno,V13,7,"526,0671935",75
CLIENTE469,MuitoBomPleno,V13,8,"526,0671935",75
CLIENTE469,MuitoBomPleno,V13,9,"526,0671935",75
CLIENTE469,MuitoBomPleno,V13,10,"526,0671935",75
CLIENTE469,MuitoBomPleno,V13,11,"526,0671935",75
CLIENTE469,MuitoBomPleno,V13,12,"526,0671935",75
CLIENTE469,MuitoBomPleno,V13,15,"526,0671935",75
CLIENTE64,DiscretoCalmo,V12,1,"557,6384656",1650
CLIENTE64,DiscretoCalmo,V12,2,"557,6384656",1000
CLIENTE64,DiscretoCalmo,V12,13,"557,6384656",1650
CLIENTE64,DiscretoCalmo,V12,14,"557,6384656",1000
CLIENTE64,ArtificialZero,V12,2,"557,6384656",1500
CLIENTE64,ArtificialZero,V12,3,"557,6384656",1864
CLIENTE64,ArtificialZero,V12,4,"557,6384656",1428
CLIENTE64,ArtificialZero,V12,5,"557,6384656",2764
CLIENTE64,ArtificialZero,V12,6,"557,6384656",2674
CLIENTE64,ArtificialZero,V12,7,"557,6384656",3574
CLIENTE64,ArtificialZero,V12,8,"557,6384656",1516
CLIENTE64,ArtificialZero,V12,9,"557,6384656",2764
CLIENTE64,ArtificialZero,V12,10,"557,6384656",2764
CLIENTE64,ArtificialZero,V12,11,"557,6384656",2764
CLIENTE64,ArtificialZero,V12,12,"567,5",1694
CLIENTE64,ArtificialZero,V12,14,"557,6384656",1500
CLIENTE64,ArtificialZero,V12,15,"557,6384656",1864
CLIENTE234,InferiorRaso,V3,2,"557,6384656",300
CLIENTE234,InferiorRaso,V3,3,"557,6384656",300
CLIENTE234,InferiorRaso,V3,4,"557,6384656",300
CLIENTE234,InferiorRaso,V3,5,"557,6384656",300
CLIENTE234,InferiorRaso,V3,6,"557,6384656",300
CLIENTE234,InferiorRaso,V3,7,"557,6384656",300
CLIENTE234,InferiorRaso,V3,8,"557,6384656",300
CLIENTE234,InferiorRaso,V3,9,"557,6384656",300
CLIENTE234,InferiorRaso,V3,10,"557,6384656",300
CLIENTE234,InferiorRaso,V3,11,"557,6384656",300
CLIENTE234,InferiorRaso,V3,12,"579,3375905",300
CLIENTE234,InferiorRaso,V3,14,"557,6384656",300
CLIENTE234,InferiorRaso,V3,15,"557,6384656",300
CLIENTE234,MuitoBomPleno,V16,1,"557,6384656",150
CLIENTE234,MuitoBomPleno,V16,2,"557,6384656",150
CLIENTE234,MuitoBomPleno,V16,3,"557,6384656",150
CLIENTE234,MuitoBomPleno,V16,4,"557,6384656",150
CLIENTE234,MuitoBomPleno,V16,5,"557,6384656",150
CLIENTE234,MuitoBomPleno,V16,6,"557,6384656",150
CLIENTE234,MuitoBomPleno,V16,7,"557,6384656",150
CLIENTE234,MuitoBomPleno,V16,8,"557,6384656",150
CLIENTE234,MuitoBomPleno,V16,9,"557,6384656",150
CLIENTE234,MuitoBomPleno,V16,10,"557,6384656",150
CLIENTE234,MuitoBomPleno,V16,11,"557,6384656",150
CLIENTE234,MuitoBomPleno,V16,12,"579,3375905",150
CLIENTE234,MuitoBomPleno,V16,13,"557,6384656",150
CLIENTE234,MuitoBomPleno,V16,14,"557,6384656",150
CLIENTE234,MuitoBomPleno,V16,15,"557,6384656",150
CLIENTE234,PuroAustero,V3,1,"557,6384656",1300
CLIENTE234,PuroAustero,V3,2,"557,6384656",1000
CLIENTE234,PuroAustero,V3,3,"557,6384656",1000
CLIENTE234,PuroAustero,V3,4,"557,6384656",1000
CLIENTE234,PuroAustero,V3,5,"557,6384656",1000
CLIENTE234,PuroAustero,V3,6,"557,6384656",1000
CLIENTE234,PuroAustero,V3,7,"557,6384656",1000
CLIENTE234,PuroAustero,V3,8,"557,6384656",1000
CLIENTE234,PuroAustero,V3,9,"557,6384656",1000
CLIENTE234,PuroAustero,V3,10,"557,6384656",1000
CLIENTE234,PuroAustero,V3,11,"557,6384656",1000
CLIENTE234,PuroAustero,V3,12,"579,3375905",1000
CLIENTE234,PuroAustero,V3,13,"557,6384656",1300
CLIENTE234,PuroAustero,V3,14,"557,6384656",1000
CLIENTE234,PuroAustero,V3,15,"557,6384656",1000
CLIENTE369,MuitoBomPleno,V13,1,"557,6384656",1200
CLIENTE369,MuitoBomPleno,V13,2,"557,6384656",1250
CLIENTE369,MuitoBomPleno,V13,3,"557,6384656",1250
CLIENTE369,MuitoBomPleno,V13,4,"557,6384656",1250
CLIENTE369,MuitoBomPleno,V13,5,"557,6384656",1250
CLIENTE369,MuitoBomPleno,V13,6,"557,6384656",1250
CLIENTE369,MuitoBomPleno,V13,7,"557,6384656",1250
CLIENTE369,MuitoBomPleno,V13,8,"557,6384656",1250
CLIENTE369,MuitoBomPleno,V13,9,"557,6384656",1250
CLIENTE369,MuitoBomPleno,V13,10,"557,6384656",1250
CLIENTE369,MuitoBomPleno,V13,11,"557,6384656",1250
CLIENTE369,MuitoBomPleno,V13,12,"592,4",1250
CLIENTE369,MuitoBomPleno,V13,13,"557,6384656",1200
CLIENTE369,MuitoBomPleno,V13,14,"557,6384656",1250
CLIENTE369,MuitoBomPleno,V13,15,"557,6384656",1250
CLIENTE65,MuitoBomPleno,V15,1,"557,6384656",192
CLIENTE65,MuitoBomPleno,V15,2,"557,6384656",210
CLIENTE65,MuitoBomPleno,V15,3,"557,6384656",210
CLIENTE65,MuitoBomPleno,V15,4,"557,6384656",210
CLIENTE65,MuitoBomPleno,V15,5,"557,6384656",210
CLIENTE65,MuitoBomPleno,V15,6,"557,6384656",210
CLIENTE65,MuitoBomPleno,V15,7,"557,6384656",210
CLIENTE65,MuitoBomPleno,V15,8,"557,6384656",96
CLIENTE65,MuitoBomPleno,V15,9,"557,6384656",210
CLIENTE65,MuitoBomPleno,V15,10,"557,6384656",210
CLIENTE65,MuitoBomPleno,V15,11,"557,6384656",210
CLIENTE65,MuitoBomPleno,V15,12,"567,5","95,83333333"
CLIENTE65,MuitoBomPleno,V15,13,"557,6384656",192
CLIENTE65,MuitoBomPleno,V15,14,"557,6384656",210
CLIENTE65,MuitoBomPleno,V15,15,"557,6384656",210
CLIENTE65,DiscretoCalmo,V12,1,"557,6384656",576
CLIENTE65,DiscretoCalmo,V12,2,"557,6384656",752
CLIENTE65,DiscretoCalmo,V12,3,"557,6384656",752
CLIENTE65,DiscretoCalmo,V12,4,"557,6384656",752
CLIENTE65,DiscretoCalmo,V12,5,"557,6384656",752
CLIENTE65,DiscretoCalmo,V12,6,"557,6384656",752
CLIENTE65,DiscretoCalmo,V12,7,"557,6384656",752
CLIENTE65,DiscretoCalmo,V12,8,"557,6384656",342
CLIENTE65,DiscretoCalmo,V12,9,"557,6384656",752
CLIENTE65,DiscretoCalmo,V12,10,"557,6384656",752
CLIENTE65,DiscretoCalmo,V12,11,"557,6384656",752
CLIENTE65,DiscretoCalmo,V12,12,"567,5",342
CLIENTE65,DiscretoCalmo,V12,13,"557,6384656",576
CLIENTE65,DiscretoCalmo,V12,14,"557,6384656",752
CLIENTE65,DiscretoCalmo,V12,15,"557,6384656",752
CLIENTE66,VolumosoAmplo,V3,1,"557,6384656",5500
CLIENTE66,VolumosoAmplo,V3,2,"557,6384656",6500
CLIENTE66,VolumosoAmplo,V3,3,"557,6384656",6500
CLIENTE66,VolumosoAmplo,V3,4,"557,6384656",6500
CLIENTE66,VolumosoAmplo,V3,5,"557,6384656",6500
CLIENTE66,VolumosoAmplo,V3,6,"557,6384656",6500
CLIENTE66,VolumosoAmplo,V3,7,"557,6384656",6500
CLIENTE66,VolumosoAmplo,V3,8,"557,6384656",6500
CLIENTE66,VolumosoAmplo,V3,9,"557,6384656",6500
CLIENTE66,VolumosoAmplo,V3,10,"557,6384656",6500
CLIENTE66,VolumosoAmplo,V3,11,"557,6384656",6500
CLIENTE66,VolumosoAmplo,V3,12,"563,6",6500
CLIENTE66,VolumosoAmplo,V3,13,"557,6384656",5500
CLIENTE66,VolumosoAmplo,V3,14,"557,6384656",6500
CLIENTE66,VolumosoAmplo,V3,15,"557,6384656",6500
CLIENTE66,VolumosoAmplo,V15,1,"557,6384656",12000
CLIENTE66,VolumosoAmplo,V15,2,"557,6384656",9700
CLIENTE66,VolumosoAmplo,V15,3,"557,6384656",13000
CLIENTE66,VolumosoAmplo,V15,4,"557,6384656",13000
CLIENTE66,VolumosoAmplo,V15,5,"557,6384656",13000
CLIENTE66,VolumosoAmplo,V15,6,"557,6384656",13000
CLIENTE66,VolumosoAmplo,V15,7,"557,6384656",13000
CLIENTE66,VolumosoAmplo,V15,8,"557,6384656",13000
CLIENTE66,VolumosoAmplo,V15,9,"557,6384656",13000
CLIENTE66,VolumosoAmplo,V15,10,"557,6384656",13000
CLIENTE66,VolumosoAmplo,V15,11,"557,6384656",13000
CLIENTE66,VolumosoAmplo,V15,12,"563,6",13000
CLIENTE66,VolumosoAmplo,V15,13,"557,6384656",12000
CLIENTE66,VolumosoAmplo,V15,14,"557,6384656",9700
CLIENTE66,VolumosoAmplo,V15,15,"557,6384656",13000
CLIENTE66,VolumosoNobre,V2,4,"557,6384656","2000,01"
CLIENTE66,VolumosoNobre,V2,5,"557,6384656","2000,01"
CLIENTE66,VolumosoNobre,V2,6,"557,6384656","2000,01"
CLIENTE66,VolumosoNobre,V2,7,"557,6384656","2000,01"
CLIENTE66,VolumosoNobre,V2,8,"557,6384656","2000,01"
CLIENTE66,VolumosoNobre,V2,9,"557,6384656","2000,01"
CLIENTE66,VolumosoNobre,V2,10,"557,6384656","2000,01"
CLIENTE66,VolumosoNobre,V2,11,"557,6384656","2000,01"
CLIENTE66,VolumosoNobre,V2,12,"563,6","2000,01"
CLIENTE66,InferiorRaso,V3,1,"557,6384656",500
CLIENTE66,InferiorRaso,V3,2,"557,6384656",500
CLIENTE66,InferiorRaso,V3,3,"557,6384656",500
CLIENTE66,InferiorRaso,V3,4,"557,6384656",500
CLIENTE66,InferiorRaso,V3,5,"557,6384656",500
CLIENTE66,InferiorRaso,V3,6,"557,6384656",500
CLIENTE66,InferiorRaso,V3,7,"557,6384656",500
CLIENTE66,InferiorRaso,V3,8,"557,6384656",500
CLIENTE66,InferiorRaso,V3,9,"557,6384656",500
CLIENTE66,InferiorRaso,V3,10,"557,6384656",500
CLIENTE66,InferiorRaso,V3,11,"557,6384656",500
CLIENTE66,InferiorRaso,V3,12,"563,6",500
CLIENTE66,InferiorRaso,V3,13,"557,6384656",500
CLIENTE66,InferiorRaso,V3,14,"557,6384656",500
CLIENTE66,InferiorRaso,V3,15,"557,6384656",500
CLIENTE66,InferiorRaso,V15,2,"557,6384656",3300
CLIENTE66,InferiorRaso,V15,14,"557,6384656",3300
CLIENTE414,PuroAustero,V3,1,"557,6384656",600
CLIENTE414,PuroAustero,V3,2,"557,6384656",1000
CLIENTE414,PuroAustero,V3,3,"557,6384656",1000
CLIENTE414,PuroAustero,V3,4,"557,6384656",1000
CLIENTE414,PuroAustero,V3,5,"557,6384656",1000
CLIENTE414,PuroAustero,V3,6,"557,6384656",1000
CLIENTE414,PuroAustero,V3,7,"557,6384656",1000
CLIENTE414,PuroAustero,V3,8,"557,6384656",1000
CLIENTE414,PuroAustero,V3,9,"557,6384656",1000
CLIENTE414,PuroAustero,V3,10,"557,6384656",1000
CLIENTE414,PuroAustero,V3,11,"557,6384656",1000
CLIENTE414,PuroAustero,V3,12,"557,6384656",1000
CLIENTE414,PuroAustero,V3,13,"557,6384656",600
CLIENTE414,PuroAustero,V3,14,"557,6384656",1000
CLIENTE414,PuroAustero,V3,15,"557,6384656",1000
CLIENTE67,MuitoBomIntenso,V9,2,"557,6384656",24
CLIENTE67,MuitoBomIntenso,V9,3,"557,6384656",24
CLIENTE67,MuitoBomIntenso,V9,4,"557,6384656",24
CLIENTE67,MuitoBomIntenso,V9,5,"557,6384656",24
CLIENTE67,MuitoBomIntenso,V9,6,"557,6384656",24
CLIENTE67,MuitoBomIntenso,V9,8,"557,6384656",24
CLIENTE67,MuitoBomIntenso,V9,9,"557,6384656",24
CLIENTE67,MuitoBomIntenso,V9,11,"557,6384656",24
CLIENTE67,MuitoBomIntenso,V9,12,"557,6384656",24
CLIENTE67,MuitoBomIntenso,V9,14,"557,6384656",24
CLIENTE67,MuitoBomIntenso,V9,15,"557,6384656",24
CLIENTE706,MuitoBomPleno,V16,1,"557,6384656",72
CLIENTE706,MuitoBomPleno,V16,13,"557,6384656",72
CLIENTE68,EscuroSereno,V2,1,"557,6384656",696
CLIENTE68,EscuroSereno,V2,2,"557,6384656",1656
CLIENTE68,EscuroSereno,V2,3,"557,6384656",950
CLIENTE68,EscuroSereno,V2,4,"557,6384656",950
CLIENTE68,EscuroSereno,V2,5,"557,6384656",950
CLIENTE68,EscuroSereno,V2,6,"557,6384656",950
CLIENTE68,EscuroSereno,V2,7,"557,6384656",950
CLIENTE68,EscuroSereno,V2,8,"557,6384656",950
CLIENTE68,EscuroSereno,V2,9,"557,6384656",950
CLIENTE68,EscuroSereno,V2,10,"557,6384656",950
CLIENTE68,EscuroSereno,V2,11,"557,6384656",950
CLIENTE68,EscuroSereno,V2,12,560,950
CLIENTE68,EscuroSereno,V2,13,"557,6384656",696
CLIENTE68,EscuroSereno,V2,14,"557,6384656",1656
CLIENTE68,EscuroSereno,V2,15,"557,6384656",950
CLIENTE68,ResistenteFirme,V2,3,"557,6384656",240
CLIENTE68,ResistenteFirme,V2,4,"557,6384656",598
CLIENTE68,ResistenteFirme,V2,5,"557,6384656",598
CLIENTE68,ResistenteFirme,V2,6,"557,6384656",598
CLIENTE68,ResistenteFirme,V2,7,"557,6384656",500
CLIENTE68,ResistenteFirme,V2,8,"557,6384656",500
CLIENTE68,ResistenteFirme,V2,9,"557,6384656",500
CLIENTE68,ResistenteFirme,V2,10,"557,6384656",500
CLIENTE68,ResistenteFirme,V2,11,"557,6384656",500
CLIENTE68,ResistenteFirme,V2,12,560,500
CLIENTE68,ResistenteFirme,V2,15,"557,6384656",240
CLIENTE317,MuitoBomPleno,V15,2,"557,6384656",1008
CLIENTE317,MuitoBomPleno,V15,3,"557,6384656",1016
CLIENTE317,MuitoBomPleno,V15,4,"557,6384656",1008
CLIENTE317,MuitoBomPleno,V15,5,"557,6384656",1008
CLIENTE317,MuitoBomPleno,V15,6,"557,6384656",1008
CLIENTE317,MuitoBomPleno,V15,7,"557,6384656",2008
CLIENTE317,MuitoBomPleno,V15,8,"557,6384656",1008
CLIENTE317,MuitoBomPleno,V15,9,"557,6384656",1008
CLIENTE317,MuitoBomPleno,V15,10,"557,6384656",1008
CLIENTE317,MuitoBomPleno,V15,11,"557,6384656",1008
CLIENTE317,MuitoBomPleno,V15,12,"591,47",1008
CLIENTE317,MuitoBomPleno,V15,14,"557,6384656",1008
CLIENTE317,MuitoBomPleno,V15,15,"557,6384656",1016
CLIENTE69,ExcelenteSupremo,V2,2,"557,6384656",144
CLIENTE69,ExcelenteSupremo,V2,3,"557,6384656","1819,923077"
CLIENTE69,ExcelenteSupremo,V2,4,"557,6384656","1966,923077"
CLIENTE69,ExcelenteSupremo,V2,5,"557,6384656","1966,923077"
CLIENTE69,ExcelenteSupremo,V2,6,"557,6384656","1966,923077"
CLIENTE69,ExcelenteSupremo,V2,7,"557,6384656","576,9230769"
CLIENTE69,ExcelenteSupremo,V2,8,"557,6384656","576,9230769"
CLIENTE69,ExcelenteSupremo,V2,9,"557,6384656","576,9230769"
CLIENTE69,ExcelenteSupremo,V2,10,"557,6384656","576,9230769"
CLIENTE69,ExcelenteSupremo,V2,11,"557,6384656","576,9230769"
CLIENTE69,ExcelenteSupremo,V2,12,"531,9","576,9230769"
CLIENTE69,ExcelenteSupremo,V2,14,"557,6384656",144
CLIENTE69,ExcelenteSupremo,V2,15,"557,6384656","1819,923077"
CLIENTE69,ArtificialZero,V2,1,"557,6384656",200
CLIENTE69,ArtificialZero,V2,2,"557,6384656",1722
CLIENTE69,ArtificialZero,V2,13,"557,6384656",200
CLIENTE69,ArtificialZero,V2,14,"557,6384656",1722
CLIENTE70,OpacoManso,V1,3,"557,6384656",50
CLIENTE70,OpacoManso,V1,15,"557,6384656",50
CLIENTE70,NaturalClaro,V1,4,"557,6384656",50
CLIENTE70,PuroAustero,V3,1,"557,6384656",4000
CLIENTE70,PuroAustero,V3,2,"557,6384656",3000
CLIENTE70,PuroAustero,V3,3,"557,6384656","3300,334528"
CLIENTE70,PuroAustero,V3,4,"557,6384656","3000,334528"
CLIENTE70,PuroAustero,V3,5,"557,6384656","2887,334528"
CLIENTE70,PuroAustero,V3,6,"557,6384656","2887,334528"
CLIENTE70,PuroAustero,V3,7,"557,6384656","2887,334528"
CLIENTE70,PuroAustero,V3,8,"557,6384656","2887,334528"
CLIENTE70,PuroAustero,V3,9,"557,6384656","2887,334528"
CLIENTE70,PuroAustero,V3,10,"557,6384656","2887,334528"
CLIENTE70,PuroAustero,V3,11,"557,6384656","2887,334528"
CLIENTE70,PuroAustero,V3,12,"546,6887324","2887,334528"
CLIENTE70,PuroAustero,V3,13,"557,6384656",4000
CLIENTE70,PuroAustero,V3,14,"557,6384656",3000
CLIENTE70,PuroAustero,V3,15,"557,6384656","3300,334528"
CLIENTE292,MuitoBomPleno,V16,7,"557,6384656",1008
CLIENTE292,MuitoBomPleno,V16,8,"557,6384656",1008
CLIENTE292,MuitoBomPleno,V16,9,"557,6384656",1008
CLIENTE292,MuitoBomPleno,V16,10,"557,6384656",1008
CLIENTE292,MuitoBomPleno,V16,11,"557,6384656",1008
CLIENTE292,MuitoBomPleno,V16,12,"591,47",1008
CLIENTE292,MuitoBomPleno,V15,2,"557,6384656",1008
CLIENTE292,MuitoBomPleno,V15,3,"557,6384656",1016
CLIENTE292,MuitoBomPleno,V15,4,"557,6384656",1008
CLIENTE292,MuitoBomPleno,V15,5,"557,6384656",1008
CLIENTE292,MuitoBomPleno,V15,6,"557,6384656",1008
CLIENTE292,MuitoBomPleno,V15,7,"557,6384656",1000
CLIENTE292,MuitoBomPleno,V15,14,"557,6384656",1008
CLIENTE292,MuitoBomPleno,V15,15,"557,6384656",1016
CLIENTE386,PuroAustero,V3,1,"557,6384656",1550
CLIENTE386,PuroAustero,V3,2,"557,6384656",1500
CLIENTE386,PuroAustero,V3,3,"557,6384656",1500
CLIENTE386,PuroAustero,V3,4,"557,6384656",1500
CLIENTE386,PuroAustero,V3,5,"557,6384656",1500
CLIENTE386,PuroAustero,V3,6,"557,6384656",1500
CLIENTE386,PuroAustero,V3,7,"557,6384656",1500
CLIENTE386,PuroAustero,V3,8,"557,6384656",1500
CLIENTE386,PuroAustero,V3,9,"557,6384656",1500
CLIENTE386,PuroAustero,V3,10,"557,6384656",1500
CLIENTE386,PuroAustero,V3,11,"557,6384656",1500
CLIENTE386,PuroAustero,V3,12,"599,4",1500
CLIENTE386,PuroAustero,V3,13,"557,6384656",1550
CLIENTE386,PuroAustero,V3,14,"557,6384656",1500
CLIENTE386,PuroAustero,V3,15,"557,6384656",1500
CLIENTE71,OpacoManso,V1,3,"557,6384656",100
CLIENTE71,OpacoManso,V1,15,"557,6384656",100
CLIENTE71,NaturalClaro,V1,4,"557,6384656",150
CLIENTE71,NaturalClaro,V1,5,"557,6384656",200
CLIENTE71,NaturalClaro,V1,6,"557,6384656",200
CLIENTE71,ExcelenteSupremo,V2,1,"557,6384656",178
CLIENTE71,ExcelenteSupremo,V2,2,"557,6384656",800
CLIENTE71,ExcelenteSupremo,V2,3,"557,6384656",800
CLIENTE71,ExcelenteSupremo,V2,4,"557,6384656",800
CLIENTE71,ExcelenteSupremo,V2,5,"557,6384656",800
CLIENTE71,ExcelenteSupremo,V2,6,"557,6384656",800
CLIENTE71,ExcelenteSupremo,V2,7,"557,6384656",717
CLIENTE71,ExcelenteSupremo,V2,8,"557,6384656",717
CLIENTE71,ExcelenteSupremo,V2,9,"557,6384656",717
CLIENTE71,ExcelenteSupremo,V2,10,"557,6384656",717
CLIENTE71,ExcelenteSupremo,V2,11,"557,6384656",717
CLIENTE71,ExcelenteSupremo,V2,12,"540,5247257",717
CLIENTE71,ExcelenteSupremo,V2,13,"557,6384656",178
CLIENTE71,ExcelenteSupremo,V2,14,"557,6384656",800
CLIENTE71,ExcelenteSupremo,V2,15,"557,6384656",800
CLIENTE71,ResistenteFirme,V2,1,"557,6384656",1500
CLIENTE71,ResistenteFirme,V2,2,"557,6384656",1400
CLIENTE71,ResistenteFirme,V2,3,"557,6384656",1000
CLIENTE71,ResistenteFirme,V2,4,"557,6384656",1000
CLIENTE71,ResistenteFirme,V2,5,"557,6384656",1000
CLIENTE71,ResistenteFirme,V2,6,"557,6384656",1000
CLIENTE71,ResistenteFirme,V2,7,"557,6384656",1000
CLIENTE71,ResistenteFirme,V2,8,"557,6384656",1000
CLIENTE71,ResistenteFirme,V2,9,"557,6384656",1000
CLIENTE71,ResistenteFirme,V2,10,"557,6384656",1000
CLIENTE71,ResistenteFirme,V2,11,"557,6384656",1000
CLIENTE71,ResistenteFirme,V2,12,"540,5247257",1000
CLIENTE71,ResistenteFirme,V2,13,"557,6384656",1500
CLIENTE71,ResistenteFirme,V2,14,"557,6384656",1400
CLIENTE71,ResistenteFirme,V2,15,"557,6384656",1000
CLIENTE71,PuroAustero,V3,1,"557,6384656","2399,666667"
CLIENTE71,PuroAustero,V3,2,"557,6384656",2400
CLIENTE71,PuroAustero,V3,3,"557,6384656",2800
CLIENTE71,PuroAustero,V3,4,"557,6384656",3100
CLIENTE71,PuroAustero,V3,5,"557,6384656",2600
CLIENTE71,PuroAustero,V3,6,"557,6384656",2400
CLIENTE71,PuroAustero,V3,7,"557,6384656","2566,666667"
CLIENTE71,PuroAustero,V3,8,"557,6384656","2566,666667"
CLIENTE71,PuroAustero,V3,9,"557,6384656","2566,666667"
CLIENTE71,PuroAustero,V3,10,"557,6384656","2566,666667"
CLIENTE71,PuroAustero,V3,11,"557,6384656","2566,666667"
CLIENTE71,PuroAustero,V3,12,"540,5247257","2566,666667"
CLIENTE71,PuroAustero,V3,13,"557,6384656","2399,666667"
CLIENTE71,PuroAustero,V3,14,"557,6384656",2400
CLIENTE71,PuroAustero,V3,15,"557,6384656",2800
CLIENTE71,ArtificialZero,V2,1,"557,6384656",584
CLIENTE71,ArtificialZero,V2,13,"557,6384656",584
CLIENTE71,ArtificialTres,V2,2,"557,6384656",100
CLIENTE71,ArtificialTres,V2,4,"557,6384656",100
CLIENTE71,ArtificialTres,V2,6,"557,6384656",100
CLIENTE71,ArtificialTres,V2,14,"557,6384656",100
CLIENTE72,NeutroSuave,V13,1,"557,6384656",2500
CLIENTE72,NeutroSuave,V13,2,"557,6384656",2500
CLIENTE72,NeutroSuave,V13,3,"557,6384656",3500
CLIENTE72,NeutroSuave,V13,4,"557,6384656",2500
CLIENTE72,NeutroSuave,V13,5,"557,6384656",2500
CLIENTE72,NeutroSuave,V13,6,"557,6384656",2500
CLIENTE72,NeutroSuave,V13,7,"557,6384656",4500
CLIENTE72,NeutroSuave,V13,8,"557,6384656",2500
CLIENTE72,NeutroSuave,V13,9,"557,6384656",2500
CLIENTE72,NeutroSuave,V13,10,"557,6384656",2500
CLIENTE72,NeutroSuave,V13,11,"557,6384656",2500
CLIENTE72,NeutroSuave,V13,12,"553,176",2500
CLIENTE72,NeutroSuave,V13,13,"557,6384656",2500
CLIENTE72,NeutroSuave,V13,14,"557,6384656",2500
CLIENTE72,NeutroSuave,V13,15,"557,6384656",3500
CLIENTE358,NaturalClaro,V1,2,"557,6384656",48
CLIENTE358,NaturalClaro,V1,3,"557,6384656",48
CLIENTE358,NaturalClaro,V1,4,"557,6384656",48
CLIENTE358,NaturalClaro,V1,5,"557,6384656",48
CLIENTE358,NaturalClaro,V1,6,"557,6384656",48
CLIENTE358,NaturalClaro,V1,7,"557,6384656",48
CLIENTE358,NaturalClaro,V1,8,"557,6384656",48
CLIENTE358,NaturalClaro,V1,9,"557,6384656",48
CLIENTE358,NaturalClaro,V1,10,"557,6384656",48
CLIENTE358,NaturalClaro,V1,11,"557,6384656",48
CLIENTE358,NaturalClaro,V1,12,"561,6",48
CLIENTE358,NaturalClaro,V1,14,"557,6384656",48
CLIENTE358,NaturalClaro,V1,15,"557,6384656",48
CLIENTE73,MuitoBomPleno,V3,1,"557,6384656",1482
CLIENTE73,MuitoBomPleno,V3,2,"557,6384656",918
CLIENTE73,MuitoBomPleno,V3,3,"557,6384656",1200
CLIENTE73,MuitoBomPleno,V3,4,"557,6384656",1200
CLIENTE73,MuitoBomPleno,V3,5,"557,6384656",1200
CLIENTE73,MuitoBomPleno,V3,6,"557,6384656",1000
CLIENTE73,MuitoBomPleno,V3,7,"557,6384656",1000
CLIENTE73,MuitoBomPleno,V3,8,"557,6384656",1000
CLIENTE73,MuitoBomPleno,V3,9,"557,6384656",1200
CLIENTE73,MuitoBomPleno,V3,10,"557,6384656",1200
CLIENTE73,MuitoBomPleno,V3,11,"557,6384656",1200
CLIENTE73,MuitoBomPleno,V3,12,"547,9365806",1000
CLIENTE73,MuitoBomPleno,V3,13,"557,6384656",1482
CLIENTE73,MuitoBomPleno,V3,14,"557,6384656",918
CLIENTE73,MuitoBomPleno,V3,15,"557,6384656",1200
CLIENTE73,MuitoClaroLuminoso,V1,1,"557,6384656",400
CLIENTE73,MuitoClaroLuminoso,V1,2,"557,6384656",200
CLIENTE73,MuitoClaroLuminoso,V1,3,"557,6384656",200
CLIENTE73,MuitoClaroLuminoso,V1,4,"557,6384656",200
CLIENTE73,MuitoClaroLuminoso,V1,5,"557,6384656",200
CLIENTE73,MuitoClaroLuminoso,V1,6,"557,6384656",200
CLIENTE73,MuitoClaroLuminoso,V1,7,"557,6384656",200
CLIENTE73,MuitoClaroLuminoso,V1,8,"557,6384656",200
CLIENTE73,MuitoClaroLuminoso,V1,9,"557,6384656",200
CLIENTE73,MuitoClaroLuminoso,V1,10,"557,6384656",200
CLIENTE73,MuitoClaroLuminoso,V1,11,"557,6384656",200
CLIENTE73,MuitoClaroLuminoso,V1,12,"547,9365806",200
CLIENTE73,MuitoClaroLuminoso,V1,13,"557,6384656",400
CLIENTE73,MuitoClaroLuminoso,V1,14,"557,6384656",200
CLIENTE73,MuitoClaroLuminoso,V1,15,"557,6384656",200
CLIENTE73,DiscretoCalmo,V12,1,"557,6384656",5000
CLIENTE73,DiscretoCalmo,V12,2,"557,6384656",7000
CLIENTE73,DiscretoCalmo,V12,3,"557,6384656",6200
CLIENTE73,DiscretoCalmo,V12,4,"557,6384656",6200
CLIENTE73,DiscretoCalmo,V12,5,"557,6384656",6000
CLIENTE73,DiscretoCalmo,V12,6,"557,6384656",6000
CLIENTE73,DiscretoCalmo,V12,7,"557,6384656",6000
CLIENTE73,DiscretoCalmo,V12,8,"557,6384656",6000
CLIENTE73,DiscretoCalmo,V12,9,"557,6384656",6000
CLIENTE73,DiscretoCalmo,V12,10,"557,6384656",6000
CLIENTE73,DiscretoCalmo,V12,11,"557,6384656",5800
CLIENTE73,DiscretoCalmo,V12,12,"547,9365806",5800
CLIENTE73,DiscretoCalmo,V12,13,"557,6384656",5000
CLIENTE73,DiscretoCalmo,V12,14,"557,6384656",7000
CLIENTE73,DiscretoCalmo,V12,15,"557,6384656",6200
CLIENTE74,InferiorRaso,V3,2,"557,6384656",500
CLIENTE74,InferiorRaso,V3,3,"557,6384656",500
CLIENTE74,InferiorRaso,V3,4,"557,6384656",500
CLIENTE74,InferiorRaso,V3,5,"557,6384656",500
CLIENTE74,InferiorRaso,V3,6,"557,6384656",500
CLIENTE74,InferiorRaso,V3,7,"557,6384656",500
CLIENTE74,InferiorRaso,V3,8,"557,6384656",500
CLIENTE74,InferiorRaso,V3,9,"557,6384656",500
CLIENTE74,InferiorRaso,V3,10,"557,6384656",500
CLIENTE74,InferiorRaso,V3,11,"557,6384656",500
CLIENTE74,InferiorRaso,V3,12,"579,3375905",500
CLIENTE74,InferiorRaso,V3,14,"557,6384656",500
CLIENTE74,InferiorRaso,V3,15,"557,6384656",500
CLIENTE74,MuitoBomPleno,V13,1,"557,6384656",50
CLIENTE74,MuitoBomPleno,V13,2,"557,6384656",50
CLIENTE74,MuitoBomPleno,V13,3,"557,6384656",50
CLIENTE74,MuitoBomPleno,V13,4,"557,6384656",50
CLIENTE74,MuitoBomPleno,V13,5,"557,6384656",50
CLIENTE74,MuitoBomPleno,V13,6,"557,6384656",50
CLIENTE74,MuitoBomPleno,V13,7,"557,6384656",50
CLIENTE74,MuitoBomPleno,V13,8,"557,6384656",50
CLIENTE74,MuitoBomPleno,V13,9,"557,6384656",50
CLIENTE74,MuitoBomPleno,V13,10,"557,6384656",50
CLIENTE74,MuitoBomPleno,V13,11,"557,6384656",50
CLIENTE74,MuitoBomPleno,V13,12,"579,3375905",50
CLIENTE74,MuitoBomPleno,V13,13,"557,6384656",50
CLIENTE74,MuitoBomPleno,V13,14,"557,6384656",50
CLIENTE74,MuitoBomPleno,V13,15,"557,6384656",50
CLIENTE74,PuroAustero,V3,1,"557,6384656",1748
CLIENTE74,PuroAustero,V3,2,"557,6384656",1300
CLIENTE74,PuroAustero,V3,3,"557,6384656",1300
CLIENTE74,PuroAustero,V3,4,"557,6384656",1300
CLIENTE74,PuroAustero,V3,5,"557,6384656",1300
CLIENTE74,PuroAustero,V3,6,"557,6384656",1300
CLIENTE74,PuroAustero,V3,7,"557,6384656",1300
CLIENTE74,PuroAustero,V3,8,"557,6384656",1300
CLIENTE74,PuroAustero,V3,9,"557,6384656",1300
CLIENTE74,PuroAustero,V3,10,"557,6384656",1300
CLIENTE74,PuroAustero,V3,11,"557,6384656",1300
CLIENTE74,PuroAustero,V3,12,"579,3375905",1300
CLIENTE74,PuroAustero,V3,13,"557,6384656",1748
CLIENTE74,PuroAustero,V3,14,"557,6384656",1300
CLIENTE74,PuroAustero,V3,15,"557,6384656",1300
CLIENTE345,NaturalClaro,V1,4,"557,6384656",48
CLIENTE345,NaturalClaro,V1,5,"557,6384656",48
CLIENTE345,NaturalClaro,V1,6,"557,6384656",48
CLIENTE345,NaturalClaro,V1,7,"557,6384656",48
CLIENTE345,NaturalClaro,V1,8,"557,6384656",48
CLIENTE345,NaturalClaro,V1,9,"557,6384656",48
CLIENTE345,NaturalClaro,V1,10,"557,6384656",48
CLIENTE345,NaturalClaro,V1,11,"557,6384656",48
CLIENTE345,NaturalClaro,V1,12,"599,4",48
CLIENTE345,ExcelenteSupremo,V2,2,"557,6384656",200
CLIENTE345,ExcelenteSupremo,V2,3,"557,6384656",200
CLIENTE345,ExcelenteSupremo,V2,4,"557,6384656",200
CLIENTE345,ExcelenteSupremo,V2,5,"557,6384656",200
CLIENTE345,ExcelenteSupremo,V2,6,"557,6384656",200
CLIENTE345,ExcelenteSupremo,V2,7,"557,6384656",200
CLIENTE345,ExcelenteSupremo,V2,8,"557,6384656",200
CLIENTE345,ExcelenteSupremo,V2,9,"557,6384656",200
CLIENTE345,ExcelenteSupremo,V2,10,"557,6384656",200
CLIENTE345,ExcelenteSupremo,V2,11,"557,6384656",200
CLIENTE345,ExcelenteSupremo,V2,12,"599,4",200
CLIENTE345,ExcelenteSupremo,V2,14,"557,6384656",200
CLIENTE345,ExcelenteSupremo,V2,15,"557,6384656",200
CLIENTE75,ResistenteFirme,V2,1,"557,6384656",768
CLIENTE75,ResistenteFirme,V2,2,"557,6384656",732
CLIENTE75,ResistenteFirme,V2,3,"557,6384656",600
CLIENTE75,ResistenteFirme,V2,4,"557,6384656",300
CLIENTE75,ResistenteFirme,V2,5,"557,6384656",300
CLIENTE75,ResistenteFirme,V2,6,"557,6384656",300
CLIENTE75,ResistenteFirme,V2,7,"557,6384656",300
CLIENTE75,ResistenteFirme,V2,8,"557,6384656",300
CLIENTE75,ResistenteFirme,V2,9,"557,6384656",300
CLIENTE75,ResistenteFirme,V2,10,"557,6384656",300
CLIENTE75,ResistenteFirme,V2,11,"557,6384656",300
CLIENTE75,ResistenteFirme,V2,12,"531,9",300
CLIENTE75,ResistenteFirme,V2,13,"557,6384656",768
CLIENTE75,ResistenteFirme,V2,14,"557,6384656",732
CLIENTE75,ResistenteFirme,V2,15,"557,6384656",600
CLIENTE572,MuitoBomPleno,V13,4,"557,6384656",360
CLIENTE572,MuitoBomPleno,V13,5,"557,6384656",360
CLIENTE572,MuitoBomPleno,V13,6,"557,6384656",360
CLIENTE572,MuitoBomPleno,V13,7,"557,6384656",360
CLIENTE572,MuitoBomPleno,V13,8,"557,6384656",360
CLIENTE572,MuitoBomPleno,V13,9,"557,6384656",360
CLIENTE572,MuitoBomPleno,V13,10,"557,6384656",360
CLIENTE572,MuitoBomPleno,V13,11,"557,6384656",360
CLIENTE572,MuitoBomPleno,V13,12,"561,6",360
CLIENTE471,MuitoBomPleno,V16,5,"526,0671935","46,73740921"
CLIENTE471,MuitoBomPleno,V16,6,"526,0671935","52,67002152"
CLIENTE471,MuitoBomPleno,V16,7,"526,0671935","33,92590261"
CLIENTE471,MuitoBomPleno,V16,8,"526,0671935","46,73740921"
CLIENTE471,MuitoBomPleno,V16,9,"526,0671935","52,67002152"
CLIENTE471,MuitoBomPleno,V16,10,"526,0671935","33,92590261"
CLIENTE471,MuitoBomPleno,V16,11,"526,0671935","46,73740921"
CLIENTE471,MuitoBomPleno,V16,12,"526,0671935","52,67002152"
CLIENTE471,MuitoBomPleno,V13,5,"526,0671935","46,73740921"
CLIENTE471,MuitoBomPleno,V13,6,"526,0671935","52,67002152"
CLIENTE471,MuitoBomPleno,V13,7,"526,0671935","33,92590261"
CLIENTE471,MuitoBomPleno,V13,8,"526,0671935","46,73740921"
CLIENTE471,MuitoBomPleno,V13,9,"526,0671935","52,67002152"
CLIENTE471,MuitoBomPleno,V13,10,"526,0671935","33,92590261"
CLIENTE471,MuitoBomPleno,V13,11,"526,0671935","46,73740921"
CLIENTE471,MuitoBomPleno,V13,12,"526,0671935","52,67002152"
CLIENTE626,MuitoBomPleno,V5,1,"590,4888889",520
CLIENTE626,MuitoBomPleno,V5,2,"590,4888889",104
CLIENTE626,MuitoBomPleno,V5,3,"590,4888889",104
CLIENTE626,MuitoBomPleno,V5,4,"590,4888889",104
CLIENTE626,MuitoBomPleno,V5,5,"590,4888889",104
CLIENTE626,MuitoBomPleno,V5,6,"590,4888889",104
CLIENTE626,MuitoBomPleno,V5,7,"590,4888889",104
CLIENTE626,MuitoBomPleno,V5,8,"590,4888889",104
CLIENTE626,MuitoBomPleno,V5,9,"590,4888889",104
CLIENTE626,MuitoBomPleno,V5,10,"590,4888889",104
CLIENTE626,MuitoBomPleno,V5,11,"590,4888889",104
CLIENTE626,MuitoBomPleno,V5,12,"590,4888889",104
CLIENTE626,MuitoBomPleno,V5,13,"590,4888889",520
CLIENTE626,MuitoBomPleno,V5,14,"590,4888889",104
CLIENTE626,MuitoBomPleno,V5,15,"590,4888889",104
CLIENTE76,MuitoBomPleno,V16,1,"557,6384656",752
CLIENTE76,MuitoBomPleno,V16,2,"557,6384656",1400
CLIENTE76,MuitoBomPleno,V16,3,"557,6384656",1400
CLIENTE76,MuitoBomPleno,V16,5,"557,6384656",1350
CLIENTE76,MuitoBomPleno,V16,6,"557,6384656",1350
CLIENTE76,MuitoBomPleno,V16,7,"557,6384656",1350
CLIENTE76,MuitoBomPleno,V16,8,"557,6384656",1350
CLIENTE76,MuitoBomPleno,V16,9,"557,6384656",1350
CLIENTE76,MuitoBomPleno,V16,10,"557,6384656",1350
CLIENTE76,MuitoBomPleno,V16,11,"557,6384656",1350
CLIENTE76,MuitoBomPleno,V16,12,"522,0558",1350
CLIENTE76,MuitoBomPleno,V16,13,"557,6384656",752
CLIENTE76,MuitoBomPleno,V16,14,"557,6384656",1400
CLIENTE76,MuitoBomPleno,V16,15,"557,6384656",1400
CLIENTE76,MuitoBomPleno,V13,1,"557,6384656",3614
CLIENTE76,MuitoBomPleno,V13,2,"557,6384656",4200
CLIENTE76,MuitoBomPleno,V13,3,"557,6384656",4200
CLIENTE76,MuitoBomPleno,V13,4,"557,6384656","3667,666667"
CLIENTE76,MuitoBomPleno,V13,5,"557,6384656","3666,666667"
CLIENTE76,MuitoBomPleno,V13,6,"557,6384656","3666,666667"
CLIENTE76,MuitoBomPleno,V13,7,"557,6384656","3666,666667"
CLIENTE76,MuitoBomPleno,V13,8,"557,6384656","3666,666667"
CLIENTE76,MuitoBomPleno,V13,9,"557,6384656","3666,666667"
CLIENTE76,MuitoBomPleno,V13,10,"557,6384656","3666,666667"
CLIENTE76,MuitoBomPleno,V13,11,"557,6384656","3666,666667"
CLIENTE76,MuitoBomPleno,V13,12,"522,0558","3666,666667"
CLIENTE76,MuitoBomPleno,V13,13,"557,6384656",3614
CLIENTE76,MuitoBomPleno,V13,14,"557,6384656",4200
CLIENTE76,MuitoBomPleno,V13,15,"557,6384656",4200
CLIENTE76,MuitoBomPleno,V15,1,"557,6384656",1134
CLIENTE76,MuitoBomPleno,V15,2,"557,6384656",1400
CLIENTE76,MuitoBomPleno,V15,3,"557,6384656",1400
CLIENTE76,MuitoBomPleno,V15,4,"557,6384656",2320
CLIENTE76,MuitoBomPleno,V15,5,"557,6384656",2320
CLIENTE76,MuitoBomPleno,V15,6,"557,6384656",2320
CLIENTE76,MuitoBomPleno,V15,7,"557,6384656",2320
CLIENTE76,MuitoBomPleno,V15,8,"557,6384656",2320
CLIENTE76,MuitoBomPleno,V15,9,"557,6384656",2300
CLIENTE76,MuitoBomPleno,V15,10,"557,6384656",2320
CLIENTE76,MuitoBomPleno,V15,11,"557,6384656",2320
CLIENTE76,MuitoBomPleno,V15,12,"522,0558",2320
CLIENTE76,MuitoBomPleno,V15,13,"557,6384656",1134
CLIENTE76,MuitoBomPleno,V15,14,"557,6384656",1400
CLIENTE76,MuitoBomPleno,V15,15,"557,6384656",1400
CLIENTE76,MuitoBomCerto,V16,4,"557,6384656",3450
CLIENTE77,MuitoBomPleno,V13,2,"557,6384656",5000
CLIENTE77,MuitoBomPleno,V13,4,"557,6384656",5000
CLIENTE77,MuitoBomPleno,V13,6,"557,6384656",5000
CLIENTE77,MuitoBomPleno,V13,8,"557,6384656",5000
CLIENTE77,MuitoBomPleno,V13,10,"557,6384656",5000
CLIENTE77,MuitoBomPleno,V13,12,"526,4875",5000
CLIENTE77,MuitoBomPleno,V13,14,"557,6384656",5000
CLIENTE78,ExcelenteSupremo,V2,1,"557,6384656","1150,333333"
CLIENTE78,ExcelenteSupremo,V2,2,"557,6384656","1396,333333"
CLIENTE78,ExcelenteSupremo,V2,3,"557,6384656","2803,333333"
CLIENTE78,ExcelenteSupremo,V2,4,"557,6384656","2454,333333"
CLIENTE78,ExcelenteSupremo,V2,5,"557,6384656","1883,333333"
CLIENTE78,ExcelenteSupremo,V2,6,"557,6384656","1883,333333"
CLIENTE78,ExcelenteSupremo,V2,7,"557,6384656","1683,333333"
CLIENTE78,ExcelenteSupremo,V2,8,"557,6384656","1683,333333"
CLIENTE78,ExcelenteSupremo,V2,9,"557,6384656","1683,333333"
CLIENTE78,ExcelenteSupremo,V2,10,"557,6384656","1683,333333"
CLIENTE78,ExcelenteSupremo,V2,11,"557,6384656","1683,333333"
CLIENTE78,ExcelenteSupremo,V2,12,"557,6384656","1683,333333"
CLIENTE78,ExcelenteSupremo,V2,13,"557,6384656","1150,333333"
CLIENTE78,ExcelenteSupremo,V2,14,"557,6384656","1396,333333"
CLIENTE78,ExcelenteSupremo,V2,15,"557,6384656","2803,333333"
CLIENTE78,ArtificialZero,V2,1,"557,6384656",1120
CLIENTE78,ArtificialZero,V2,2,"557,6384656",1022
CLIENTE78,ArtificialZero,V2,13,"557,6384656",1120
CLIENTE78,ArtificialZero,V2,14,"557,6384656",1022
CLIENTE260,ExcelenteSupremo,V2,1,"557,6384656","431,6666667"
CLIENTE260,ExcelenteSupremo,V2,2,"557,6384656","416,6666667"
CLIENTE260,ExcelenteSupremo,V2,3,"557,6384656","216,6666667"
CLIENTE260,ExcelenteSupremo,V2,4,"557,6384656","216,6666667"
CLIENTE260,ExcelenteSupremo,V2,5,"557,6384656","216,6666667"
CLIENTE260,ExcelenteSupremo,V2,6,"557,6384656","216,6666667"
CLIENTE260,ExcelenteSupremo,V2,7,"557,6384656","216,6666667"
CLIENTE260,ExcelenteSupremo,V2,8,"557,6384656","216,6666667"
CLIENTE260,ExcelenteSupremo,V2,9,"557,6384656","216,6666667"
CLIENTE260,ExcelenteSupremo,V2,10,"557,6384656","216,6666667"
CLIENTE260,ExcelenteSupremo,V2,11,"557,6384656","216,6666667"
CLIENTE260,ExcelenteSupremo,V2,12,595,"216,6666667"
CLIENTE260,ExcelenteSupremo,V2,13,"557,6384656","431,6666667"
CLIENTE260,ExcelenteSupremo,V2,14,"557,6384656","416,6666667"
CLIENTE260,ExcelenteSupremo,V2,15,"557,6384656","216,6666667"
CLIENTE260,ExcelenteSupremo,V13,3,"557,6384656",200
CLIENTE260,ExcelenteSupremo,V13,4,"557,6384656",200
CLIENTE260,ExcelenteSupremo,V13,5,"557,6384656",200
CLIENTE260,ExcelenteSupremo,V13,6,"557,6384656",200
CLIENTE260,ExcelenteSupremo,V13,7,"557,6384656",200
CLIENTE260,ExcelenteSupremo,V13,8,"557,6384656",200
CLIENTE260,ExcelenteSupremo,V13,9,"557,6384656",200
CLIENTE260,ExcelenteSupremo,V13,10,"557,6384656",200
CLIENTE260,ExcelenteSupremo,V13,11,"557,6384656",200
CLIENTE260,ExcelenteSupremo,V13,12,595,200
CLIENTE260,ExcelenteSupremo,V13,15,"557,6384656",200
CLIENTE260,ResistenteFirme,V2,5,"557,6384656","266,67"
CLIENTE260,ResistenteFirme,V2,7,"557,6384656","266,67"
CLIENTE260,ResistenteFirme,V2,9,"557,6384656","266,67"
CLIENTE260,ResistenteFirme,V2,11,"557,6384656","266,67"
CLIENTE516,DiscretoCalmo,V12,2,"557,6384656",262
CLIENTE516,DiscretoCalmo,V12,14,"557,6384656",262
CLIENTE516,ArtificialZero,V12,1,"557,6384656",500
CLIENTE516,ArtificialZero,V12,2,"557,6384656",240
CLIENTE516,ArtificialZero,V12,3,"557,6384656",398
CLIENTE516,ArtificialZero,V12,4,"557,6384656","458,3333333"
CLIENTE516,ArtificialZero,V12,5,"557,6384656","458,3333333"
CLIENTE516,ArtificialZero,V12,6,"557,6384656","458,3333333"
CLIENTE516,ArtificialZero,V12,7,"557,6384656","458,3333333"
CLIENTE516,ArtificialZero,V12,8,"557,6384656","208,3333333"
CLIENTE516,ArtificialZero,V12,9,"557,6384656","458,3333333"
CLIENTE516,ArtificialZero,V12,10,"557,6384656","458,3333333"
CLIENTE516,ArtificialZero,V12,11,"557,6384656","458,3333333"
CLIENTE516,ArtificialZero,V12,12,"567,5","208,3333333"
CLIENTE516,ArtificialZero,V12,13,"557,6384656",500
CLIENTE516,ArtificialZero,V12,14,"557,6384656",240
CLIENTE516,ArtificialZero,V12,15,"557,6384656",398
CLIENTE79,ExcelenteSupremo,V2,1,"557,6384656",2262
CLIENTE79,ExcelenteSupremo,V2,2,"557,6384656",2250
CLIENTE79,ExcelenteSupremo,V2,3,"557,6384656",2250
CLIENTE79,ExcelenteSupremo,V2,4,"557,6384656",2250
CLIENTE79,ExcelenteSupremo,V2,5,"557,6384656",2250
CLIENTE79,ExcelenteSupremo,V2,6,"557,6384656",2250
CLIENTE79,ExcelenteSupremo,V2,7,"557,6384656",2250
CLIENTE79,ExcelenteSupremo,V2,8,"557,6384656",2250
CLIENTE79,ExcelenteSupremo,V2,9,"557,6384656",2250
CLIENTE79,ExcelenteSupremo,V2,10,"557,6384656",2250
CLIENTE79,ExcelenteSupremo,V2,11,"557,6384656",2250
CLIENTE79,ExcelenteSupremo,V2,12,"579,3375905",2250
CLIENTE79,ExcelenteSupremo,V2,13,"557,6384656",2262
CLIENTE79,ExcelenteSupremo,V2,14,"557,6384656",2250
CLIENTE79,ExcelenteSupremo,V2,15,"557,6384656",2250
CLIENTE663,MuitoBomPleno,V13,3,"557,6384656",400
CLIENTE663,MuitoBomPleno,V13,15,"557,6384656",400
CLIENTE663,MuitoBomPleno,V15,1,"557,6384656",504
CLIENTE663,MuitoBomPleno,V15,2,"557,6384656",144
CLIENTE663,MuitoBomPleno,V15,3,"557,6384656",52
CLIENTE663,MuitoBomPleno,V15,4,"557,6384656",500
CLIENTE663,MuitoBomPleno,V15,5,"557,6384656",500
CLIENTE663,MuitoBomPleno,V15,6,"557,6384656",500
CLIENTE663,MuitoBomPleno,V15,7,"557,6384656",1548
CLIENTE663,MuitoBomPleno,V15,8,"557,6384656",500
CLIENTE663,MuitoBomPleno,V15,9,"557,6384656",500
CLIENTE663,MuitoBomPleno,V15,10,"557,6384656",500
CLIENTE663,MuitoBomPleno,V15,11,"557,6384656",500
CLIENTE663,MuitoBomPleno,V15,12,"557,6384656",500
CLIENTE663,MuitoBomPleno,V15,13,"557,6384656",504
CLIENTE663,MuitoBomPleno,V15,14,"557,6384656",144
CLIENTE663,MuitoBomPleno,V15,15,"557,6384656",52
CLIENTE663,ExcelenteSupremo,V2,1,"557,6384656",500
CLIENTE663,ExcelenteSupremo,V2,2,"557,6384656",850
CLIENTE663,ExcelenteSupremo,V2,13,"557,6384656",500
CLIENTE663,ExcelenteSupremo,V2,14,"557,6384656",850
CLIENTE80,ExcelenteSupremo,V2,1,"557,6384656","3628,333333"
CLIENTE80,ExcelenteSupremo,V2,2,"557,6384656","4008,333333"
CLIENTE80,ExcelenteSupremo,V2,3,"557,6384656","3960,333333"
CLIENTE80,ExcelenteSupremo,V2,4,"557,6384656","4128,333333"
CLIENTE80,ExcelenteSupremo,V2,5,"557,6384656","4174,333333"
CLIENTE80,ExcelenteSupremo,V2,6,"557,6384656","4213,333333"
CLIENTE80,ExcelenteSupremo,V2,7,"557,6384656","3433,333333"
CLIENTE80,ExcelenteSupremo,V2,8,"557,6384656","3433,333333"
CLIENTE80,ExcelenteSupremo,V2,9,"557,6384656","3433,333333"
CLIENTE80,ExcelenteSupremo,V2,10,"557,6384656","3433,333333"
CLIENTE80,ExcelenteSupremo,V2,11,"557,6384656","3433,333333"
CLIENTE80,ExcelenteSupremo,V2,12,"531,9","3833,333333"
CLIENTE80,ExcelenteSupremo,V2,13,"557,6384656","3628,333333"
CLIENTE80,ExcelenteSupremo,V2,14,"557,6384656","4008,333333"
CLIENTE80,ExcelenteSupremo,V2,15,"557,6384656","3960,333333"
CLIENTE81,EscuroSereno,V2,1,"557,6384656",2084
CLIENTE81,EscuroSereno,V2,2,"557,6384656",2300
CLIENTE81,EscuroSereno,V2,3,"557,6384656",1946
CLIENTE81,EscuroSereno,V2,5,"557,6384656",1946
CLIENTE81,EscuroSereno,V2,6,"557,6384656",1946
CLIENTE81,EscuroSereno,V2,7,"557,6384656",1946
CLIENTE81,EscuroSereno,V2,8,"557,6384656",1946
CLIENTE81,EscuroSereno,V2,9,"557,6384656",1946
CLIENTE81,EscuroSereno,V2,10,"557,6384656",1946
CLIENTE81,EscuroSereno,V2,11,"557,6384656",1946
CLIENTE81,EscuroSereno,V2,12,560,1446
CLIENTE81,EscuroSereno,V2,13,"557,6384656",2084
CLIENTE81,EscuroSereno,V2,14,"557,6384656",2300
CLIENTE81,EscuroSereno,V2,15,"557,6384656",1946
CLIENTE81,ExcelenteSupremo,V2,1,"557,6384656","2082,666667"
CLIENTE81,ExcelenteSupremo,V2,2,"557,6384656","2299,666667"
CLIENTE81,ExcelenteSupremo,V2,3,"557,6384656","1943,666667"
CLIENTE81,ExcelenteSupremo,V2,4,"557,6384656","3889,666667"
CLIENTE81,ExcelenteSupremo,V2,5,"557,6384656","1943,666667"
CLIENTE81,ExcelenteSupremo,V2,6,"557,6384656","1943,666667"
CLIENTE81,ExcelenteSupremo,V2,7,"557,6384656","1943,666667"
CLIENTE81,ExcelenteSupremo,V2,8,"557,6384656","1943,666667"
CLIENTE81,ExcelenteSupremo,V2,9,"557,6384656","1943,666667"
CLIENTE81,ExcelenteSupremo,V2,10,"557,6384656","1943,666667"
CLIENTE81,ExcelenteSupremo,V2,11,"557,6384656","1943,666667"
CLIENTE81,ExcelenteSupremo,V2,12,560,"943,6666667"
CLIENTE81,ExcelenteSupremo,V2,13,"557,6384656","2082,666667"
CLIENTE81,ExcelenteSupremo,V2,14,"557,6384656","2299,666667"
CLIENTE81,ExcelenteSupremo,V2,15,"557,6384656","1943,666667"
CLIENTE81,ResistenteFirme,V2,2,"557,6384656",100
CLIENTE81,ResistenteFirme,V2,14,"557,6384656",100
CLIENTE81,LimpoIsento,V3,7,"557,6384656",1000
CLIENTE81,ArtificialTres,V2,2,"557,6384656",100
CLIENTE81,ArtificialTres,V2,14,"557,6384656",100
CLIENTE82,ExcelenteSupremo,V2,2,"557,6384656",2016
CLIENTE82,ExcelenteSupremo,V2,3,"557,6384656",2520
CLIENTE82,ExcelenteSupremo,V2,4,"557,6384656",2016
CLIENTE82,ExcelenteSupremo,V2,5,"557,6384656",2016
CLIENTE82,ExcelenteSupremo,V2,6,"557,6384656",2016
CLIENTE82,ExcelenteSupremo,V2,7,"557,6384656",2016
CLIENTE82,ExcelenteSupremo,V2,8,"557,6384656",2016
CLIENTE82,ExcelenteSupremo,V2,9,"557,6384656",2016
CLIENTE82,ExcelenteSupremo,V2,10,"557,6384656",2016
CLIENTE82,ExcelenteSupremo,V2,11,"557,6384656",2016
CLIENTE82,ExcelenteSupremo,V2,12,561,4032
CLIENTE82,ExcelenteSupremo,V2,14,"557,6384656",2016
CLIENTE82,ExcelenteSupremo,V2,15,"557,6384656",2520
CLIENTE312,ResistenteFirme,V2,1,"557,6384656",338
CLIENTE312,ResistenteFirme,V2,2,"557,6384656",460
CLIENTE312,ResistenteFirme,V2,5,"557,6384656",460
CLIENTE312,ResistenteFirme,V2,8,"557,6384656",460
CLIENTE312,ResistenteFirme,V2,11,"557,6384656",460
CLIENTE312,ResistenteFirme,V2,13,"557,6384656",338
CLIENTE312,ResistenteFirme,V2,14,"557,6384656",460
CLIENTE312,ArtificialTres,V2,1,"557,6384656",26
CLIENTE312,ArtificialTres,V2,13,"557,6384656",26
CLIENTE298,MuitoBomPleno,V16,7,"557,6384656",1334
CLIENTE298,MuitoBomPleno,V16,8,"557,6384656",1334
CLIENTE298,MuitoBomPleno,V16,9,"557,6384656",1334
CLIENTE298,MuitoBomPleno,V16,10,"557,6384656",3334
CLIENTE298,MuitoBomPleno,V16,11,"557,6384656",3334
CLIENTE298,MuitoBomPleno,V16,12,543,1334
CLIENTE298,MuitoBomPleno,V12,7,"557,6384656",4000
CLIENTE298,MuitoBomPleno,V12,8,"557,6384656",4000
CLIENTE298,MuitoBomPleno,V12,9,"557,6384656",4000
CLIENTE298,MuitoBomPleno,V12,10,"557,6384656",4000
CLIENTE298,MuitoBomPleno,V12,11,"557,6384656",4000
CLIENTE298,MuitoBomPleno,V12,12,543,4000
CLIENTE298,MuitoBomPleno,V15,7,"557,6384656",1000
CLIENTE298,MuitoBomPleno,V15,8,"557,6384656",1000
CLIENTE298,MuitoBomPleno,V15,9,"557,6384656",1000
CLIENTE298,MuitoBomPleno,V15,10,"557,6384656",2000
CLIENTE298,MuitoBomPleno,V15,11,"557,6384656",2000
CLIENTE298,MuitoBomPleno,V15,12,543,2000
CLIENTE298,NeutroSuave,V13,1,"557,6384656",496
CLIENTE298,NeutroSuave,V13,5,"557,6384656",750
CLIENTE298,NeutroSuave,V13,6,"557,6384656",750
CLIENTE298,NeutroSuave,V13,13,"557,6384656",496
CLIENTE616,MuitoBomPleno,V16,4,"557,6384656","499,67"
CLIENTE616,MuitoBomPleno,V16,5,"557,6384656","499,67"
CLIENTE616,MuitoBomPleno,V16,6,"557,6384656","499,67"
CLIENTE616,MuitoBomPleno,V16,7,"557,6384656","499,67"
CLIENTE616,MuitoBomPleno,V16,8,"557,6384656","499,67"
CLIENTE616,MuitoBomPleno,V16,9,"557,6384656","499,67"
CLIENTE616,MuitoBomPleno,V16,10,"557,6384656","499,67"
CLIENTE616,MuitoBomPleno,V16,11,"557,6384656","499,67"
CLIENTE616,MuitoBomPleno,V16,12,"557,6384656","499,67"
CLIENTE83,ArtificialZero,V12,1,"557,6384656","791,0026318"
CLIENTE83,ArtificialZero,V12,2,"557,6384656","734,0026318"
CLIENTE83,ArtificialZero,V12,3,"557,6384656","734,0026318"
CLIENTE83,ArtificialZero,V12,4,"557,6384656","734,0026318"
CLIENTE83,ArtificialZero,V12,5,"557,6384656","734,0026318"
CLIENTE83,ArtificialZero,V12,6,"557,6384656","734,0026318"
CLIENTE83,ArtificialZero,V12,7,"557,6384656","734,0026318"
CLIENTE83,ArtificialZero,V12,8,"557,6384656",332
CLIENTE83,ArtificialZero,V12,9,"557,6384656","734,0026318"
CLIENTE83,ArtificialZero,V12,10,"557,6384656","734,0026318"
CLIENTE83,ArtificialZero,V12,11,"557,6384656","734,0026318"
CLIENTE83,ArtificialZero,V12,12,"556,5",332
CLIENTE83,ArtificialZero,V12,13,"557,6384656","791,0026318"
CLIENTE83,ArtificialZero,V12,14,"557,6384656","734,0026318"
CLIENTE83,ArtificialZero,V12,15,"557,6384656","734,0026318"
CLIENTE248,MuitoBomPleno,V8,1,"557,6384656",2250
CLIENTE248,MuitoBomPleno,V8,2,"557,6384656",5250
CLIENTE248,MuitoBomPleno,V8,3,"557,6384656",5250
CLIENTE248,MuitoBomPleno,V8,4,"557,6384656",5250
CLIENTE248,MuitoBomPleno,V8,5,"557,6384656",5250
CLIENTE248,MuitoBomPleno,V8,6,"557,6384656",5250
CLIENTE248,MuitoBomPleno,V8,7,"557,6384656",5250
CLIENTE248,MuitoBomPleno,V8,8,"557,6384656",5250
CLIENTE248,MuitoBomPleno,V8,9,"557,6384656",5250
CLIENTE248,MuitoBomPleno,V8,10,"557,6384656",5250
CLIENTE248,MuitoBomPleno,V8,11,"557,6384656",5250
CLIENTE248,MuitoBomPleno,V8,12,"588,6",5250
CLIENTE248,MuitoBomPleno,V8,13,"557,6384656",2250
CLIENTE248,MuitoBomPleno,V8,14,"557,6384656",5250
CLIENTE248,MuitoBomPleno,V8,15,"557,6384656",5250
CLIENTE649,ResistenteFirme,V2,4,"557,6384656",200
CLIENTE649,ResistenteFirme,V2,5,"557,6384656",200
CLIENTE649,ResistenteFirme,V2,6,"557,6384656",200
CLIENTE649,ResistenteFirme,V2,7,"557,6384656",200
CLIENTE649,ResistenteFirme,V2,8,"557,6384656",200
CLIENTE649,ResistenteFirme,V2,9,"557,6384656",200
CLIENTE649,ResistenteFirme,V2,10,"557,6384656",200
CLIENTE649,ResistenteFirme,V2,11,"557,6384656",200
CLIENTE649,ResistenteFirme,V2,12,"557,6384656",200
CLIENTE84,NaturalClaro,V1,1,"557,6384656","120,6654655"
CLIENTE84,NaturalClaro,V1,2,"557,6384656","120,6654655"
CLIENTE84,NaturalClaro,V1,3,"557,6384656","120,6654655"
CLIENTE84,NaturalClaro,V1,4,"557,6384656","120,6654655"
CLIENTE84,NaturalClaro,V1,5,"557,6384656","120,6654655"
CLIENTE84,NaturalClaro,V1,6,"557,6384656","120,6654655"
CLIENTE84,NaturalClaro,V1,7,"557,6384656","120,6654655"
CLIENTE84,NaturalClaro,V1,8,"557,6384656","120,6654655"
CLIENTE84,NaturalClaro,V1,9,"557,6384656","120,6654655"
CLIENTE84,NaturalClaro,V1,10,"557,6384656","120,6654655"
CLIENTE84,NaturalClaro,V1,11,"557,6384656","120,6654655"
CLIENTE84,NaturalClaro,V1,12,"556,5","120,6654655"
CLIENTE84,NaturalClaro,V1,13,"557,6384656","120,6654655"
CLIENTE84,NaturalClaro,V1,14,"557,6384656","120,6654655"
CLIENTE84,NaturalClaro,V1,15,"557,6384656","120,6654655"
CLIENTE84,MuitoBomPleno,V16,1,"557,6384656",500
CLIENTE84,MuitoBomPleno,V16,2,"557,6384656",1140
CLIENTE84,MuitoBomPleno,V16,3,"557,6384656",1140
CLIENTE84,MuitoBomPleno,V16,4,"557,6384656",1140
CLIENTE84,MuitoBomPleno,V16,5,"557,6384656",1084
CLIENTE84,MuitoBomPleno,V16,6,"557,6384656",1084
CLIENTE84,MuitoBomPleno,V16,7,"557,6384656",1084
CLIENTE84,MuitoBomPleno,V16,8,"557,6384656",1084
CLIENTE84,MuitoBomPleno,V16,9,"557,6384656",1084
CLIENTE84,MuitoBomPleno,V16,10,"557,6384656",1084
CLIENTE84,MuitoBomPleno,V16,11,"557,6384656",1084
CLIENTE84,MuitoBomPleno,V16,12,"556,5",1084
CLIENTE84,MuitoBomPleno,V16,13,"557,6384656",500
CLIENTE84,MuitoBomPleno,V16,14,"557,6384656",1140
CLIENTE84,MuitoBomPleno,V16,15,"557,6384656",1140
CLIENTE84,MuitoBomPleno,V13,1,"557,6384656","717,6530247"
CLIENTE84,MuitoBomPleno,V13,2,"557,6384656","1535,653025"
CLIENTE84,MuitoBomPleno,V13,3,"557,6384656","1535,653025"
CLIENTE84,MuitoBomPleno,V13,4,"557,6384656",2536
CLIENTE84,MuitoBomPleno,V13,5,"557,6384656","2517,653025"
CLIENTE84,MuitoBomPleno,V13,6,"557,6384656","2517,653025"
CLIENTE84,MuitoBomPleno,V13,7,"557,6384656","2517,653025"
CLIENTE84,MuitoBomPleno,V13,8,"557,6384656","2517,653025"
CLIENTE84,MuitoBomPleno,V13,9,"557,6384656","2517,653025"
CLIENTE84,MuitoBomPleno,V13,10,"557,6384656","2517,653025"
CLIENTE84,MuitoBomPleno,V13,11,"557,6384656","2517,653025"
CLIENTE84,MuitoBomPleno,V13,12,"556,5",2570
CLIENTE84,MuitoBomPleno,V13,13,"557,6384656","717,6530247"
CLIENTE84,MuitoBomPleno,V13,14,"557,6384656","1535,653025"
CLIENTE84,MuitoBomPleno,V13,15,"557,6384656","1535,653025"
CLIENTE84,DiscretoCalmo,V12,1,"557,6384656",298
CLIENTE84,DiscretoCalmo,V12,13,"557,6384656",298
CLIENTE84,ArtificialZero,V12,1,"557,6384656","504,2435288"
CLIENTE84,ArtificialZero,V12,2,"557,6384656",400
CLIENTE84,ArtificialZero,V12,3,"557,6384656",1000
CLIENTE84,ArtificialZero,V12,13,"557,6384656","504,2435288"
CLIENTE84,ArtificialZero,V12,14,"557,6384656",400
CLIENTE84,ArtificialZero,V12,15,"557,6384656",1000
CLIENTE84,ArtificialTres,V13,2,"557,6384656",1000
CLIENTE84,ArtificialTres,V13,14,"557,6384656",1000
CLIENTE84,ArtificialCinco,V16,1,"557,6384656",200
CLIENTE84,ArtificialCinco,V16,13,"557,6384656",200
CLIENTE85,NaturalClaro,V1,1,"557,6384656","329,6684846"
CLIENTE85,NaturalClaro,V1,2,"557,6384656","413,6684846"
CLIENTE85,NaturalClaro,V1,3,"557,6384656","329,6684846"
CLIENTE85,NaturalClaro,V1,4,"557,6384656",334
CLIENTE85,NaturalClaro,V1,5,"557,6384656",334
CLIENTE85,NaturalClaro,V1,6,"557,6384656",334
CLIENTE85,NaturalClaro,V1,7,"557,6384656",334
CLIENTE85,NaturalClaro,V1,8,"557,6384656",334
CLIENTE85,NaturalClaro,V1,9,"557,6384656",334
CLIENTE85,NaturalClaro,V1,10,"557,6384656",334
CLIENTE85,NaturalClaro,V1,11,"557,6384656",334
CLIENTE85,NaturalClaro,V1,12,"556,5",334
CLIENTE85,NaturalClaro,V1,13,"557,6384656","329,6684846"
CLIENTE85,NaturalClaro,V1,14,"557,6384656","413,6684846"
CLIENTE85,NaturalClaro,V1,15,"557,6384656","329,6684846"
CLIENTE85,DiscretoCalmo,V12,1,"557,6384656","970,907"
CLIENTE85,DiscretoCalmo,V12,13,"557,6384656","970,907"
CLIENTE85,ArtificialZero,V12,1,"557,6384656",100
CLIENTE85,ArtificialZero,V12,2,"557,6384656",1100
CLIENTE85,ArtificialZero,V12,3,"557,6384656",1100
CLIENTE85,ArtificialZero,V12,4,"557,6384656","967,333"
CLIENTE85,ArtificialZero,V12,5,"557,6384656","967,333"
CLIENTE85,ArtificialZero,V12,6,"557,6384656","967,333"
CLIENTE85,ArtificialZero,V12,7,"557,6384656","967,333"
CLIENTE85,ArtificialZero,V12,8,"557,6384656","967,333"
CLIENTE85,ArtificialZero,V12,9,"557,6384656","967,333"
CLIENTE85,ArtificialZero,V12,10,"557,6384656","967,333"
CLIENTE85,ArtificialZero,V12,11,"557,6384656","967,333"
CLIENTE85,ArtificialZero,V12,12,"556,5","761,333"
CLIENTE85,ArtificialZero,V12,13,"557,6384656",100
CLIENTE85,ArtificialZero,V12,14,"557,6384656",1100
CLIENTE85,ArtificialZero,V12,15,"557,6384656",1100
CLIENTE86,MuitoBomPleno,V16,1,"557,6384656",300
CLIENTE86,MuitoBomPleno,V16,13,"557,6384656",300
CLIENTE86,PuroAustero,V3,1,"557,6384656",500
CLIENTE86,PuroAustero,V3,2,"557,6384656",1500
CLIENTE86,PuroAustero,V3,3,"557,6384656",1500
CLIENTE86,PuroAustero,V3,4,"557,6384656",1500
CLIENTE86,PuroAustero,V3,5,"557,6384656",1500
CLIENTE86,PuroAustero,V3,6,"557,6384656",1500
CLIENTE86,PuroAustero,V3,7,"557,6384656",1500
CLIENTE86,PuroAustero,V3,8,"557,6384656",1500
CLIENTE86,PuroAustero,V3,9,"557,6384656",1500
CLIENTE86,PuroAustero,V3,10,"557,6384656",1500
CLIENTE86,PuroAustero,V3,11,"557,6384656",1500
CLIENTE86,PuroAustero,V3,12,"579,3375905",1500
CLIENTE86,PuroAustero,V3,13,"557,6384656",500
CLIENTE86,PuroAustero,V3,14,"557,6384656",1500
CLIENTE86,PuroAustero,V3,15,"557,6384656",1500
CLIENTE87,ExcelenteSupremo,V2,1,"557,6384656","5899,708892"
CLIENTE87,ExcelenteSupremo,V2,2,"557,6384656",5500
CLIENTE87,ExcelenteSupremo,V2,3,"557,6384656","5525,708892"
CLIENTE87,ExcelenteSupremo,V2,4,"557,6384656","5725,708892"
CLIENTE87,ExcelenteSupremo,V2,5,"557,6384656","5025,708892"
CLIENTE87,ExcelenteSupremo,V2,6,"557,6384656","5525,708892"
CLIENTE87,ExcelenteSupremo,V2,7,"557,6384656","4131,708892"
CLIENTE87,ExcelenteSupremo,V2,8,"557,6384656","4131,708892"
CLIENTE87,ExcelenteSupremo,V2,9,"557,6384656","4131,708892"
CLIENTE87,ExcelenteSupremo,V2,10,"557,6384656","4131,708892"
CLIENTE87,ExcelenteSupremo,V2,11,"557,6384656","4131,708892"
CLIENTE87,ExcelenteSupremo,V2,12,"533,2432836","4131,708892"
CLIENTE87,ExcelenteSupremo,V2,13,"557,6384656","5899,708892"
CLIENTE87,ExcelenteSupremo,V2,14,"557,6384656",5500
CLIENTE87,ExcelenteSupremo,V2,15,"557,6384656","5525,708892"
CLIENTE87,ResistenteFirme,V2,1,"557,6384656",150
CLIENTE87,ResistenteFirme,V2,2,"557,6384656",100
CLIENTE87,ResistenteFirme,V2,3,"557,6384656",150
CLIENTE87,ResistenteFirme,V2,4,"557,6384656",200
CLIENTE87,ResistenteFirme,V2,5,"557,6384656","100,2030218"
CLIENTE87,ResistenteFirme,V2,6,"557,6384656","299,2030218"
CLIENTE87,ResistenteFirme,V2,7,"557,6384656","299,2030218"
CLIENTE87,ResistenteFirme,V2,8,"557,6384656","299,2030218"
CLIENTE87,ResistenteFirme,V2,9,"557,6384656","299,2030218"
CLIENTE87,ResistenteFirme,V2,10,"557,6384656","299,2030218"
CLIENTE87,ResistenteFirme,V2,11,"557,6384656","299,2030218"
CLIENTE87,ResistenteFirme,V2,12,"533,2432836","299,2030218"
CLIENTE87,ResistenteFirme,V2,13,"557,6384656",150
CLIENTE87,ResistenteFirme,V2,14,"557,6384656",100
CLIENTE87,ResistenteFirme,V2,15,"557,6384656",150
CLIENTE87,PuroAustero,V3,2,"557,6384656",500
CLIENTE87,PuroAustero,V3,3,"557,6384656",500
CLIENTE87,PuroAustero,V3,4,"557,6384656",500
CLIENTE87,PuroAustero,V3,5,"557,6384656",500
CLIENTE87,PuroAustero,V3,6,"557,6384656",500
CLIENTE87,PuroAustero,V3,7,"557,6384656",562
CLIENTE87,PuroAustero,V3,8,"557,6384656",562
CLIENTE87,PuroAustero,V3,9,"557,6384656",562
CLIENTE87,PuroAustero,V3,10,"557,6384656",562
CLIENTE87,PuroAustero,V3,11,"557,6384656",562
CLIENTE87,PuroAustero,V3,12,"533,2432836",562
CLIENTE87,PuroAustero,V3,14,"557,6384656",500
CLIENTE87,PuroAustero,V3,15,"557,6384656",500
CLIENTE554,ExcelenteSupremo,V2,1,"557,6384656","1000,333333"
CLIENTE554,ExcelenteSupremo,V2,4,"557,6384656",600
CLIENTE554,ExcelenteSupremo,V2,5,"557,6384656",1800
CLIENTE554,ExcelenteSupremo,V2,6,"557,6384656",1800
CLIENTE554,ExcelenteSupremo,V2,7,"557,6384656",1800
CLIENTE554,ExcelenteSupremo,V2,8,"557,6384656","2408,333333"
CLIENTE554,ExcelenteSupremo,V2,9,"557,6384656","2408,333333"
CLIENTE554,ExcelenteSupremo,V2,10,"557,6384656","2408,333333"
CLIENTE554,ExcelenteSupremo,V2,11,"557,6384656","2408,333333"
CLIENTE554,ExcelenteSupremo,V2,12,"531,9","2408,333333"
CLIENTE554,ExcelenteSupremo,V2,13,"557,6384656","1000,333333"
CLIENTE554,ResistenteFirme,V2,1,"557,6384656","500,3333333"
CLIENTE554,ResistenteFirme,V2,4,"557,6384656",600
CLIENTE554,ResistenteFirme,V2,5,"557,6384656",1000
CLIENTE554,ResistenteFirme,V2,6,"557,6384656",1000
CLIENTE554,ResistenteFirme,V2,7,"557,6384656",1000
CLIENTE554,ResistenteFirme,V2,8,"557,6384656","1083,333333"
CLIENTE554,ResistenteFirme,V2,9,"557,6384656","1083,333333"
CLIENTE554,ResistenteFirme,V2,10,"557,6384656","1083,333333"
CLIENTE554,ResistenteFirme,V2,11,"557,6384656","1083,333333"
CLIENTE554,ResistenteFirme,V2,12,"531,9","1083,333333"
CLIENTE554,ResistenteFirme,V2,13,"557,6384656","500,3333333"
CLIENTE554,ArtificialZero,V2,2,"557,6384656",1200
CLIENTE554,ArtificialZero,V2,14,"557,6384656",1200
CLIENTE262,MuitoBomPleno,V13,1,"557,6384656","527,6666667"
CLIENTE262,MuitoBomPleno,V13,2,"557,6384656","516,6666667"
CLIENTE262,MuitoBomPleno,V13,3,"557,6384656","516,6666667"
CLIENTE262,MuitoBomPleno,V13,4,"557,6384656","516,6666667"
CLIENTE262,MuitoBomPleno,V13,5,"557,6384656","516,6666667"
CLIENTE262,MuitoBomPleno,V13,6,"557,6384656","516,6666667"
CLIENTE262,MuitoBomPleno,V13,7,"557,6384656","516,6666667"
CLIENTE262,MuitoBomPleno,V13,8,"557,6384656","516,6666667"
CLIENTE262,MuitoBomPleno,V13,9,"557,6384656","516,6666667"
CLIENTE262,MuitoBomPleno,V13,10,"557,6384656","516,6666667"
CLIENTE262,MuitoBomPleno,V13,11,"557,6384656","516,6666667"
CLIENTE262,MuitoBomPleno,V13,12,595,"516,6666667"
CLIENTE262,MuitoBomPleno,V13,13,"557,6384656","527,6666667"
CLIENTE262,MuitoBomPleno,V13,14,"557,6384656","516,6666667"
CLIENTE262,MuitoBomPleno,V13,15,"557,6384656","516,6666667"
CLIENTE262,ResistenteFirme,V2,4,"557,6384656","266,67"
CLIENTE262,ResistenteFirme,V2,6,"557,6384656","266,67"
CLIENTE262,ResistenteFirme,V2,8,"557,6384656","266,67"
CLIENTE262,ResistenteFirme,V2,10,"557,6384656","266,67"
CLIENTE262,ResistenteFirme,V2,12,595,"266,67"
CLIENTE89,ExcelenteSupremo,V2,2,"557,6384656",2072
CLIENTE89,ExcelenteSupremo,V2,3,"557,6384656",2576
CLIENTE89,ExcelenteSupremo,V2,4,"557,6384656",2072
CLIENTE89,ExcelenteSupremo,V2,5,"557,6384656",2072
CLIENTE89,ExcelenteSupremo,V2,6,"557,6384656",2072
CLIENTE89,ExcelenteSupremo,V2,7,"557,6384656",2072
CLIENTE89,ExcelenteSupremo,V2,8,"557,6384656",2072
CLIENTE89,ExcelenteSupremo,V2,9,"557,6384656",2072
CLIENTE89,ExcelenteSupremo,V2,10,"557,6384656",2072
CLIENTE89,ExcelenteSupremo,V2,11,"557,6384656",2072
CLIENTE89,ExcelenteSupremo,V2,12,561,4144
CLIENTE89,ExcelenteSupremo,V2,14,"557,6384656",2072
CLIENTE89,ExcelenteSupremo,V2,15,"557,6384656",2576
CLIENTE443,MuitoBomPleno,V12,1,"557,6384656",417
CLIENTE443,MuitoBomPleno,V12,2,"557,6384656",417
CLIENTE443,MuitoBomPleno,V12,3,"557,6384656",417
CLIENTE443,MuitoBomPleno,V12,4,"557,6384656",417
CLIENTE443,MuitoBomPleno,V12,5,"557,6384656",417
CLIENTE443,MuitoBomPleno,V12,6,"557,6384656",417
CLIENTE443,MuitoBomPleno,V12,7,"557,6384656",417
CLIENTE443,MuitoBomPleno,V12,8,"557,6384656",417
CLIENTE443,MuitoBomPleno,V12,9,"557,6384656",417
CLIENTE443,MuitoBomPleno,V12,10,"557,6384656",417
CLIENTE443,MuitoBomPleno,V12,11,"557,6384656",417
CLIENTE443,MuitoBomPleno,V12,12,"557,6384656",413
CLIENTE443,MuitoBomPleno,V12,13,"557,6384656",417
CLIENTE443,MuitoBomPleno,V12,14,"557,6384656",417
CLIENTE443,MuitoBomPleno,V12,15,"557,6384656",417
CLIENTE90,InferiorRaso,V2,2,"557,6384656",400
CLIENTE90,InferiorRaso,V2,3,"557,6384656",400
CLIENTE90,InferiorRaso,V2,14,"557,6384656",400
CLIENTE90,InferiorRaso,V2,15,"557,6384656",400
CLIENTE90,InferiorRaso,V16,4,"557,6384656",400
CLIENTE90,InferiorRaso,V16,5,"557,6384656",400
CLIENTE90,InferiorRaso,V16,6,"557,6384656",400
CLIENTE90,InferiorRaso,V16,7,"557,6384656",400
CLIENTE90,InferiorRaso,V16,8,"557,6384656",400
CLIENTE90,InferiorRaso,V16,9,"557,6384656",400
CLIENTE90,InferiorRaso,V16,10,"557,6384656",400
CLIENTE90,InferiorRaso,V16,11,"557,6384656",400
CLIENTE90,InferiorRaso,V16,12,"579,3375905",400
CLIENTE90,MuitoBomPleno,V16,1,"557,6384656",100
CLIENTE90,MuitoBomPleno,V16,2,"557,6384656",200
CLIENTE90,MuitoBomPleno,V16,3,"557,6384656",200
CLIENTE90,MuitoBomPleno,V16,4,"557,6384656",1350
CLIENTE90,MuitoBomPleno,V16,5,"557,6384656",1350
CLIENTE90,MuitoBomPleno,V16,6,"557,6384656",1350
CLIENTE90,MuitoBomPleno,V16,7,"557,6384656",1350
CLIENTE90,MuitoBomPleno,V16,8,"557,6384656",1350
CLIENTE90,MuitoBomPleno,V16,9,"557,6384656",1350
CLIENTE90,MuitoBomPleno,V16,10,"557,6384656",1350
CLIENTE90,MuitoBomPleno,V16,11,"557,6384656",1350
CLIENTE90,MuitoBomPleno,V16,12,"579,3375905",1350
CLIENTE90,MuitoBomPleno,V16,13,"557,6384656",100
CLIENTE90,MuitoBomPleno,V16,14,"557,6384656",200
CLIENTE90,MuitoBomPleno,V16,15,"557,6384656",200
CLIENTE90,ExcelenteSupremo,V2,1,"557,6384656",1650
CLIENTE90,ExcelenteSupremo,V2,2,"557,6384656",1150
CLIENTE90,ExcelenteSupremo,V2,3,"557,6384656",1150
CLIENTE90,ExcelenteSupremo,V2,13,"557,6384656",1650
CLIENTE90,ExcelenteSupremo,V2,14,"557,6384656",1150
CLIENTE90,ExcelenteSupremo,V2,15,"557,6384656",1150
CLIENTE91,EscuroSereno,V2,1,"557,6384656","1295,433333"
CLIENTE91,EscuroSereno,V2,2,"557,6384656","1368,333333"
CLIENTE91,EscuroSereno,V2,3,"557,6384656","1283,333333"
CLIENTE91,EscuroSereno,V2,4,"557,6384656","1283,333333"
CLIENTE91,EscuroSereno,V2,5,"557,6384656","1283,333333"
CLIENTE91,EscuroSereno,V2,6,"557,6384656","1283,333333"
CLIENTE91,EscuroSereno,V2,7,"557,6384656","1283,333333"
CLIENTE91,EscuroSereno,V2,8,"557,6384656","1283,333333"
CLIENTE91,EscuroSereno,V2,9,"557,6384656","1283,333333"
CLIENTE91,EscuroSereno,V2,10,"557,6384656","1283,333333"
CLIENTE91,EscuroSereno,V2,11,"557,6384656","1283,333333"
CLIENTE91,EscuroSereno,V2,12,560,"1083,333333"
CLIENTE91,EscuroSereno,V2,13,"557,6384656","1295,433333"
CLIENTE91,EscuroSereno,V2,14,"557,6384656","1368,333333"
CLIENTE91,EscuroSereno,V2,15,"557,6384656","1283,333333"
CLIENTE91,ExcelenteSupremo,V2,1,"557,6384656","215,94"
CLIENTE91,ExcelenteSupremo,V2,13,"557,6384656","215,94"
CLIENTE91,ResistenteFirme,V2,1,"557,6384656","516,467"
CLIENTE91,ResistenteFirme,V2,2,"557,6384656",528
CLIENTE91,ResistenteFirme,V2,3,"557,6384656",366
CLIENTE91,ResistenteFirme,V2,4,"557,6384656","344,668"
CLIENTE91,ResistenteFirme,V2,5,"557,6384656","344,668"
CLIENTE91,ResistenteFirme,V2,6,"557,6384656","344,668"
CLIENTE91,ResistenteFirme,V2,7,"557,6384656","344,668"
CLIENTE91,ResistenteFirme,V2,8,"557,6384656","344,668"
CLIENTE91,ResistenteFirme,V2,9,"557,6384656","344,668"
CLIENTE91,ResistenteFirme,V2,10,"557,6384656","344,668"
CLIENTE91,ResistenteFirme,V2,11,"557,6384656","344,668"
CLIENTE91,ResistenteFirme,V2,12,560,"344,668"
CLIENTE91,ResistenteFirme,V2,13,"557,6384656","516,467"
CLIENTE91,ResistenteFirme,V2,14,"557,6384656",528
CLIENTE91,ResistenteFirme,V2,15,"557,6384656",366
CLIENTE92,OpacoManso,V1,3,"557,6384656",120
CLIENTE92,OpacoManso,V1,15,"557,6384656",120
CLIENTE92,NaturalClaro,V1,1,"557,6384656","120,0006147"
CLIENTE92,NaturalClaro,V1,2,"557,6384656","150,0006147"
CLIENTE92,NaturalClaro,V1,3,"557,6384656","0,000614695208"
CLIENTE92,NaturalClaro,V1,4,"557,6384656","150,0006147"
CLIENTE92,NaturalClaro,V1,5,"557,6384656","150,0006147"
CLIENTE92,NaturalClaro,V1,6,"557,6384656","150,0006147"
CLIENTE92,NaturalClaro,V1,7,"557,6384656","150,0006147"
CLIENTE92,NaturalClaro,V1,8,"557,6384656","150,0006147"
CLIENTE92,NaturalClaro,V1,9,"557,6384656","150,0006147"
CLIENTE92,NaturalClaro,V1,10,"557,6384656","150,0006147"
CLIENTE92,NaturalClaro,V1,11,"557,6384656","150,0006147"
CLIENTE92,NaturalClaro,V1,12,"556,5","150,0006147"
CLIENTE92,NaturalClaro,V1,13,"557,6384656","120,0006147"
CLIENTE92,NaturalClaro,V1,14,"557,6384656","150,0006147"
CLIENTE92,NaturalClaro,V1,15,"557,6384656","0,000614695208"
CLIENTE92,MuitoBomPleno,V12,1,"557,6384656",600
CLIENTE92,MuitoBomPleno,V12,2,"557,6384656",756
CLIENTE92,MuitoBomPleno,V12,3,"557,6384656",728
CLIENTE92,MuitoBomPleno,V12,4,"557,6384656",756
CLIENTE92,MuitoBomPleno,V12,5,"557,6384656",750
CLIENTE92,MuitoBomPleno,V12,6,"557,6384656",750
CLIENTE92,MuitoBomPleno,V12,7,"557,6384656",750
CLIENTE92,MuitoBomPleno,V12,8,"557,6384656",750
CLIENTE92,MuitoBomPleno,V12,9,"557,6384656",750
CLIENTE92,MuitoBomPleno,V12,10,"557,6384656",750
CLIENTE92,MuitoBomPleno,V12,11,"557,6384656",750
CLIENTE92,MuitoBomPleno,V12,12,"556,5",750
CLIENTE92,MuitoBomPleno,V12,13,"557,6384656",600
CLIENTE92,MuitoBomPleno,V12,14,"557,6384656",756
CLIENTE92,MuitoBomPleno,V12,15,"557,6384656",728
CLIENTE92,MuitoBomPleno,V13,1,"557,6384656",196
CLIENTE92,MuitoBomPleno,V13,13,"557,6384656",196
CLIENTE93,MuitoBomPleno,V12,1,"557,6384656",300
CLIENTE93,MuitoBomPleno,V12,2,"557,6384656",600
CLIENTE93,MuitoBomPleno,V12,3,"557,6384656",600
CLIENTE93,MuitoBomPleno,V12,4,"557,6384656",600
CLIENTE93,MuitoBomPleno,V12,5,"557,6384656",600
CLIENTE93,MuitoBomPleno,V12,6,"557,6384656",400
CLIENTE93,MuitoBomPleno,V12,7,"557,6384656",400
CLIENTE93,MuitoBomPleno,V12,8,"557,6384656",400
CLIENTE93,MuitoBomPleno,V12,9,"557,6384656",400
CLIENTE93,MuitoBomPleno,V12,10,"557,6384656",400
CLIENTE93,MuitoBomPleno,V12,11,"557,6384656",400
CLIENTE93,MuitoBomPleno,V12,12,"531,9",400
CLIENTE93,MuitoBomPleno,V12,13,"557,6384656",300
CLIENTE93,MuitoBomPleno,V12,14,"557,6384656",600
CLIENTE93,MuitoBomPleno,V12,15,"557,6384656",600
CLIENTE332,MuitoBomPleno,V13,1,"557,6384656",112
CLIENTE332,MuitoBomPleno,V13,2,"557,6384656",224
CLIENTE332,MuitoBomPleno,V13,3,"557,6384656",224
CLIENTE332,MuitoBomPleno,V13,13,"557,6384656",112
CLIENTE332,MuitoBomPleno,V13,14,"557,6384656",224
CLIENTE332,MuitoBomPleno,V13,15,"557,6384656",224
CLIENTE332,ExcelenteSupremo,V2,1,"557,6384656","3499,80175"
CLIENTE332,ExcelenteSupremo,V2,2,"557,6384656","3499,80175"
CLIENTE332,ExcelenteSupremo,V2,3,"557,6384656",3500
CLIENTE332,ExcelenteSupremo,V2,4,"557,6384656",3600
CLIENTE332,ExcelenteSupremo,V2,5,"557,6384656",3500
CLIENTE332,ExcelenteSupremo,V2,6,"557,6384656",3600
CLIENTE332,ExcelenteSupremo,V2,7,"557,6384656","3893,80175"
CLIENTE332,ExcelenteSupremo,V2,8,"557,6384656","3893,80175"
CLIENTE332,ExcelenteSupremo,V2,9,"557,6384656","3893,80175"
CLIENTE332,ExcelenteSupremo,V2,10,"557,6384656","2893,80175"
CLIENTE332,ExcelenteSupremo,V2,11,"557,6384656","2893,80175"
CLIENTE332,ExcelenteSupremo,V2,12,"531,9","2893,80175"
CLIENTE332,ExcelenteSupremo,V2,13,"557,6384656","3499,80175"
CLIENTE332,ExcelenteSupremo,V2,14,"557,6384656","3499,80175"
CLIENTE332,ExcelenteSupremo,V2,15,"557,6384656",3500
CLIENTE332,ResistenteFirme,V2,1,"557,6384656",360
CLIENTE332,ResistenteFirme,V2,2,"557,6384656",360
CLIENTE332,ResistenteFirme,V2,3,"557,6384656",360
CLIENTE332,ResistenteFirme,V2,4,"557,6384656",360
CLIENTE332,ResistenteFirme,V2,5,"557,6384656",360
CLIENTE332,ResistenteFirme,V2,6,"557,6384656",360
CLIENTE332,ResistenteFirme,V2,7,"557,6384656","674,9937291"
CLIENTE332,ResistenteFirme,V2,8,"557,6384656","674,9937291"
CLIENTE332,ResistenteFirme,V2,9,"557,6384656","674,9937291"
CLIENTE332,ResistenteFirme,V2,10,"557,6384656","674,9937291"
CLIENTE332,ResistenteFirme,V2,11,"557,6384656","674,9937291"
CLIENTE332,ResistenteFirme,V2,12,"531,9","674,9937291"
CLIENTE332,ResistenteFirme,V2,13,"557,6384656",360
CLIENTE332,ResistenteFirme,V2,14,"557,6384656",360
CLIENTE332,ResistenteFirme,V2,15,"557,6384656",360
CLIENTE332,ArtificialTres,V2,1,"557,6384656",37
CLIENTE332,ArtificialTres,V2,2,"557,6384656",37
CLIENTE332,ArtificialTres,V2,3,"557,6384656",37
CLIENTE332,ArtificialTres,V2,4,"557,6384656",37
CLIENTE332,ArtificialTres,V2,5,"557,6384656",37
CLIENTE332,ArtificialTres,V2,6,"557,6384656",37
CLIENTE332,ArtificialTres,V2,7,"557,6384656",37
CLIENTE332,ArtificialTres,V2,8,"557,6384656",37
CLIENTE332,ArtificialTres,V2,9,"557,6384656",37
CLIENTE332,ArtificialTres,V2,10,"557,6384656",37
CLIENTE332,ArtificialTres,V2,11,"557,6384656",37
CLIENTE332,ArtificialTres,V2,12,"531,9",37
CLIENTE332,ArtificialTres,V2,13,"557,6384656",37
CLIENTE332,ArtificialTres,V2,14,"557,6384656",37
CLIENTE332,ArtificialTres,V2,15,"557,6384656",37
CLIENTE332,ArtificialCinco,V16,1,"557,6384656",200
CLIENTE332,ArtificialCinco,V16,13,"557,6384656",200
CLIENTE95,ResistenteFirme,V2,1,"557,6384656","247,967"
CLIENTE95,ResistenteFirme,V2,2,"557,6384656",392
CLIENTE95,ResistenteFirme,V2,3,"557,6384656",320
CLIENTE95,ResistenteFirme,V2,4,"557,6384656",220
CLIENTE95,ResistenteFirme,V2,5,"557,6384656",220
CLIENTE95,ResistenteFirme,V2,6,"557,6384656",220
CLIENTE95,ResistenteFirme,V2,7,"557,6384656",220
CLIENTE95,ResistenteFirme,V2,8,"557,6384656",220
CLIENTE95,ResistenteFirme,V2,9,"557,6384656",220
CLIENTE95,ResistenteFirme,V2,10,"557,6384656",220
CLIENTE95,ResistenteFirme,V2,11,"557,6384656",220
CLIENTE95,ResistenteFirme,V2,12,560,320
CLIENTE95,ResistenteFirme,V2,13,"557,6384656","247,967"
CLIENTE95,ResistenteFirme,V2,14,"557,6384656",392
CLIENTE95,ResistenteFirme,V2,15,"557,6384656",320
CLIENTE96,EscuroSereno,V2,1,"557,6384656","5072,916667"
CLIENTE96,EscuroSereno,V2,2,"557,6384656","4436,916667"
CLIENTE96,EscuroSereno,V2,3,"557,6384656","11436,91667"
CLIENTE96,EscuroSereno,V2,4,"557,6384656","4436,916667"
CLIENTE96,EscuroSereno,V2,5,"557,6384656","4436,916667"
CLIENTE96,EscuroSereno,V2,6,"557,6384656","9436,916667"
CLIENTE96,EscuroSereno,V2,7,"557,6384656","4436,916667"
CLIENTE96,EscuroSereno,V2,8,"557,6384656","4436,916667"
CLIENTE96,EscuroSereno,V2,9,"557,6384656","9436,916667"
CLIENTE96,EscuroSereno,V2,10,"557,6384656","4436,916667"
CLIENTE96,EscuroSereno,V2,11,"557,6384656","4436,916667"
CLIENTE96,EscuroSereno,V2,12,560,"7800,916667"
CLIENTE96,EscuroSereno,V2,13,"557,6384656","5072,916667"
CLIENTE96,EscuroSereno,V2,14,"557,6384656","4436,916667"
CLIENTE96,EscuroSereno,V2,15,"557,6384656","11436,91667"
CLIENTE96,ResistenteFirme,V2,7,"557,6384656",600
CLIENTE96,ResistenteFirme,V2,8,"557,6384656",600
CLIENTE96,ResistenteFirme,V2,9,"557,6384656",600
CLIENTE96,ResistenteFirme,V2,10,"557,6384656",600
CLIENTE96,ResistenteFirme,V2,11,"557,6384656",600
CLIENTE96,ResistenteFirme,V2,12,560,600
CLIENTE96,LimpoIsento,V3,7,"557,6384656",2000
CLIENTE97,MuitoBomPleno,V13,3,"557,6384656",3750
CLIENTE97,MuitoBomPleno,V13,4,"557,6384656",3750
CLIENTE97,MuitoBomPleno,V13,5,"557,6384656",3512
CLIENTE97,MuitoBomPleno,V13,15,"557,6384656",3750
CLIENTE97,ExcelenteSupremo,V3,1,"557,6384656",4250
CLIENTE97,ExcelenteSupremo,V3,2,"557,6384656",3750
CLIENTE97,ExcelenteSupremo,V3,5,"557,6384656",238
CLIENTE97,ExcelenteSupremo,V3,6,"557,6384656",3750
CLIENTE97,ExcelenteSupremo,V3,7,"557,6384656",3750
CLIENTE97,ExcelenteSupremo,V3,8,"557,6384656",3750
CLIENTE97,ExcelenteSupremo,V3,9,"557,6384656",3750
CLIENTE97,ExcelenteSupremo,V3,10,"557,6384656",3750
CLIENTE97,ExcelenteSupremo,V3,11,"557,6384656",3750
CLIENTE97,ExcelenteSupremo,V3,12,"579,3375905",3750
CLIENTE97,ExcelenteSupremo,V3,13,"557,6384656",4250
CLIENTE97,ExcelenteSupremo,V3,14,"557,6384656",3750
CLIENTE665,MuitoBomPleno,V16,3,"557,6384656",546
CLIENTE665,MuitoBomPleno,V16,4,"557,6384656",1274
CLIENTE665,MuitoBomPleno,V16,5,"557,6384656",1274
CLIENTE665,MuitoBomPleno,V16,15,"557,6384656",546
CLIENTE665,ExcelenteSupremo,V2,6,"557,6384656",1274
CLIENTE665,ExcelenteSupremo,V2,7,"557,6384656",1274
CLIENTE665,ExcelenteSupremo,V2,8,"557,6384656",1274
CLIENTE665,ExcelenteSupremo,V2,9,"557,6384656",1274
CLIENTE665,ExcelenteSupremo,V2,10,"557,6384656",1274
CLIENTE665,ExcelenteSupremo,V2,11,"557,6384656",1274
CLIENTE665,ExcelenteSupremo,V2,12,561,2548
CLIENTE98,MuitoBomPleno,V16,1,"557,6384656",2084
CLIENTE98,MuitoBomPleno,V16,2,"557,6384656",2084
CLIENTE98,MuitoBomPleno,V16,3,"557,6384656",2084
CLIENTE98,MuitoBomPleno,V16,4,"557,6384656",2084
CLIENTE98,MuitoBomPleno,V16,5,"557,6384656",2084
CLIENTE98,MuitoBomPleno,V16,6,"557,6384656",2084
CLIENTE98,MuitoBomPleno,V16,7,"557,6384656",2084
CLIENTE98,MuitoBomPleno,V16,8,"557,6384656",2084
CLIENTE98,MuitoBomPleno,V16,9,"557,6384656",2084
CLIENTE98,MuitoBomPleno,V16,10,"557,6384656",2084
CLIENTE98,MuitoBomPleno,V16,11,"557,6384656",2084
CLIENTE98,MuitoBomPleno,V16,12,"579,3375905",2084
CLIENTE98,MuitoBomPleno,V16,13,"557,6384656",2084
CLIENTE98,MuitoBomPleno,V16,14,"557,6384656",2084
CLIENTE98,MuitoBomPleno,V16,15,"557,6384656",2084
CLIENTE99,MuitoBomPleno,V16,1,"557,6384656",2666
CLIENTE99,MuitoBomPleno,V16,2,"557,6384656",3166
CLIENTE99,MuitoBomPleno,V16,3,"557,6384656",3166
CLIENTE99,MuitoBomPleno,V16,4,"557,6384656",3166
CLIENTE99,MuitoBomPleno,V16,5,"557,6384656",3166
CLIENTE99,MuitoBomPleno,V16,6,"557,6384656",3166
CLIENTE99,MuitoBomPleno,V16,7,"557,6384656",3166
CLIENTE99,MuitoBomPleno,V16,8,"557,6384656",3166
CLIENTE99,MuitoBomPleno,V16,9,"557,6384656",3166
CLIENTE99,MuitoBomPleno,V16,10,"557,6384656",3166
CLIENTE99,MuitoBomPleno,V16,11,"557,6384656",3166
CLIENTE99,MuitoBomPleno,V16,12,"579,3375905",3166
CLIENTE99,MuitoBomPleno,V16,13,"557,6384656",2666
CLIENTE99,MuitoBomPleno,V16,14,"557,6384656",3166
CLIENTE99,MuitoBomPleno,V16,15,"557,6384656",3166
CLIENTE100,ExcelenteSupremo,V3,1,"557,6384656",2500
CLIENTE100,ExcelenteSupremo,V3,2,"557,6384656",3500
CLIENTE100,ExcelenteSupremo,V3,3,"557,6384656",4500
CLIENTE100,ExcelenteSupremo,V3,4,"557,6384656",3500
CLIENTE100,ExcelenteSupremo,V3,5,"557,6384656",3500
CLIENTE100,ExcelenteSupremo,V3,6,"557,6384656",3500
CLIENTE100,ExcelenteSupremo,V3,7,"557,6384656",2500
CLIENTE100,ExcelenteSupremo,V3,8,"557,6384656",2500
CLIENTE100,ExcelenteSupremo,V3,9,"557,6384656",3500
CLIENTE100,ExcelenteSupremo,V3,10,"557,6384656",3500
CLIENTE100,ExcelenteSupremo,V3,11,"557,6384656",3500
CLIENTE100,ExcelenteSupremo,V3,12,"591,47",3500
CLIENTE100,ExcelenteSupremo,V3,13,"557,6384656",2500
CLIENTE100,ExcelenteSupremo,V3,14,"557,6384656",3500
CLIENTE100,ExcelenteSupremo,V3,15,"557,6384656",4500
CLIENTE101,ExcelenteSupremo,V3,1,"557,6384656",1288
CLIENTE101,ExcelenteSupremo,V3,2,"557,6384656",1232
CLIENTE101,ExcelenteSupremo,V3,3,"557,6384656",1260
CLIENTE101,ExcelenteSupremo,V3,4,"557,6384656",1260
CLIENTE101,ExcelenteSupremo,V3,5,"557,6384656",1064
CLIENTE101,ExcelenteSupremo,V3,6,"557,6384656","1669,111111"
CLIENTE101,ExcelenteSupremo,V3,7,"557,6384656","1669,111111"
CLIENTE101,ExcelenteSupremo,V3,8,"557,6384656","1169,111111"
CLIENTE101,ExcelenteSupremo,V3,9,"557,6384656","1169,111111"
CLIENTE101,ExcelenteSupremo,V3,10,"557,6384656","1169,111111"
CLIENTE101,ExcelenteSupremo,V3,11,"557,6384656","1169,111111"
CLIENTE101,ExcelenteSupremo,V3,12,"531,9","1169,111111"
CLIENTE101,ExcelenteSupremo,V3,13,"557,6384656",1288
CLIENTE101,ExcelenteSupremo,V3,14,"557,6384656",1232
CLIENTE101,ExcelenteSupremo,V3,15,"557,6384656",1260
CLIENTE101,ArtificialTres,V2,1,"557,6384656",308
CLIENTE101,ArtificialTres,V2,13,"557,6384656",308
CLIENTE102,EscuroSereno,V2,1,"557,6384656","2580,416667"
CLIENTE102,EscuroSereno,V2,2,"557,6384656","2495,416667"
CLIENTE102,EscuroSereno,V2,3,"557,6384656","2495,416667"
CLIENTE102,EscuroSereno,V2,4,"557,6384656","2495,416667"
CLIENTE102,EscuroSereno,V2,5,"557,6384656","2495,416667"
CLIENTE102,EscuroSereno,V2,6,"557,6384656","2495,416667"
CLIENTE102,EscuroSereno,V2,7,"557,6384656","2495,416667"
CLIENTE102,EscuroSereno,V2,8,"557,6384656","2495,416667"
CLIENTE102,EscuroSereno,V2,9,"557,6384656","2495,416667"
CLIENTE102,EscuroSereno,V2,10,"557,6384656","2495,416667"
CLIENTE102,EscuroSereno,V2,11,"557,6384656","2495,416667"
CLIENTE102,EscuroSereno,V2,12,560,"1410,416667"
CLIENTE102,EscuroSereno,V2,13,"557,6384656","2580,416667"
CLIENTE102,EscuroSereno,V2,14,"557,6384656","2495,416667"
CLIENTE102,EscuroSereno,V2,15,"557,6384656","2495,416667"
CLIENTE102,LimpoIsento,V3,7,"557,6384656",1000
CLIENTE103,ExcelenteSupremo,V3,1,"557,6384656",3052
CLIENTE103,ExcelenteSupremo,V3,2,"557,6384656",2912
CLIENTE103,ExcelenteSupremo,V3,3,"557,6384656",3080
CLIENTE103,ExcelenteSupremo,V3,4,"557,6384656",3248
CLIENTE103,ExcelenteSupremo,V3,5,"557,6384656",2576
CLIENTE103,ExcelenteSupremo,V3,6,"557,6384656","1749,667"
CLIENTE103,ExcelenteSupremo,V3,7,"557,6384656","1749,667"
CLIENTE103,ExcelenteSupremo,V3,8,"557,6384656","1749,667"
CLIENTE103,ExcelenteSupremo,V3,9,"557,6384656","1749,667"
CLIENTE103,ExcelenteSupremo,V3,10,"557,6384656","1749,667"
CLIENTE103,ExcelenteSupremo,V3,11,"557,6384656","1749,667"
CLIENTE103,ExcelenteSupremo,V3,12,"531,9","1749,667"
CLIENTE103,ExcelenteSupremo,V3,13,"557,6384656",3052
CLIENTE103,ExcelenteSupremo,V3,14,"557,6384656",2912
CLIENTE103,ExcelenteSupremo,V3,15,"557,6384656",3080
CLIENTE104,ExcelenteSupremo,V3,1,"557,6384656",3136
CLIENTE104,ExcelenteSupremo,V3,2,"557,6384656",2800
CLIENTE104,ExcelenteSupremo,V3,3,"557,6384656",2380
CLIENTE104,ExcelenteSupremo,V3,4,"557,6384656",2408
CLIENTE104,ExcelenteSupremo,V3,5,"557,6384656",2576
CLIENTE104,ExcelenteSupremo,V3,6,"557,6384656",1455
CLIENTE104,ExcelenteSupremo,V3,7,"557,6384656",1455
CLIENTE104,ExcelenteSupremo,V3,8,"557,6384656",1455
CLIENTE104,ExcelenteSupremo,V3,9,"557,6384656",1455
CLIENTE104,ExcelenteSupremo,V3,10,"557,6384656",1134
CLIENTE104,ExcelenteSupremo,V3,11,"557,6384656",1134
CLIENTE104,ExcelenteSupremo,V3,12,"531,9",1134
CLIENTE104,ExcelenteSupremo,V3,13,"557,6384656",3136
CLIENTE104,ExcelenteSupremo,V3,14,"557,6384656",2800
CLIENTE104,ExcelenteSupremo,V3,15,"557,6384656",2380
CLIENTE104,ResistenteFirme,V2,1,"557,6384656",234
CLIENTE104,ResistenteFirme,V2,13,"557,6384656",234
CLIENTE104,ArtificialTres,V2,1,"557,6384656",1400
CLIENTE104,ArtificialTres,V2,2,"557,6384656",1500
CLIENTE104,ArtificialTres,V2,3,"557,6384656",1500
CLIENTE104,ArtificialTres,V2,4,"557,6384656",1500
CLIENTE104,ArtificialTres,V2,5,"557,6384656",2000
CLIENTE104,ArtificialTres,V2,6,"557,6384656",2000
CLIENTE104,ArtificialTres,V2,7,"557,6384656",2000
CLIENTE104,ArtificialTres,V2,8,"557,6384656",2000
CLIENTE104,ArtificialTres,V2,9,"557,6384656",2000
CLIENTE104,ArtificialTres,V2,10,"557,6384656",2000
CLIENTE104,ArtificialTres,V2,11,"557,6384656",2000
CLIENTE104,ArtificialTres,V2,12,"531,9",2000
CLIENTE104,ArtificialTres,V2,13,"557,6384656",1400
CLIENTE104,ArtificialTres,V2,14,"557,6384656",1500
CLIENTE104,ArtificialTres,V2,15,"557,6384656",1500
CLIENTE105,ExcelenteSupremo,V3,1,"557,6384656",28
CLIENTE105,ExcelenteSupremo,V3,2,"557,6384656",28
CLIENTE105,ExcelenteSupremo,V3,3,"557,6384656",28
CLIENTE105,ExcelenteSupremo,V3,4,"557,6384656",28
CLIENTE105,ExcelenteSupremo,V3,5,"557,6384656",56
CLIENTE105,ExcelenteSupremo,V3,6,"557,6384656","186,6666667"
CLIENTE105,ExcelenteSupremo,V3,7,"557,6384656","186,6666667"
CLIENTE105,ExcelenteSupremo,V3,8,"557,6384656","186,6666667"
CLIENTE105,ExcelenteSupremo,V3,9,"557,6384656","186,6666667"
CLIENTE105,ExcelenteSupremo,V3,10,"557,6384656","186,6666667"
CLIENTE105,ExcelenteSupremo,V3,11,"557,6384656","186,6666667"
CLIENTE105,ExcelenteSupremo,V3,12,"531,9","186,6666667"
CLIENTE105,ExcelenteSupremo,V3,13,"557,6384656",28
CLIENTE105,ExcelenteSupremo,V3,14,"557,6384656",28
CLIENTE105,ExcelenteSupremo,V3,15,"557,6384656",28
CLIENTE107,MuitoBomPleno,V13,1,"557,6384656",2500
CLIENTE107,MuitoBomPleno,V13,5,"557,6384656",2500
CLIENTE107,MuitoBomPleno,V13,9,"557,6384656",2500
CLIENTE107,MuitoBomPleno,V13,13,"557,6384656",2500
CLIENTE107,PuroAustero,V3,1,"557,6384656",500
CLIENTE107,PuroAustero,V3,5,"557,6384656",500
CLIENTE107,PuroAustero,V3,9,"557,6384656",500
CLIENTE107,PuroAustero,V3,13,"557,6384656",500
CLIENTE107,ArtificialTres,V2,1,"557,6384656",200
CLIENTE107,ArtificialTres,V2,13,"557,6384656",200
CLIENTE320,MuitoBomPleno,V16,3,"557,6384656",5000
CLIENTE320,MuitoBomPleno,V16,5,"557,6384656",5000
CLIENTE320,MuitoBomPleno,V16,7,"557,6384656",5000
CLIENTE320,MuitoBomPleno,V16,9,"557,6384656",5000
CLIENTE320,MuitoBomPleno,V16,11,"557,6384656",5000
CLIENTE320,MuitoBomPleno,V16,12,"557,6384656",5000
CLIENTE320,MuitoBomPleno,V16,15,"557,6384656",5000
CLIENTE415,MuitoBomPleno,V5,3,"590,4888889",304
CLIENTE415,MuitoBomPleno,V5,4,"590,4888889","104,3272227"
CLIENTE415,MuitoBomPleno,V5,5,"590,4888889","499,3760467"
CLIENTE415,MuitoBomPleno,V5,6,"590,4888889","100,7971056"
CLIENTE415,MuitoBomPleno,V5,7,"590,4888889","67,37332585"
CLIENTE415,MuitoBomPleno,V5,8,"590,4888889","36,70482836"
CLIENTE415,MuitoBomPleno,V5,10,"590,4888889","608,2514414"
CLIENTE415,MuitoBomPleno,V5,12,"590,4888889","608,2514414"
CLIENTE415,MuitoBomPleno,V5,15,"590,4888889",304
CLIENTE108,MuitoBomPleno,V12,1,"557,6384656","2561,183"
CLIENTE108,MuitoBomPleno,V12,2,"557,6384656",2700
CLIENTE108,MuitoBomPleno,V12,3,"557,6384656",432
CLIENTE108,MuitoBomPleno,V12,4,"557,6384656","2699,558333"
CLIENTE108,MuitoBomPleno,V12,5,"557,6384656","2699,558333"
CLIENTE108,MuitoBomPleno,V12,6,"557,6384656","2699,558333"
CLIENTE108,MuitoBomPleno,V12,7,"557,6384656","2699,558333"
CLIENTE108,MuitoBomPleno,V12,8,"557,6384656","2699,558333"
CLIENTE108,MuitoBomPleno,V12,9,"557,6384656","2699,558333"
CLIENTE108,MuitoBomPleno,V12,10,"557,6384656","2699,558333"
CLIENTE108,MuitoBomPleno,V12,11,"557,6384656","2699,558333"
CLIENTE108,MuitoBomPleno,V12,12,"579,15","2699,558333"
CLIENTE108,MuitoBomPleno,V12,13,"557,6384656","2561,183"
CLIENTE108,MuitoBomPleno,V12,14,"557,6384656",2700
CLIENTE108,MuitoBomPleno,V12,15,"557,6384656",432
CLIENTE108,NeutroSuave,V13,3,"557,6384656",1920
CLIENTE108,NeutroSuave,V13,15,"557,6384656",1920
CLIENTE481,MuitoBomPleno,V16,5,"526,0671935","44,63422579"
CLIENTE481,MuitoBomPleno,V16,6,"526,0671935","50,29987055"
CLIENTE481,MuitoBomPleno,V16,7,"526,0671935","32,39923699"
CLIENTE481,MuitoBomPleno,V16,8,"526,0671935","44,63422579"
CLIENTE481,MuitoBomPleno,V16,9,"526,0671935","50,29987055"
CLIENTE481,MuitoBomPleno,V16,10,"526,0671935","32,39923699"
CLIENTE481,MuitoBomPleno,V16,11,"526,0671935","44,63422579"
CLIENTE481,MuitoBomPleno,V16,12,"526,0671935","50,29987055"
CLIENTE481,MuitoBomPleno,V13,5,"526,0671935","44,63422579"
CLIENTE481,MuitoBomPleno,V13,6,"526,0671935","50,29987055"
CLIENTE481,MuitoBomPleno,V13,7,"526,0671935","32,39923699"
CLIENTE481,MuitoBomPleno,V13,8,"526,0671935","44,63422579"
CLIENTE481,MuitoBomPleno,V13,9,"526,0671935","50,29987055"
CLIENTE481,MuitoBomPleno,V13,10,"526,0671935","32,39923699"
CLIENTE481,MuitoBomPleno,V13,11,"526,0671935","44,63422579"
CLIENTE481,MuitoBomPleno,V13,12,"526,0671935","50,29987055"
CLIENTE299,MuitoBomPleno,V5,5,"526,0671935","0,8862970699"
CLIENTE299,MuitoBomPleno,V5,6,"526,0671935","0,9987991748"
CLIENTE299,MuitoBomPleno,V5,7,"526,0671935","0,6433481997"
CLIENTE299,MuitoBomPleno,V5,8,"526,0671935","0,8862970699"
CLIENTE299,MuitoBomPleno,V5,9,"526,0671935","0,9987991748"
CLIENTE299,MuitoBomPleno,V5,10,"526,0671935","0,6433481997"
CLIENTE299,MuitoBomPleno,V5,11,"526,0671935","0,8862970699"
CLIENTE299,MuitoBomPleno,V5,12,"522,210954","0,9987991748"
CLIENTE380,MuitoBomPleno,V5,5,"526,0671935","112,0819547"
CLIENTE380,MuitoBomPleno,V5,6,"526,0671935","126,3090759"
CLIENTE380,MuitoBomPleno,V5,7,"526,0671935","81,35841383"
CLIENTE380,MuitoBomPleno,V5,8,"526,0671935","112,0819547"
CLIENTE380,MuitoBomPleno,V5,9,"526,0671935","126,3090759"
CLIENTE380,MuitoBomPleno,V5,10,"526,0671935","81,35841383"
CLIENTE380,MuitoBomPleno,V5,11,"526,0671935","112,0819547"
CLIENTE380,MuitoBomPleno,V5,12,"522,210954","126,3090759"
CLIENTE277,MuitoBomPleno,V5,5,"526,0671935","436,8000369"
CLIENTE277,MuitoBomPleno,V5,6,"526,0671935","492,2452428"
CLIENTE277,MuitoBomPleno,V5,7,"526,0671935","317,0658314"
CLIENTE277,MuitoBomPleno,V5,8,"526,0671935","436,8000369"
CLIENTE277,MuitoBomPleno,V5,9,"526,0671935","492,2452428"
CLIENTE277,MuitoBomPleno,V5,10,"526,0671935","317,0658314"
CLIENTE277,MuitoBomPleno,V5,11,"526,0671935","436,8000369"
CLIENTE277,MuitoBomPleno,V5,12,"526,0671935","492,2452428"
CLIENTE277,MuitoBomPleno,V16,5,"526,0671935","335,9695097"
CLIENTE277,MuitoBomPleno,V16,6,"526,0671935","378,6157943"
CLIENTE277,MuitoBomPleno,V16,7,"526,0671935","243,8746405"
CLIENTE277,MuitoBomPleno,V16,8,"526,0671935","335,9695097"
CLIENTE277,MuitoBomPleno,V16,9,"526,0671935","378,6157943"
CLIENTE277,MuitoBomPleno,V16,10,"526,0671935","243,8746405"
CLIENTE277,MuitoBomPleno,V16,11,"526,0671935","335,9695097"
CLIENTE277,MuitoBomPleno,V16,12,"526,0671935","378,6157943"
CLIENTE353,MuitoBomPleno,V5,5,"526,0671935","43,77330324"
CLIENTE353,MuitoBomPleno,V5,6,"526,0671935","49,32966681"
CLIENTE353,MuitoBomPleno,V5,7,"526,0671935","31,77430773"
CLIENTE353,MuitoBomPleno,V5,8,"526,0671935","43,77330324"
CLIENTE353,MuitoBomPleno,V5,9,"526,0671935","49,32966681"
CLIENTE353,MuitoBomPleno,V5,10,"526,0671935","31,77430773"
CLIENTE353,MuitoBomPleno,V5,11,"526,0671935","43,77330324"
CLIENTE353,MuitoBomPleno,V5,12,"522,210954","49,32966681"
CLIENTE287,MuitoBomPleno,V5,5,"526,0671935","52,57958536"
CLIENTE287,MuitoBomPleno,V5,6,"526,0671935","59,25377421"
CLIENTE287,MuitoBomPleno,V5,7,"526,0671935","38,16664043"
CLIENTE287,MuitoBomPleno,V5,8,"526,0671935","52,57958536"
CLIENTE287,MuitoBomPleno,V5,9,"526,0671935","59,25377421"
CLIENTE287,MuitoBomPleno,V5,10,"526,0671935","38,16664043"
CLIENTE287,MuitoBomPleno,V5,11,"526,0671935","52,57958536"
CLIENTE287,MuitoBomPleno,V5,12,"526,0671935","59,25377421"
CLIENTE287,MuitoBomPleno,V16,5,"526,0671935","52,57958536"
CLIENTE287,MuitoBomPleno,V16,6,"526,0671935","59,25377421"
CLIENTE287,MuitoBomPleno,V16,7,"526,0671935","38,16664043"
CLIENTE287,MuitoBomPleno,V16,8,"526,0671935","52,57958536"
CLIENTE287,MuitoBomPleno,V16,9,"526,0671935","59,25377421"
CLIENTE287,MuitoBomPleno,V16,10,"526,0671935","38,16664043"
CLIENTE287,MuitoBomPleno,V16,11,"526,0671935","52,57958536"
CLIENTE287,MuitoBomPleno,V16,12,"526,0671935","59,25377421"
CLIENTE609,MuitoBomPleno,V13,4,"557,6384656",102
CLIENTE609,MuitoBomPleno,V13,6,"557,6384656",102
CLIENTE609,MuitoBomPleno,V13,8,"557,6384656",102
CLIENTE609,MuitoBomPleno,V13,10,"557,6384656",102
CLIENTE609,MuitoBomPleno,V13,12,"557,6384656",102
CLIENTE650,MuitoBomPleno,V12,1,"557,6384656",1896
CLIENTE650,MuitoBomPleno,V12,2,"557,6384656",3000
CLIENTE650,MuitoBomPleno,V12,3,"557,6384656",3000
CLIENTE650,MuitoBomPleno,V12,4,"557,6384656",3000
CLIENTE650,MuitoBomPleno,V12,5,"557,6384656",3000
CLIENTE650,MuitoBomPleno,V12,6,"557,6384656",3000
CLIENTE650,MuitoBomPleno,V12,7,"557,6384656",2500
CLIENTE650,MuitoBomPleno,V12,8,"557,6384656",2500
CLIENTE650,MuitoBomPleno,V12,9,"557,6384656",2500
CLIENTE650,MuitoBomPleno,V12,10,"557,6384656",2500
CLIENTE650,MuitoBomPleno,V12,11,"557,6384656",2500
CLIENTE650,MuitoBomPleno,V12,12,560,2500
CLIENTE650,MuitoBomPleno,V12,13,"557,6384656",1896
CLIENTE650,MuitoBomPleno,V12,14,"557,6384656",3000
CLIENTE650,MuitoBomPleno,V12,15,"557,6384656",3000
CLIENTE674,MuitoBomPleno,V5,5,"526,0671935","54,66419065"
CLIENTE674,MuitoBomPleno,V5,6,"526,0671935","61,60298885"
CLIENTE674,MuitoBomPleno,V5,7,"526,0671935","39,6798205"
CLIENTE674,MuitoBomPleno,V5,8,"526,0671935","54,66419065"
CLIENTE674,MuitoBomPleno,V5,9,"526,0671935","61,60298885"
CLIENTE674,MuitoBomPleno,V5,10,"526,0671935","39,6798205"
CLIENTE674,MuitoBomPleno,V5,11,"526,0671935","54,66419065"
CLIENTE674,MuitoBomPleno,V5,12,"526,0671935","61,60298885"
CLIENTE303,MuitoBomPleno,V5,5,"526,0671935","1187,477846"
CLIENTE303,MuitoBomPleno,V5,6,"526,0671935","1187,477846"
CLIENTE303,MuitoBomPleno,V5,7,"526,0671935","1187,477846"
CLIENTE303,MuitoBomPleno,V5,8,"526,0671935","1187,477846"
CLIENTE303,MuitoBomPleno,V5,9,"526,0671935","1187,477846"
CLIENTE303,MuitoBomPleno,V5,10,"526,0671935","1187,477846"
CLIENTE303,MuitoBomPleno,V5,11,"526,0671935","1187,477846"
CLIENTE303,MuitoBomPleno,V5,12,"526,0671935","1187,477846"
CLIENTE303,MuitoBomPleno,V16,3,"526,0671935",0
CLIENTE303,MuitoBomPleno,V16,4,"526,0671935",0
CLIENTE303,MuitoBomPleno,V16,5,"526,0671935","728,0950927"
CLIENTE303,MuitoBomPleno,V16,6,"526,0671935","728,0950927"
CLIENTE303,MuitoBomPleno,V16,7,"526,0671935","728,0950927"
CLIENTE303,MuitoBomPleno,V16,8,"526,0671935","728,0950927"
CLIENTE303,MuitoBomPleno,V16,9,"526,0671935","728,0950927"
CLIENTE303,MuitoBomPleno,V16,10,"526,0671935","728,0950927"
CLIENTE303,MuitoBomPleno,V16,11,"526,0671935","728,0950927"
CLIENTE303,MuitoBomPleno,V16,12,"526,0671935","728,0950927"
CLIENTE303,MuitoBomPleno,V16,15,"526,0671935","728,0950927"
CLIENTE303,MuitoBomPleno,V13,3,"526,0671935",0
CLIENTE303,MuitoBomPleno,V13,4,"526,0671935",0
CLIENTE303,MuitoBomPleno,V13,5,"526,0671935","359,3650309"
CLIENTE303,MuitoBomPleno,V13,6,"526,0671935","359,3650309"
CLIENTE303,MuitoBomPleno,V13,7,"526,0671935","359,3650309"
CLIENTE303,MuitoBomPleno,V13,8,"526,0671935","359,3650309"
CLIENTE303,MuitoBomPleno,V13,9,"526,0671935","359,3650309"
CLIENTE303,MuitoBomPleno,V13,10,"526,0671935","359,3650309"
CLIENTE303,MuitoBomPleno,V13,11,"526,0671935","359,3650309"
CLIENTE303,MuitoBomPleno,V13,12,"526,0671935","359,3650309"
CLIENTE303,MuitoBomPleno,V13,15,"526,0671935","359,3650309"
CLIENTE634,MuitoBomPleno,V16,5,"526,0671935","271,2197562"
CLIENTE634,MuitoBomPleno,V16,6,"526,0671935","305,6470317"
CLIENTE634,MuitoBomPleno,V16,7,"526,0671935","196,8738787"
CLIENTE634,MuitoBomPleno,V16,8,"526,0671935","271,2197562"
CLIENTE634,MuitoBomPleno,V16,9,"526,0671935","305,6470317"
CLIENTE634,MuitoBomPleno,V16,10,"526,0671935","196,8738787"
CLIENTE634,MuitoBomPleno,V16,11,"526,0671935","271,2197562"
CLIENTE634,MuitoBomPleno,V16,12,"522,210954","305,6470317"
CLIENTE468,MuitoBomPleno,V13,5,"526,0671935","147,1123375"
CLIENTE468,MuitoBomPleno,V13,6,"526,0671935","159,6719325"
CLIENTE468,MuitoBomPleno,V13,7,"526,0671935","117,6314061"
CLIENTE468,MuitoBomPleno,V13,8,"526,0671935","161,665429"
CLIENTE468,MuitoBomPleno,V13,9,"526,0671935","187,3055914"
CLIENTE468,MuitoBomPleno,V13,10,"526,0671935","167,6469679"
CLIENTE468,MuitoBomPleno,V13,11,"526,0671935","229,2754066"
CLIENTE468,MuitoBomPleno,V13,12,"526,0671935","200,3181186"
CLIENTE669,NaturalClaro,V1,6,"526,0671935",50
CLIENTE669,NaturalClaro,V1,9,"526,0671935",50
CLIENTE669,NaturalClaro,V1,12,"526,0671935",50
CLIENTE476,MuitoBomPleno,V16,3,"526,0671935",0
CLIENTE476,MuitoBomPleno,V16,4,"526,0671935",0
CLIENTE476,MuitoBomPleno,V16,5,"526,0671935","441,15"
CLIENTE476,MuitoBomPleno,V16,6,"526,0671935","441,15"
CLIENTE476,MuitoBomPleno,V16,7,"526,0671935","441,15"
CLIENTE476,MuitoBomPleno,V16,8,"526,0671935","441,15"
CLIENTE476,MuitoBomPleno,V16,9,"526,0671935","441,15"
CLIENTE476,MuitoBomPleno,V16,10,"526,0671935","441,15"
CLIENTE476,MuitoBomPleno,V16,11,"526,0671935","441,15"
CLIENTE476,MuitoBomPleno,V16,12,"526,0671935","441,15"
CLIENTE476,MuitoBomPleno,V16,15,"526,0671935","441,15"
CLIENTE476,MuitoBomPleno,V13,3,"526,0671935",0
CLIENTE476,MuitoBomPleno,V13,4,"526,0671935",0
CLIENTE476,MuitoBomPleno,V13,5,"526,0671935","441,15"
CLIENTE476,MuitoBomPleno,V13,6,"526,0671935","441,15"
CLIENTE476,MuitoBomPleno,V13,7,"526,0671935","441,15"
CLIENTE476,MuitoBomPleno,V13,8,"526,0671935","441,15"
CLIENTE476,MuitoBomPleno,V13,9,"526,0671935","441,15"
CLIENTE476,MuitoBomPleno,V13,10,"526,0671935","441,15"
CLIENTE476,MuitoBomPleno,V13,11,"526,0671935","441,15"
CLIENTE476,MuitoBomPleno,V13,12,"526,0671935","441,15"
CLIENTE476,MuitoBomPleno,V13,15,"526,0671935","441,15"
CLIENTE588,MuitoBomPleno,V16,6,"526,0671935","16872,75661"
CLIENTE588,MuitoBomPleno,V16,8,"526,0671935","13691,25444"
CLIENTE588,MuitoBomPleno,V16,10,"526,0671935","14698,21662"
CLIENTE588,MuitoBomPleno,V16,12,"522,210954","16872,75661"
CLIENTE360,MuitoBomPleno,V5,5,"526,0671935","633,6324722"
CLIENTE360,MuitoBomPleno,V5,6,"526,0671935","633,6324722"
CLIENTE360,MuitoBomPleno,V5,7,"526,0671935","633,6324722"
CLIENTE360,MuitoBomPleno,V5,8,"526,0671935","633,6324722"
CLIENTE360,MuitoBomPleno,V5,9,"526,0671935","633,6324722"
CLIENTE360,MuitoBomPleno,V5,10,"526,0671935","633,6324722"
CLIENTE360,MuitoBomPleno,V5,11,"526,0671935","633,6324722"
CLIENTE360,MuitoBomPleno,V5,12,"522,210954","633,6324722"
CLIENTE360,MuitoBomPleno,V16,5,"526,0671935","378,2435833"
CLIENTE360,MuitoBomPleno,V16,6,"526,0671935","378,2435833"
CLIENTE360,MuitoBomPleno,V16,7,"526,0671935","378,2435833"
CLIENTE360,MuitoBomPleno,V16,8,"526,0671935","378,2435833"
CLIENTE360,MuitoBomPleno,V16,9,"526,0671935","378,2435833"
CLIENTE360,MuitoBomPleno,V16,10,"526,0671935","378,2435833"
CLIENTE360,MuitoBomPleno,V16,11,"526,0671935","378,2435833"
CLIENTE360,MuitoBomPleno,V16,12,"522,210954","378,2435833"
CLIENTE350,MuitoBomPleno,V16,6,"526,0671935","5016,82213"
CLIENTE350,MuitoBomPleno,V16,8,"526,0671935","5016,82213"
CLIENTE350,MuitoBomPleno,V16,10,"526,0671935","5016,82213"
CLIENTE350,MuitoBomPleno,V16,12,"526,0671935","5016,82213"
CLIENTE475,MuitoBomPleno,V5,5,"526,0671935","2175,925926"
CLIENTE475,MuitoBomPleno,V5,6,"526,0671935","2175,925926"
CLIENTE475,MuitoBomPleno,V5,7,"526,0671935","2175,925926"
CLIENTE475,MuitoBomPleno,V5,8,"526,0671935","2175,925926"
CLIENTE475,MuitoBomPleno,V16,9,"526,0671935","2175,925926"
CLIENTE475,MuitoBomPleno,V16,10,"526,0671935","2175,925926"
CLIENTE475,MuitoBomPleno,V16,11,"526,0671935","2175,925926"
CLIENTE475,MuitoBomPleno,V16,12,"522,210954","2175,925926"
CLIENTE109,MuitoBomPleno,V5,5,"526,0671935","2271,111111"
CLIENTE109,MuitoBomPleno,V5,6,"526,0671935","2271,111111"
CLIENTE109,MuitoBomPleno,V5,7,"526,0671935","2271,111111"
CLIENTE109,MuitoBomPleno,V5,8,"526,0671935","2271,111111"
CLIENTE109,MuitoBomPleno,V5,9,"526,0671935","2271,111111"
CLIENTE109,MuitoBomPleno,V5,10,"526,0671935","2271,111111"
CLIENTE109,MuitoBomPleno,V5,11,"526,0671935","2271,111111"
CLIENTE109,MuitoBomPleno,V5,12,"526,0671935","2271,111111"
CLIENTE109,MuitoBomPleno,V16,3,"526,0671935",0
CLIENTE109,MuitoBomPleno,V16,4,"526,0671935",0
CLIENTE109,MuitoBomPleno,V16,5,"526,0671935","1161,793482"
CLIENTE109,MuitoBomPleno,V16,6,"526,0671935","1175,186212"
CLIENTE109,MuitoBomPleno,V16,7,"526,0671935","1136,366931"
CLIENTE109,MuitoBomPleno,V16,8,"526,0671935","1174,268697"
CLIENTE109,MuitoBomPleno,V16,9,"526,0671935","1191,819832"
CLIENTE109,MuitoBomPleno,V16,10,"526,0671935","1165,475766"
CLIENTE109,MuitoBomPleno,V16,11,"526,0671935","1203,377532"
CLIENTE109,MuitoBomPleno,V16,12,"526,0671935","1191,819832"
CLIENTE109,MuitoBomPleno,V16,15,"526,0671935",1036
CLIENTE647,MuitoBomPleno,V16,5,"526,0671935","233,687046"
CLIENTE647,MuitoBomPleno,V16,6,"526,0671935","263,3501076"
CLIENTE647,MuitoBomPleno,V16,7,"526,0671935","169,629513"
CLIENTE647,MuitoBomPleno,V16,8,"526,0671935","233,687046"
CLIENTE647,MuitoBomPleno,V16,9,"526,0671935","263,3501076"
CLIENTE647,MuitoBomPleno,V16,10,"526,0671935","169,629513"
CLIENTE647,MuitoBomPleno,V16,11,"526,0671935","233,687046"
CLIENTE647,MuitoBomPleno,V16,12,"526,0671935","263,3501076"
CLIENTE566,MuitoBomPleno,V5,5,"526,0671935","1168,43523"
CLIENTE566,MuitoBomPleno,V5,6,"526,0671935","1316,750538"
CLIENTE566,MuitoBomPleno,V5,7,"526,0671935","848,1475651"
CLIENTE566,MuitoBomPleno,V5,8,"526,0671935","1168,43523"
CLIENTE566,MuitoBomPleno,V5,9,"526,0671935","1316,750538"
CLIENTE566,MuitoBomPleno,V5,10,"526,0671935","848,1475651"
CLIENTE566,MuitoBomPleno,V5,11,"526,0671935","1168,43523"
CLIENTE566,MuitoBomPleno,V5,12,"522,210954","1316,750538"
CLIENTE187,OpacoManso,V1,3,"557,6384656",120
CLIENTE187,OpacoManso,V1,15,"557,6384656",120
CLIENTE187,ExcelenteSupremo,V2,2,"557,6384656","1200,333333"
CLIENTE187,ExcelenteSupremo,V2,3,"557,6384656","1200,333333"
CLIENTE187,ExcelenteSupremo,V2,4,"557,6384656","1200,333333"
CLIENTE187,ExcelenteSupremo,V2,5,"557,6384656","1200,333333"
CLIENTE187,ExcelenteSupremo,V2,6,"557,6384656","1200,333333"
CLIENTE187,ExcelenteSupremo,V2,7,"557,6384656","1443,333333"
CLIENTE187,ExcelenteSupremo,V2,8,"557,6384656","1443,333333"
CLIENTE187,ExcelenteSupremo,V2,9,"557,6384656","1443,333333"
CLIENTE187,ExcelenteSupremo,V2,10,"557,6384656","1443,333333"
CLIENTE187,ExcelenteSupremo,V2,11,"557,6384656","1443,333333"
CLIENTE187,ExcelenteSupremo,V2,12,"531,9","1437,333333"
CLIENTE187,ExcelenteSupremo,V2,14,"557,6384656","1200,333333"
CLIENTE187,ExcelenteSupremo,V2,15,"557,6384656","1200,333333"
CLIENTE187,ResistenteFirme,V2,1,"557,6384656",180
CLIENTE187,ResistenteFirme,V2,2,"557,6384656",180
CLIENTE187,ResistenteFirme,V2,3,"557,6384656",180
CLIENTE187,ResistenteFirme,V2,4,"557,6384656",180
CLIENTE187,ResistenteFirme,V2,5,"557,6384656",180
CLIENTE187,ResistenteFirme,V2,6,"557,6384656",180
CLIENTE187,ResistenteFirme,V2,7,"557,6384656",180
CLIENTE187,ResistenteFirme,V2,8,"557,6384656",180
CLIENTE187,ResistenteFirme,V2,9,"557,6384656",180
CLIENTE187,ResistenteFirme,V2,10,"557,6384656",180
CLIENTE187,ResistenteFirme,V2,11,"557,6384656",180
CLIENTE187,ResistenteFirme,V2,12,"531,9",180
CLIENTE187,ResistenteFirme,V2,13,"557,6384656",180
CLIENTE187,ResistenteFirme,V2,14,"557,6384656",180
CLIENTE187,ResistenteFirme,V2,15,"557,6384656",180
CLIENTE187,PuroAustero,V3,1,"557,6384656",45
CLIENTE187,PuroAustero,V3,2,"557,6384656",45
CLIENTE187,PuroAustero,V3,3,"557,6384656",45
CLIENTE187,PuroAustero,V3,4,"557,6384656",45
CLIENTE187,PuroAustero,V3,5,"557,6384656",45
CLIENTE187,PuroAustero,V3,6,"557,6384656",45
CLIENTE187,PuroAustero,V3,7,"557,6384656",45
CLIENTE187,PuroAustero,V3,8,"557,6384656",45
CLIENTE187,PuroAustero,V3,9,"557,6384656",45
CLIENTE187,PuroAustero,V3,10,"557,6384656",45
CLIENTE187,PuroAustero,V3,11,"557,6384656",45
CLIENTE187,PuroAustero,V3,12,"531,9",45
CLIENTE187,PuroAustero,V3,13,"557,6384656",45
CLIENTE187,PuroAustero,V3,14,"557,6384656",45
CLIENTE187,PuroAustero,V3,15,"557,6384656",45
CLIENTE187,ArtificialZero,V2,1,"557,6384656",1200
CLIENTE187,ArtificialZero,V2,13,"557,6384656",1200
CLIENTE110,MuitoBomPleno,V13,2,"557,6384656",444
CLIENTE110,MuitoBomPleno,V13,14,"557,6384656",444
CLIENTE110,MuitoBomPleno,V15,1,"557,6384656","928,8301791"
CLIENTE110,MuitoBomPleno,V15,2,"557,6384656","569,8301791"
CLIENTE110,MuitoBomPleno,V15,3,"557,6384656","2346,830179"
CLIENTE110,MuitoBomPleno,V15,4,"557,6384656","1549,490179"
CLIENTE110,MuitoBomPleno,V15,5,"557,6384656","1549,490179"
CLIENTE110,MuitoBomPleno,V15,6,"557,6384656","1549,490179"
CLIENTE110,MuitoBomPleno,V15,7,"557,6384656","1549,490179"
CLIENTE110,MuitoBomPleno,V15,8,"557,6384656","1549,490179"
CLIENTE110,MuitoBomPleno,V15,9,"557,6384656","1549,490179"
CLIENTE110,MuitoBomPleno,V15,10,"557,6384656","1970,150179"
CLIENTE110,MuitoBomPleno,V15,11,"557,6384656","1970,150179"
CLIENTE110,MuitoBomPleno,V15,12,572,"1970,150179"
CLIENTE110,MuitoBomPleno,V15,13,"557,6384656","928,8301791"
CLIENTE110,MuitoBomPleno,V15,14,"557,6384656","569,8301791"
CLIENTE110,MuitoBomPleno,V15,15,"557,6384656","2346,830179"
CLIENTE330,MuitoBomPleno,V16,1,"557,6384656",240
CLIENTE330,MuitoBomPleno,V16,2,"557,6384656",300
CLIENTE330,MuitoBomPleno,V16,3,"557,6384656",390
CLIENTE330,MuitoBomPleno,V16,4,"557,6384656",450
CLIENTE330,MuitoBomPleno,V16,13,"557,6384656",240
CLIENTE330,MuitoBomPleno,V16,14,"557,6384656",300
CLIENTE330,MuitoBomPleno,V16,15,"557,6384656",390
CLIENTE569,MuitoBomPleno,V16,3,"557,6384656",548
CLIENTE569,MuitoBomPleno,V16,4,"557,6384656",273
CLIENTE569,MuitoBomPleno,V16,5,"557,6384656",273
CLIENTE569,MuitoBomPleno,V16,6,"557,6384656",273
CLIENTE569,MuitoBomPleno,V16,7,"557,6384656",273
CLIENTE569,MuitoBomPleno,V16,8,"557,6384656",273
CLIENTE569,MuitoBomPleno,V16,9,"557,6384656",273
CLIENTE569,MuitoBomPleno,V16,10,"557,6384656",273
CLIENTE569,MuitoBomPleno,V16,11,"557,6384656",273
CLIENTE569,MuitoBomPleno,V16,12,"588,6",273
CLIENTE569,MuitoBomPleno,V16,15,"557,6384656",548
CLIENTE435,MuitoBomPleno,V16,1,"557,6384656",240
CLIENTE435,MuitoBomPleno,V16,13,"557,6384656",240
CLIENTE435,MuitoBomPleno,V15,2,"557,6384656",300
CLIENTE435,MuitoBomPleno,V15,3,"557,6384656",450
CLIENTE435,MuitoBomPleno,V15,4,"557,6384656",270
CLIENTE435,MuitoBomPleno,V15,14,"557,6384656",300
CLIENTE435,MuitoBomPleno,V15,15,"557,6384656",450
CLIENTE318,ExcelenteSupremo,V2,1,"557,6384656","883,3333333"
CLIENTE318,ExcelenteSupremo,V2,2,"557,6384656","883,3333333"
CLIENTE318,ExcelenteSupremo,V2,3,"557,6384656","883,3333333"
CLIENTE318,ExcelenteSupremo,V2,4,"557,6384656","883,3333333"
CLIENTE318,ExcelenteSupremo,V2,5,"557,6384656","883,3333333"
CLIENTE318,ExcelenteSupremo,V2,6,"557,6384656","883,3333333"
CLIENTE318,ExcelenteSupremo,V2,7,"557,6384656","883,3333333"
CLIENTE318,ExcelenteSupremo,V2,8,"557,6384656","883,3333333"
CLIENTE318,ExcelenteSupremo,V2,9,"557,6384656","883,3333333"
CLIENTE318,ExcelenteSupremo,V2,10,"557,6384656","883,3333333"
CLIENTE318,ExcelenteSupremo,V2,11,"557,6384656","883,3333333"
CLIENTE318,ExcelenteSupremo,V2,12,"479,4086842","883,3333333"
CLIENTE318,ExcelenteSupremo,V2,13,"557,6384656","883,3333333"
CLIENTE318,ExcelenteSupremo,V2,14,"557,6384656","883,3333333"
CLIENTE318,ExcelenteSupremo,V2,15,"557,6384656","883,3333333"
CLIENTE318,PuroAustero,V3,1,"557,6384656","300,3333333"
CLIENTE318,PuroAustero,V3,2,"557,6384656","233,3333333"
CLIENTE318,PuroAustero,V3,3,"557,6384656","433,3333333"
CLIENTE318,PuroAustero,V3,4,"557,6384656","433,3333333"
CLIENTE318,PuroAustero,V3,5,"557,6384656","433,3333333"
CLIENTE318,PuroAustero,V3,6,"557,6384656","433,3333333"
CLIENTE318,PuroAustero,V3,7,"557,6384656","433,3333333"
CLIENTE318,PuroAustero,V3,8,"557,6384656","433,3333333"
CLIENTE318,PuroAustero,V3,9,"557,6384656","433,3333333"
CLIENTE318,PuroAustero,V3,10,"557,6384656","433,3333333"
CLIENTE318,PuroAustero,V3,11,"557,6384656","433,3333333"
CLIENTE318,PuroAustero,V3,12,"479,4086842","433,3333333"
CLIENTE318,PuroAustero,V3,13,"557,6384656","300,3333333"
CLIENTE318,PuroAustero,V3,14,"557,6384656","233,3333333"
CLIENTE318,PuroAustero,V3,15,"557,6384656","433,3333333"
CLIENTE318,ArtificialTres,V2,1,"557,6384656",300
CLIENTE318,ArtificialTres,V2,13,"557,6384656",300
CLIENTE178,MuitoBomPleno,V15,1,"557,6384656","346,9508332"
CLIENTE178,MuitoBomPleno,V15,2,"557,6384656","1146,950833"
CLIENTE178,MuitoBomPleno,V15,3,"557,6384656","1946,950833"
CLIENTE178,MuitoBomPleno,V15,4,"557,6384656","1373,590833"
CLIENTE178,MuitoBomPleno,V15,5,"557,6384656","1373,590833"
CLIENTE178,MuitoBomPleno,V15,6,"557,6384656","1373,590833"
CLIENTE178,MuitoBomPleno,V15,7,"557,6384656","1373,590833"
CLIENTE178,MuitoBomPleno,V15,8,"557,6384656","1373,590833"
CLIENTE178,MuitoBomPleno,V15,9,"557,6384656","1373,590833"
CLIENTE178,MuitoBomPleno,V15,10,"557,6384656","1600,230833"
CLIENTE178,MuitoBomPleno,V15,11,"557,6384656","1600,230833"
CLIENTE178,MuitoBomPleno,V15,12,"557,6384656","1600,230833"
CLIENTE178,MuitoBomPleno,V15,13,"557,6384656","346,9508332"
CLIENTE178,MuitoBomPleno,V15,14,"557,6384656","1146,950833"
CLIENTE178,MuitoBomPleno,V15,15,"557,6384656","1946,950833"
CLIENTE112,ExcelenteSupremo,V2,2,"557,6384656",1950
CLIENTE112,ExcelenteSupremo,V2,3,"557,6384656",1950
CLIENTE112,ExcelenteSupremo,V2,4,"557,6384656",1950
CLIENTE112,ExcelenteSupremo,V2,5,"557,6384656",1950
CLIENTE112,ExcelenteSupremo,V2,6,"557,6384656",1950
CLIENTE112,ExcelenteSupremo,V2,7,"557,6384656",1950
CLIENTE112,ExcelenteSupremo,V2,8,"557,6384656",1950
CLIENTE112,ExcelenteSupremo,V2,9,"557,6384656",1950
CLIENTE112,ExcelenteSupremo,V2,10,"557,6384656",1950
CLIENTE112,ExcelenteSupremo,V2,11,"557,6384656",1950
CLIENTE112,ExcelenteSupremo,V2,12,561,3900
CLIENTE112,ExcelenteSupremo,V2,14,"557,6384656",1950
CLIENTE112,ExcelenteSupremo,V2,15,"557,6384656",1950
CLIENTE410,MuitoBomPleno,V15,1,"557,6384656","14,77711187"
CLIENTE410,MuitoBomPleno,V15,2,"557,6384656","14,77711187"
CLIENTE410,MuitoBomPleno,V15,3,"557,6384656","14,77711187"
CLIENTE410,MuitoBomPleno,V15,4,"557,6384656","17,69711187"
CLIENTE410,MuitoBomPleno,V15,5,"557,6384656","17,69711187"
CLIENTE410,MuitoBomPleno,V15,6,"557,6384656","17,69711187"
CLIENTE410,MuitoBomPleno,V15,7,"557,6384656","17,69711187"
CLIENTE410,MuitoBomPleno,V15,8,"557,6384656","17,69711187"
CLIENTE410,MuitoBomPleno,V15,9,"557,6384656","17,69711187"
CLIENTE410,MuitoBomPleno,V15,10,"557,6384656","20,61711187"
CLIENTE410,MuitoBomPleno,V15,11,"557,6384656","20,61711187"
CLIENTE410,MuitoBomPleno,V15,12,"557,6384656","20,61711187"
CLIENTE410,MuitoBomPleno,V15,13,"557,6384656","14,77711187"
CLIENTE410,MuitoBomPleno,V15,14,"557,6384656","14,77711187"
CLIENTE410,MuitoBomPleno,V15,15,"557,6384656","14,77711187"
CLIENTE113,ExcelenteSupremo,V2,2,"557,6384656",510
CLIENTE113,ExcelenteSupremo,V2,3,"557,6384656",510
CLIENTE113,ExcelenteSupremo,V2,4,"557,6384656",510
CLIENTE113,ExcelenteSupremo,V2,5,"557,6384656",510
CLIENTE113,ExcelenteSupremo,V2,6,"557,6384656",510
CLIENTE113,ExcelenteSupremo,V2,7,"557,6384656",510
CLIENTE113,ExcelenteSupremo,V2,8,"557,6384656",510
CLIENTE113,ExcelenteSupremo,V2,9,"557,6384656",510
CLIENTE113,ExcelenteSupremo,V2,10,"557,6384656",510
CLIENTE113,ExcelenteSupremo,V2,11,"557,6384656",510
CLIENTE113,ExcelenteSupremo,V2,12,561,1020
CLIENTE113,ExcelenteSupremo,V2,14,"557,6384656",510
CLIENTE113,ExcelenteSupremo,V2,15,"557,6384656",510
CLIENTE447,MuitoBomPleno,V15,1,"557,6384656","768,712912"
CLIENTE447,MuitoBomPleno,V15,2,"557,6384656","2366,712912"
CLIENTE447,MuitoBomPleno,V15,3,"557,6384656","1988,712912"
CLIENTE447,MuitoBomPleno,V15,4,"557,6384656","899,412912"
CLIENTE447,MuitoBomPleno,V15,5,"557,6384656","1519,412912"
CLIENTE447,MuitoBomPleno,V15,6,"557,6384656","1519,412912"
CLIENTE447,MuitoBomPleno,V15,7,"557,6384656","1519,412912"
CLIENTE447,MuitoBomPleno,V15,8,"557,6384656","1519,412912"
CLIENTE447,MuitoBomPleno,V15,9,"557,6384656","1519,412912"
CLIENTE447,MuitoBomPleno,V15,10,"557,6384656","770,112912"
CLIENTE447,MuitoBomPleno,V15,11,"557,6384656","770,112912"
CLIENTE447,MuitoBomPleno,V15,12,"557,6384656","770,112912"
CLIENTE447,MuitoBomPleno,V15,13,"557,6384656","768,712912"
CLIENTE447,MuitoBomPleno,V15,14,"557,6384656","2366,712912"
CLIENTE447,MuitoBomPleno,V15,15,"557,6384656","1988,712912"
CLIENTE217,MuitoBomPleno,V12,3,"557,6384656",1125
CLIENTE217,MuitoBomPleno,V12,4,"557,6384656",375
CLIENTE217,MuitoBomPleno,V12,5,"557,6384656",375
CLIENTE217,MuitoBomPleno,V12,6,"557,6384656",375
CLIENTE217,MuitoBomPleno,V12,7,"557,6384656",375
CLIENTE217,MuitoBomPleno,V12,8,"557,6384656",375
CLIENTE217,MuitoBomPleno,V12,9,"557,6384656",375
CLIENTE217,MuitoBomPleno,V12,10,"557,6384656",375
CLIENTE217,MuitoBomPleno,V12,11,"557,6384656",375
CLIENTE217,MuitoBomPleno,V12,12,"557,6384656",375
CLIENTE217,MuitoBomPleno,V12,15,"557,6384656",1125
CLIENTE340,MuitoBomPleno,V16,1,"557,6384656",240
CLIENTE340,MuitoBomPleno,V16,2,"557,6384656",300
CLIENTE340,MuitoBomPleno,V16,3,"557,6384656",240
CLIENTE340,MuitoBomPleno,V16,4,"557,6384656",180
CLIENTE340,MuitoBomPleno,V16,13,"557,6384656",240
CLIENTE340,MuitoBomPleno,V16,14,"557,6384656",300
CLIENTE340,MuitoBomPleno,V16,15,"557,6384656",240
CLIENTE114,OpacoManso,V1,3,"557,6384656","399,9999176"
CLIENTE114,OpacoManso,V1,15,"557,6384656","399,9999176"
CLIENTE114,NaturalClaro,V1,1,"557,6384656","199,9999176"
CLIENTE114,NaturalClaro,V1,4,"557,6384656","199,9999176"
CLIENTE114,NaturalClaro,V1,5,"557,6384656","199,9999176"
CLIENTE114,NaturalClaro,V1,6,"557,6384656","199,9999176"
CLIENTE114,NaturalClaro,V1,7,"557,6384656","199,9999176"
CLIENTE114,NaturalClaro,V1,8,"557,6384656","199,9999176"
CLIENTE114,NaturalClaro,V1,9,"557,6384656","199,9999176"
CLIENTE114,NaturalClaro,V1,10,"557,6384656","199,9999176"
CLIENTE114,NaturalClaro,V1,11,"557,6384656","199,9999176"
CLIENTE114,NaturalClaro,V1,12,"427,2060429","199,9999176"
CLIENTE114,NaturalClaro,V1,13,"557,6384656","199,9999176"
CLIENTE114,MuitoBomPleno,V12,1,"557,6384656","4599,692099"
CLIENTE114,MuitoBomPleno,V12,2,"557,6384656","5499,692099"
CLIENTE114,MuitoBomPleno,V12,3,"557,6384656","4499,692099"
CLIENTE114,MuitoBomPleno,V12,4,"557,6384656",4400
CLIENTE114,MuitoBomPleno,V12,5,"557,6384656",4400
CLIENTE114,MuitoBomPleno,V12,6,"557,6384656",4400
CLIENTE114,MuitoBomPleno,V12,7,"557,6384656",4400
CLIENTE114,MuitoBomPleno,V12,8,"557,6384656",4400
CLIENTE114,MuitoBomPleno,V12,9,"557,6384656",4400
CLIENTE114,MuitoBomPleno,V12,10,"557,6384656",4400
CLIENTE114,MuitoBomPleno,V12,11,"557,6384656",4400
CLIENTE114,MuitoBomPleno,V12,12,"427,2060429",4400
CLIENTE114,MuitoBomPleno,V12,13,"557,6384656","4599,692099"
CLIENTE114,MuitoBomPleno,V12,14,"557,6384656","5499,692099"
CLIENTE114,MuitoBomPleno,V12,15,"557,6384656","4499,692099"
CLIENTE114,ImpuroVibrante,V9,1,"557,6384656","240,4954124"
CLIENTE114,ImpuroVibrante,V9,2,"557,6384656","240,4954124"
CLIENTE114,ImpuroVibrante,V9,3,"557,6384656","211,4954124"
CLIENTE114,ImpuroVibrante,V9,4,"557,6384656","211,4954124"
CLIENTE114,ImpuroVibrante,V9,5,"557,6384656","211,4954124"
CLIENTE114,ImpuroVibrante,V9,6,"557,6384656","211,4954124"
CLIENTE114,ImpuroVibrante,V9,7,"557,6384656","211,4954124"
CLIENTE114,ImpuroVibrante,V9,8,"557,6384656","211,4954124"
CLIENTE114,ImpuroVibrante,V9,9,"557,6384656","211,4954124"
CLIENTE114,ImpuroVibrante,V9,10,"557,6384656","211,4954124"
CLIENTE114,ImpuroVibrante,V9,11,"557,6384656","211,4954124"
CLIENTE114,ImpuroVibrante,V9,12,"427,2060429","211,4954124"
CLIENTE114,ImpuroVibrante,V9,13,"557,6384656","240,4954124"
CLIENTE114,ImpuroVibrante,V9,14,"557,6384656","240,4954124"
CLIENTE114,ImpuroVibrante,V9,15,"557,6384656","211,4954124"
CLIENTE115,MuitoBomPleno,V16,1,"557,6384656",462
CLIENTE115,MuitoBomPleno,V16,2,"557,6384656",450
CLIENTE115,MuitoBomPleno,V16,3,"557,6384656",450
CLIENTE115,MuitoBomPleno,V16,4,"557,6384656",450
CLIENTE115,MuitoBomPleno,V16,5,"557,6384656",450
CLIENTE115,MuitoBomPleno,V16,6,"557,6384656",450
CLIENTE115,MuitoBomPleno,V16,7,"557,6384656",450
CLIENTE115,MuitoBomPleno,V16,8,"557,6384656",450
CLIENTE115,MuitoBomPleno,V16,9,"557,6384656",450
CLIENTE115,MuitoBomPleno,V16,10,"557,6384656",450
CLIENTE115,MuitoBomPleno,V16,11,"557,6384656",450
CLIENTE115,MuitoBomPleno,V16,12,"579,3375905",450
CLIENTE115,MuitoBomPleno,V16,13,"557,6384656",462
CLIENTE115,MuitoBomPleno,V16,14,"557,6384656",450
CLIENTE115,MuitoBomPleno,V16,15,"557,6384656",450
CLIENTE115,ExcelenteSupremo,V1,1,"557,6384656",8
CLIENTE115,ExcelenteSupremo,V1,13,"557,6384656",8
CLIENTE115,PuroAustero,V3,1,"557,6384656",800
CLIENTE115,PuroAustero,V3,2,"557,6384656",800
CLIENTE115,PuroAustero,V3,3,"557,6384656",800
CLIENTE115,PuroAustero,V3,4,"557,6384656",800
CLIENTE115,PuroAustero,V3,5,"557,6384656",800
CLIENTE115,PuroAustero,V3,6,"557,6384656",800
CLIENTE115,PuroAustero,V3,7,"557,6384656",800
CLIENTE115,PuroAustero,V3,8,"557,6384656",800
CLIENTE115,PuroAustero,V3,9,"557,6384656",800
CLIENTE115,PuroAustero,V3,10,"557,6384656",800
CLIENTE115,PuroAustero,V3,11,"557,6384656",800
CLIENTE115,PuroAustero,V3,12,"579,3375905",800
CLIENTE115,PuroAustero,V3,13,"557,6384656",800
CLIENTE115,PuroAustero,V3,14,"557,6384656",800
CLIENTE115,PuroAustero,V3,15,"557,6384656",800
CLIENTE584,MuitoBomPleno,V16,3,"557,6384656",2970
CLIENTE584,MuitoBomPleno,V16,4,"557,6384656",1970
CLIENTE584,MuitoBomPleno,V16,5,"557,6384656",1970
CLIENTE584,MuitoBomPleno,V16,6,"557,6384656",1970
CLIENTE584,MuitoBomPleno,V16,7,"557,6384656",1970
CLIENTE584,MuitoBomPleno,V16,8,"557,6384656",1970
CLIENTE584,MuitoBomPleno,V16,9,"557,6384656",1970
CLIENTE584,MuitoBomPleno,V16,10,"557,6384656",1970
CLIENTE584,MuitoBomPleno,V16,11,"557,6384656",1970
CLIENTE584,MuitoBomPleno,V16,12,"588,6",1970
CLIENTE584,MuitoBomPleno,V16,15,"557,6384656",2970
CLIENTE448,MuitoBomPleno,V15,1,"557,6384656","140,6275147"
CLIENTE448,MuitoBomPleno,V15,2,"557,6384656","140,6275147"
CLIENTE448,MuitoBomPleno,V15,3,"557,6384656","140,6275147"
CLIENTE448,MuitoBomPleno,V15,4,"557,6384656","168,4175147"
CLIENTE448,MuitoBomPleno,V15,5,"557,6384656","168,4175147"
CLIENTE448,MuitoBomPleno,V15,6,"557,6384656","168,4175147"
CLIENTE448,MuitoBomPleno,V15,7,"557,6384656","168,4175147"
CLIENTE448,MuitoBomPleno,V15,8,"557,6384656","168,4175147"
CLIENTE448,MuitoBomPleno,V15,9,"557,6384656","168,4175147"
CLIENTE448,MuitoBomPleno,V15,10,"557,6384656","196,2075147"
CLIENTE448,MuitoBomPleno,V15,11,"557,6384656","196,2075147"
CLIENTE448,MuitoBomPleno,V15,12,"572,0485167","196,2075147"
CLIENTE448,MuitoBomPleno,V15,13,"557,6384656","140,6275147"
CLIENTE448,MuitoBomPleno,V15,14,"557,6384656","140,6275147"
CLIENTE448,MuitoBomPleno,V15,15,"557,6384656","140,6275147"
CLIENTE188,MuitoBomPleno,V16,1,"557,6384656","2850,333337"
CLIENTE188,MuitoBomPleno,V16,2,"557,6384656","3810,333337"
CLIENTE188,MuitoBomPleno,V16,3,"557,6384656","3833,333337"
CLIENTE188,MuitoBomPleno,V16,4,"557,6384656","3833,333337"
CLIENTE188,MuitoBomPleno,V16,5,"557,6384656","3833,333337"
CLIENTE188,MuitoBomPleno,V16,6,"557,6384656","3833,333337"
CLIENTE188,MuitoBomPleno,V16,7,"557,6384656","3833,333337"
CLIENTE188,MuitoBomPleno,V16,8,"557,6384656","3833,333337"
CLIENTE188,MuitoBomPleno,V16,9,"557,6384656","3833,333337"
CLIENTE188,MuitoBomPleno,V16,10,"557,6384656","3833,333337"
CLIENTE188,MuitoBomPleno,V16,11,"557,6384656","3833,333337"
CLIENTE188,MuitoBomPleno,V16,12,595,"3833,333337"
CLIENTE188,MuitoBomPleno,V16,13,"557,6384656","2850,333337"
CLIENTE188,MuitoBomPleno,V16,14,"557,6384656","3810,333337"
CLIENTE188,MuitoBomPleno,V16,15,"557,6384656","3833,333337"
CLIENTE188,ResistenteFirme,V2,4,"557,6384656","266,67"
CLIENTE188,ResistenteFirme,V2,5,"557,6384656","266,67"
CLIENTE188,ResistenteFirme,V2,6,"557,6384656","266,67"
CLIENTE188,ResistenteFirme,V2,7,"557,6384656","266,67"
CLIENTE188,ResistenteFirme,V2,8,"557,6384656","266,67"
CLIENTE188,ResistenteFirme,V2,9,"557,6384656","266,67"
CLIENTE188,ResistenteFirme,V2,10,"557,6384656","266,67"
CLIENTE188,ResistenteFirme,V2,11,"557,6384656","266,67"
CLIENTE188,ResistenteFirme,V2,12,595,"266,67"
CLIENTE116,NaturalClaro,V1,1,"557,6384656",34
CLIENTE116,NaturalClaro,V1,2,"557,6384656",34
CLIENTE116,NaturalClaro,V1,3,"557,6384656",34
CLIENTE116,NaturalClaro,V1,4,"557,6384656",34
CLIENTE116,NaturalClaro,V1,5,"557,6384656",34
CLIENTE116,NaturalClaro,V1,6,"557,6384656",34
CLIENTE116,NaturalClaro,V1,7,"557,6384656",34
CLIENTE116,NaturalClaro,V1,8,"557,6384656",34
CLIENTE116,NaturalClaro,V1,9,"557,6384656",34
CLIENTE116,NaturalClaro,V1,10,"557,6384656",34
CLIENTE116,NaturalClaro,V1,11,"557,6384656",34
CLIENTE116,NaturalClaro,V1,12,"557,6384656",34
CLIENTE116,NaturalClaro,V1,13,"557,6384656",34
CLIENTE116,NaturalClaro,V1,14,"557,6384656",34
CLIENTE116,NaturalClaro,V1,15,"557,6384656",34
CLIENTE116,ExcelenteSupremo,V2,1,"557,6384656","1616,333333"
CLIENTE116,ExcelenteSupremo,V2,2,"557,6384656","1616,333333"
CLIENTE116,ExcelenteSupremo,V2,3,"557,6384656","1616,333333"
CLIENTE116,ExcelenteSupremo,V2,4,"557,6384656","2483,333333"
CLIENTE116,ExcelenteSupremo,V2,5,"557,6384656","2483,333333"
CLIENTE116,ExcelenteSupremo,V2,6,"557,6384656","2483,333333"
CLIENTE116,ExcelenteSupremo,V2,7,"557,6384656","2483,333333"
CLIENTE116,ExcelenteSupremo,V2,8,"557,6384656","2483,333333"
CLIENTE116,ExcelenteSupremo,V2,9,"557,6384656","2483,333333"
CLIENTE116,ExcelenteSupremo,V2,10,"557,6384656","1612,333333"
CLIENTE116,ExcelenteSupremo,V2,11,"557,6384656","1612,333333"
CLIENTE116,ExcelenteSupremo,V2,12,"557,6384656","1612,333333"
CLIENTE116,ExcelenteSupremo,V2,13,"557,6384656","1616,333333"
CLIENTE116,ExcelenteSupremo,V2,14,"557,6384656","1616,333333"
CLIENTE116,ExcelenteSupremo,V2,15,"557,6384656","1616,333333"
CLIENTE116,ResistenteFirme,V2,1,"557,6384656","2000,333333"
CLIENTE116,ResistenteFirme,V2,2,"557,6384656","2200,333333"
CLIENTE116,ResistenteFirme,V2,3,"557,6384656","2200,333333"
CLIENTE116,ResistenteFirme,V2,4,"557,6384656","2033,333333"
CLIENTE116,ResistenteFirme,V2,5,"557,6384656","1633,333333"
CLIENTE116,ResistenteFirme,V2,6,"557,6384656","1633,333333"
CLIENTE116,ResistenteFirme,V2,7,"557,6384656","1633,333333"
CLIENTE116,ResistenteFirme,V2,8,"557,6384656","1633,333333"
CLIENTE116,ResistenteFirme,V2,9,"557,6384656","1633,333333"
CLIENTE116,ResistenteFirme,V2,10,"557,6384656","1633,333333"
CLIENTE116,ResistenteFirme,V2,11,"557,6384656","1633,333333"
CLIENTE116,ResistenteFirme,V2,12,"557,6384656","1633,333333"
CLIENTE116,ResistenteFirme,V2,13,"557,6384656","2000,333333"
CLIENTE116,ResistenteFirme,V2,14,"557,6384656","2200,333333"
CLIENTE116,ResistenteFirme,V2,15,"557,6384656","2200,333333"
CLIENTE116,PuroAustero,V3,1,"557,6384656","300,3333333"
CLIENTE116,PuroAustero,V3,2,"557,6384656","166,3333333"
CLIENTE116,PuroAustero,V3,3,"557,6384656","166,3333333"
CLIENTE116,PuroAustero,V3,4,"557,6384656","583,3333333"
CLIENTE116,PuroAustero,V3,5,"557,6384656","583,3333333"
CLIENTE116,PuroAustero,V3,6,"557,6384656","583,3333333"
CLIENTE116,PuroAustero,V3,7,"557,6384656","583,3333333"
CLIENTE116,PuroAustero,V3,8,"557,6384656","583,3333333"
CLIENTE116,PuroAustero,V3,9,"557,6384656","583,3333333"
CLIENTE116,PuroAustero,V3,10,"557,6384656","583,3333333"
CLIENTE116,PuroAustero,V3,11,"557,6384656","583,3333333"
CLIENTE116,PuroAustero,V3,12,"557,6384656","583,3333333"
CLIENTE116,PuroAustero,V3,13,"557,6384656","300,3333333"
CLIENTE116,PuroAustero,V3,14,"557,6384656","166,3333333"
CLIENTE116,PuroAustero,V3,15,"557,6384656","166,3333333"
CLIENTE117,InferiorRaso,V2,3,"557,6384656",500
CLIENTE117,InferiorRaso,V2,4,"557,6384656",500
CLIENTE117,InferiorRaso,V2,5,"557,6384656",500
CLIENTE117,InferiorRaso,V2,6,"557,6384656",500
CLIENTE117,InferiorRaso,V2,7,"557,6384656",500
CLIENTE117,InferiorRaso,V2,8,"557,6384656",500
CLIENTE117,InferiorRaso,V2,9,"557,6384656",500
CLIENTE117,InferiorRaso,V2,10,"557,6384656",500
CLIENTE117,InferiorRaso,V2,11,"557,6384656",500
CLIENTE117,InferiorRaso,V2,12,"579,3375905",500
CLIENTE117,InferiorRaso,V2,15,"557,6384656",500
CLIENTE117,InferiorRaso,V3,1,"557,6384656",628
CLIENTE117,InferiorRaso,V3,3,"557,6384656",1000
CLIENTE117,InferiorRaso,V3,4,"557,6384656",1000
CLIENTE117,InferiorRaso,V3,5,"557,6384656",1000
CLIENTE117,InferiorRaso,V3,6,"557,6384656",1000
CLIENTE117,InferiorRaso,V3,7,"557,6384656",1000
CLIENTE117,InferiorRaso,V3,8,"557,6384656",1000
CLIENTE117,InferiorRaso,V3,9,"557,6384656",1000
CLIENTE117,InferiorRaso,V3,10,"557,6384656",1000
CLIENTE117,InferiorRaso,V3,11,"557,6384656",1000
CLIENTE117,InferiorRaso,V3,12,"579,3375905",1000
CLIENTE117,InferiorRaso,V3,13,"557,6384656",628
CLIENTE117,InferiorRaso,V3,15,"557,6384656",1000
CLIENTE117,ExcelenteSupremo,V2,1,"557,6384656",4200
CLIENTE117,ExcelenteSupremo,V2,2,"557,6384656",4332
CLIENTE117,ExcelenteSupremo,V2,3,"557,6384656",3332
CLIENTE117,ExcelenteSupremo,V2,4,"557,6384656",2778
CLIENTE117,ExcelenteSupremo,V2,5,"557,6384656",2778
CLIENTE117,ExcelenteSupremo,V2,6,"557,6384656",2778
CLIENTE117,ExcelenteSupremo,V2,7,"557,6384656",2778
CLIENTE117,ExcelenteSupremo,V2,8,"557,6384656",2778
CLIENTE117,ExcelenteSupremo,V2,9,"557,6384656",2778
CLIENTE117,ExcelenteSupremo,V2,10,"557,6384656",2778
CLIENTE117,ExcelenteSupremo,V2,11,"557,6384656",2778
CLIENTE117,ExcelenteSupremo,V2,12,"579,3375905",2778
CLIENTE117,ExcelenteSupremo,V2,13,"557,6384656",4200
CLIENTE117,ExcelenteSupremo,V2,14,"557,6384656",4332
CLIENTE117,ExcelenteSupremo,V2,15,"557,6384656",3332
CLIENTE117,ResistenteFirme,V2,4,"557,6384656",556
CLIENTE117,ResistenteFirme,V2,5,"557,6384656",556
CLIENTE117,ResistenteFirme,V2,6,"557,6384656",556
CLIENTE117,ResistenteFirme,V2,7,"557,6384656",556
CLIENTE117,ResistenteFirme,V2,8,"557,6384656",556
CLIENTE117,ResistenteFirme,V2,9,"557,6384656",556
CLIENTE117,ResistenteFirme,V2,10,"557,6384656",554
CLIENTE117,ResistenteFirme,V2,11,"557,6384656",554
CLIENTE117,ResistenteFirme,V2,12,"579,3375905",554
CLIENTE117,PuroAustero,V3,1,"557,6384656",502
CLIENTE117,PuroAustero,V3,2,"557,6384656",1000
CLIENTE117,PuroAustero,V3,3,"557,6384656",500
CLIENTE117,PuroAustero,V3,4,"557,6384656",500
CLIENTE117,PuroAustero,V3,5,"557,6384656",500
CLIENTE117,PuroAustero,V3,6,"557,6384656",500
CLIENTE117,PuroAustero,V3,7,"557,6384656",500
CLIENTE117,PuroAustero,V3,8,"557,6384656",500
CLIENTE117,PuroAustero,V3,9,"557,6384656",500
CLIENTE117,PuroAustero,V3,10,"557,6384656",500
CLIENTE117,PuroAustero,V3,11,"557,6384656",500
CLIENTE117,PuroAustero,V3,12,"579,3375905",500
CLIENTE117,PuroAustero,V3,13,"557,6384656",502
CLIENTE117,PuroAustero,V3,14,"557,6384656",1000
CLIENTE117,PuroAustero,V3,15,"557,6384656",500
CLIENTE310,MuitoBomPleno,V15,1,"557,6384656",1300
CLIENTE310,MuitoBomPleno,V15,2,"557,6384656",660
CLIENTE310,MuitoBomPleno,V15,3,"557,6384656",750
CLIENTE310,MuitoBomPleno,V15,4,"557,6384656",1800
CLIENTE310,MuitoBomPleno,V15,5,"557,6384656",1800
CLIENTE310,MuitoBomPleno,V15,6,"557,6384656",1800
CLIENTE310,MuitoBomPleno,V15,7,"557,6384656",800
CLIENTE310,MuitoBomPleno,V15,8,"557,6384656",800
CLIENTE310,MuitoBomPleno,V15,9,"557,6384656",1800
CLIENTE310,MuitoBomPleno,V15,10,"557,6384656",2200
CLIENTE310,MuitoBomPleno,V15,11,"557,6384656",2200
CLIENTE310,MuitoBomPleno,V15,12,"577,368",1600
CLIENTE310,MuitoBomPleno,V15,13,"557,6384656",1300
CLIENTE310,MuitoBomPleno,V15,14,"557,6384656",660
CLIENTE310,MuitoBomPleno,V15,15,"557,6384656",750
CLIENTE310,ArtificialCinco,V16,4,"557,6384656",200
CLIENTE310,ArtificialCinco,V16,5,"557,6384656",200
CLIENTE310,ArtificialCinco,V16,6,"557,6384656",200
CLIENTE310,ArtificialCinco,V16,7,"557,6384656",200
CLIENTE310,ArtificialCinco,V16,8,"557,6384656",200
CLIENTE310,ArtificialCinco,V16,9,"557,6384656",200
CLIENTE310,ArtificialCinco,V16,10,"557,6384656",200
CLIENTE310,ArtificialCinco,V16,11,"557,6384656",200
CLIENTE310,ArtificialCinco,V16,12,"577,368",200
CLIENTE331,MuitoBomPleno,V16,1,"557,6384656",90
CLIENTE331,MuitoBomPleno,V16,4,"557,6384656",1200
CLIENTE331,MuitoBomPleno,V16,13,"557,6384656",90
CLIENTE331,MuitoBomPleno,V15,2,"557,6384656",750
CLIENTE331,MuitoBomPleno,V15,3,"557,6384656",900
CLIENTE331,MuitoBomPleno,V15,14,"557,6384656",750
CLIENTE331,MuitoBomPleno,V15,15,"557,6384656",900
CLIENTE331,ArtificialTres,V2,1,"557,6384656",210
CLIENTE331,ArtificialTres,V2,13,"557,6384656",210
CLIENTE409,MuitoBomPleno,V15,1,"557,6384656","83,11625428"
CLIENTE409,MuitoBomPleno,V15,2,"557,6384656","83,11625428"
CLIENTE409,MuitoBomPleno,V15,3,"557,6384656","83,11625428"
CLIENTE409,MuitoBomPleno,V15,4,"557,6384656","99,54625428"
CLIENTE409,MuitoBomPleno,V15,5,"557,6384656","99,54625428"
CLIENTE409,MuitoBomPleno,V15,6,"557,6384656","99,54625428"
CLIENTE409,MuitoBomPleno,V15,7,"557,6384656","99,54625428"
CLIENTE409,MuitoBomPleno,V15,8,"557,6384656","99,54625428"
CLIENTE409,MuitoBomPleno,V15,9,"557,6384656","99,54625428"
CLIENTE409,MuitoBomPleno,V15,10,"557,6384656","115,9762543"
CLIENTE409,MuitoBomPleno,V15,11,"557,6384656","115,9762543"
CLIENTE409,MuitoBomPleno,V15,12,"557,6384656","115,9762543"
CLIENTE409,MuitoBomPleno,V15,13,"557,6384656","83,11625428"
CLIENTE409,MuitoBomPleno,V15,14,"557,6384656","83,11625428"
CLIENTE409,MuitoBomPleno,V15,15,"557,6384656","83,11625428"
CLIENTE118,MuitoBomPleno,V16,1,"557,6384656",1818
CLIENTE118,MuitoBomPleno,V16,2,"557,6384656",2750
CLIENTE118,MuitoBomPleno,V16,3,"557,6384656",420
CLIENTE118,MuitoBomPleno,V16,13,"557,6384656",1818
CLIENTE118,MuitoBomPleno,V16,14,"557,6384656",2750
CLIENTE118,MuitoBomPleno,V16,15,"557,6384656",420
CLIENTE118,MuitoBomPleno,V12,1,"557,6384656","1407,964912"
CLIENTE118,MuitoBomPleno,V12,2,"557,6384656",2500
CLIENTE118,MuitoBomPleno,V12,3,"557,6384656","3599,964912"
CLIENTE118,MuitoBomPleno,V12,4,"557,6384656","4019,964912"
CLIENTE118,MuitoBomPleno,V12,5,"557,6384656",2386
CLIENTE118,MuitoBomPleno,V12,6,"557,6384656","2385,964912"
CLIENTE118,MuitoBomPleno,V12,7,"557,6384656","2385,964912"
CLIENTE118,MuitoBomPleno,V12,8,"557,6384656","2385,964912"
CLIENTE118,MuitoBomPleno,V12,9,"557,6384656","2385,964912"
CLIENTE118,MuitoBomPleno,V12,10,"557,6384656","2385,964912"
CLIENTE118,MuitoBomPleno,V12,11,"557,6384656","2385,964912"
CLIENTE118,MuitoBomPleno,V12,12,"572,4","2385,964912"
CLIENTE118,MuitoBomPleno,V12,13,"557,6384656","1407,964912"
CLIENTE118,MuitoBomPleno,V12,14,"557,6384656",2500
CLIENTE118,MuitoBomPleno,V12,15,"557,6384656","3599,964912"
CLIENTE119,PuroAustero,V3,1,"557,6384656",1190
CLIENTE119,PuroAustero,V3,13,"557,6384656",1190
CLIENTE120,OpacoManso,V1,3,"557,6384656",90
CLIENTE120,OpacoManso,V1,15,"557,6384656",90
CLIENTE120,NaturalClaro,V1,6,"557,6384656",90
CLIENTE120,NaturalClaro,V1,9,"557,6384656",90
CLIENTE120,NaturalClaro,V1,11,"557,6384656",90
CLIENTE120,MuitoBomPleno,V16,1,"557,6384656","1700,004386"
CLIENTE120,MuitoBomPleno,V16,2,"557,6384656","749,6008772"
CLIENTE120,MuitoBomPleno,V16,3,"557,6384656",2400
CLIENTE120,MuitoBomPleno,V16,4,"557,6384656",2610
CLIENTE120,MuitoBomPleno,V16,5,"557,6384656",2400
CLIENTE120,MuitoBomPleno,V16,6,"557,6384656","2802,600877"
CLIENTE120,MuitoBomPleno,V16,7,"557,6384656","2802,600877"
CLIENTE120,MuitoBomPleno,V16,8,"557,6384656","2802,600877"
CLIENTE120,MuitoBomPleno,V16,9,"557,6384656","2802,600877"
CLIENTE120,MuitoBomPleno,V16,10,"557,6384656","2802,600877"
CLIENTE120,MuitoBomPleno,V16,11,"557,6384656","2802,600877"
CLIENTE120,MuitoBomPleno,V16,12,"572,4","2802,600877"
CLIENTE120,MuitoBomPleno,V16,13,"557,6384656","1700,004386"
CLIENTE120,MuitoBomPleno,V16,14,"557,6384656","749,6008772"
CLIENTE120,MuitoBomPleno,V16,15,"557,6384656",2400
CLIENTE120,MuitoBomPleno,V12,6,"557,6384656","1576,667"
CLIENTE120,MuitoBomPleno,V12,7,"557,6384656","1666,667"
CLIENTE120,MuitoBomPleno,V12,8,"557,6384656","1666,667"
CLIENTE120,MuitoBomPleno,V12,9,"557,6384656","1576,667"
CLIENTE120,MuitoBomPleno,V12,10,"557,6384656","1666,667"
CLIENTE120,MuitoBomPleno,V12,11,"557,6384656","1576,667"
CLIENTE120,MuitoBomPleno,V12,12,"572,4","1666,667"
CLIENTE120,MuitoBomPleno,V15,2,"557,6384656","0,4035087719"
CLIENTE120,MuitoBomPleno,V15,6,"557,6384656","1561,403509"
CLIENTE120,MuitoBomPleno,V15,7,"557,6384656","1561,403509"
CLIENTE120,MuitoBomPleno,V15,8,"557,6384656","1561,403509"
CLIENTE120,MuitoBomPleno,V15,9,"557,6384656","1561,403509"
CLIENTE120,MuitoBomPleno,V15,10,"557,6384656","1561,403509"
CLIENTE120,MuitoBomPleno,V15,11,"557,6384656","1561,403509"
CLIENTE120,MuitoBomPleno,V15,12,"572,4","1561,403509"
CLIENTE120,MuitoBomPleno,V15,14,"557,6384656","0,4035087719"
CLIENTE120,ArtificialTres,V2,1,"557,6384656",200
CLIENTE120,ArtificialTres,V2,3,"557,6384656",200
CLIENTE120,ArtificialTres,V2,4,"557,6384656",200
CLIENTE120,ArtificialTres,V2,5,"557,6384656",200
CLIENTE120,ArtificialTres,V2,6,"557,6384656",200
CLIENTE120,ArtificialTres,V2,7,"557,6384656",200
CLIENTE120,ArtificialTres,V2,8,"557,6384656",200
CLIENTE120,ArtificialTres,V2,9,"557,6384656",200
CLIENTE120,ArtificialTres,V2,10,"557,6384656",200
CLIENTE120,ArtificialTres,V2,11,"557,6384656",200
CLIENTE120,ArtificialTres,V2,12,"572,4",200
CLIENTE120,ArtificialTres,V2,13,"557,6384656",200
CLIENTE120,ArtificialTres,V2,15,"557,6384656",200
CLIENTE121,EscuroSereno,V2,1,"557,6384656","4576,333333"
CLIENTE121,EscuroSereno,V2,2,"557,6384656","3443,333333"
CLIENTE121,EscuroSereno,V2,3,"557,6384656","3443,333333"
CLIENTE121,EscuroSereno,V2,4,"557,6384656","3443,333333"
CLIENTE121,EscuroSereno,V2,5,"557,6384656","3443,333333"
CLIENTE121,EscuroSereno,V2,6,"557,6384656","3443,333333"
CLIENTE121,EscuroSereno,V2,7,"557,6384656","3443,333333"
CLIENTE121,EscuroSereno,V2,8,"557,6384656","3443,333333"
CLIENTE121,EscuroSereno,V2,9,"557,6384656","3443,333333"
CLIENTE121,EscuroSereno,V2,10,"557,6384656","3443,333333"
CLIENTE121,EscuroSereno,V2,11,"557,6384656","3443,333333"
CLIENTE121,EscuroSereno,V2,12,560,"2147,333333"
CLIENTE121,EscuroSereno,V2,13,"557,6384656","4576,333333"
CLIENTE121,EscuroSereno,V2,14,"557,6384656","3443,333333"
CLIENTE121,EscuroSereno,V2,15,"557,6384656","3443,333333"
CLIENTE121,ResistenteFirme,V2,1,"557,6384656",700
CLIENTE121,ResistenteFirme,V2,2,"557,6384656",700
CLIENTE121,ResistenteFirme,V2,3,"557,6384656",700
CLIENTE121,ResistenteFirme,V2,4,"557,6384656","733,337"
CLIENTE121,ResistenteFirme,V2,5,"557,6384656","733,337"
CLIENTE121,ResistenteFirme,V2,6,"557,6384656","733,337"
CLIENTE121,ResistenteFirme,V2,7,"557,6384656","733,337"
CLIENTE121,ResistenteFirme,V2,8,"557,6384656","633,337"
CLIENTE121,ResistenteFirme,V2,9,"557,6384656","633,337"
CLIENTE121,ResistenteFirme,V2,10,"557,6384656","633,337"
CLIENTE121,ResistenteFirme,V2,11,"557,6384656","633,337"
CLIENTE121,ResistenteFirme,V2,12,560,"633,337"
CLIENTE121,ResistenteFirme,V2,13,"557,6384656",700
CLIENTE121,ResistenteFirme,V2,14,"557,6384656",700
CLIENTE121,ResistenteFirme,V2,15,"557,6384656",700
CLIENTE121,LimpoIsento,V3,7,"557,6384656",1000
CLIENTE121,ArtificialTres,V2,2,"557,6384656",100
CLIENTE121,ArtificialTres,V2,14,"557,6384656",100
CLIENTE238,MuitoBomPleno,V16,1,"557,6384656",900
CLIENTE238,MuitoBomPleno,V16,2,"557,6384656",1200
CLIENTE238,MuitoBomPleno,V16,3,"557,6384656",1110
CLIENTE238,MuitoBomPleno,V16,4,"557,6384656",900
CLIENTE238,MuitoBomPleno,V16,13,"557,6384656",900
CLIENTE238,MuitoBomPleno,V16,14,"557,6384656",1200
CLIENTE238,MuitoBomPleno,V16,15,"557,6384656",1110
CLIENTE449,MuitoBomPleno,V15,1,"557,6384656","338,5213378"
CLIENTE449,MuitoBomPleno,V15,2,"557,6384656","338,5213378"
CLIENTE449,MuitoBomPleno,V15,3,"557,6384656","338,5213378"
CLIENTE449,MuitoBomPleno,V15,4,"557,6384656","405,4113378"
CLIENTE449,MuitoBomPleno,V15,5,"557,6384656","405,4113378"
CLIENTE449,MuitoBomPleno,V15,6,"557,6384656","405,4113378"
CLIENTE449,MuitoBomPleno,V15,7,"557,6384656","405,4113378"
CLIENTE449,MuitoBomPleno,V15,8,"557,6384656","405,4113378"
CLIENTE449,MuitoBomPleno,V15,9,"557,6384656","405,4113378"
CLIENTE449,MuitoBomPleno,V15,10,"557,6384656","472,3013378"
CLIENTE449,MuitoBomPleno,V15,11,"557,6384656","472,3013378"
CLIENTE449,MuitoBomPleno,V15,12,"557,6384656","472,3013378"
CLIENTE449,MuitoBomPleno,V15,13,"557,6384656","338,5213378"
CLIENTE449,MuitoBomPleno,V15,14,"557,6384656","338,5213378"
CLIENTE449,MuitoBomPleno,V15,15,"557,6384656","338,5213378"
CLIENTE375,MuitoBomPleno,V15,1,"557,6384656","945,1554952"
CLIENTE375,MuitoBomPleno,V15,2,"557,6384656","445,1554952"
CLIENTE375,MuitoBomPleno,V15,3,"557,6384656","445,1554952"
CLIENTE375,MuitoBomPleno,V15,4,"557,6384656","533,1254952"
CLIENTE375,MuitoBomPleno,V15,5,"557,6384656","533,1254952"
CLIENTE375,MuitoBomPleno,V15,6,"557,6384656","533,1254952"
CLIENTE375,MuitoBomPleno,V15,7,"557,6384656","533,1254952"
CLIENTE375,MuitoBomPleno,V15,8,"557,6384656","533,1254952"
CLIENTE375,MuitoBomPleno,V15,9,"557,6384656","533,1254952"
CLIENTE375,MuitoBomPleno,V15,10,"557,6384656","621,0954952"
CLIENTE375,MuitoBomPleno,V15,11,"557,6384656","621,0954952"
CLIENTE375,MuitoBomPleno,V15,12,572,"621,0954952"
CLIENTE375,MuitoBomPleno,V15,13,"557,6384656","945,1554952"
CLIENTE375,MuitoBomPleno,V15,14,"557,6384656","445,1554952"
CLIENTE375,MuitoBomPleno,V15,15,"557,6384656","445,1554952"
CLIENTE375,ArtificialTres,V2,5,"557,6384656","299,67"
CLIENTE375,ArtificialTres,V2,9,"557,6384656","299,67"
CLIENTE375,ArtificialTres,V2,12,572,"299,67"
CLIENTE375,ArtificialCinco,V16,8,"557,6384656",200
CLIENTE329,MuitoBomPleno,V16,1,"557,6384656",600
CLIENTE329,MuitoBomPleno,V16,2,"557,6384656",750
CLIENTE329,MuitoBomPleno,V16,3,"557,6384656",300
CLIENTE329,MuitoBomPleno,V16,4,"557,6384656",600
CLIENTE329,MuitoBomPleno,V16,13,"557,6384656",600
CLIENTE329,MuitoBomPleno,V16,14,"557,6384656",750
CLIENTE329,MuitoBomPleno,V16,15,"557,6384656",300
CLIENTE122,MuitoBomPleno,V13,2,"557,6384656",8200
CLIENTE122,MuitoBomPleno,V13,4,"557,6384656",8200
CLIENTE122,MuitoBomPleno,V13,6,"557,6384656",8200
CLIENTE122,MuitoBomPleno,V13,8,"557,6384656",8200
CLIENTE122,MuitoBomPleno,V13,10,"557,6384656",8200
CLIENTE122,MuitoBomPleno,V13,12,"743,0971952",8200
CLIENTE122,MuitoBomPleno,V13,14,"557,6384656",8200
CLIENTE433,MuitoBomPleno,V16,2,"557,6384656",222
CLIENTE433,MuitoBomPleno,V16,14,"557,6384656",222
CLIENTE433,MuitoBomPleno,V12,4,"557,6384656",1400
CLIENTE433,MuitoBomPleno,V12,6,"557,6384656",1400
CLIENTE433,MuitoBomPleno,V12,8,"557,6384656",1300
CLIENTE433,MuitoBomPleno,V12,10,"557,6384656",1300
CLIENTE433,MuitoBomPleno,V12,12,"522,0558",1200
CLIENTE433,MuitoBomPleno,V13,2,"557,6384656",1178
CLIENTE433,MuitoBomPleno,V13,14,"557,6384656",1178
CLIENTE433,NeutroSuave,V13,2,"557,6384656",2806
CLIENTE433,NeutroSuave,V13,14,"557,6384656",2806
CLIENTE591,MuitoBomPleno,V13,5,"526,0671935","190,1111111"
CLIENTE591,MuitoBomPleno,V13,6,"526,0671935","190,1111111"
CLIENTE591,MuitoBomPleno,V13,7,"526,0671935","190,1111111"
CLIENTE591,MuitoBomPleno,V13,8,"526,0671935","190,1111111"
CLIENTE591,MuitoBomPleno,V13,9,"526,0671935","190,1111111"
CLIENTE591,MuitoBomPleno,V13,10,"526,0671935","190,1111111"
CLIENTE591,MuitoBomPleno,V13,11,"526,0671935","190,1111111"
CLIENTE591,MuitoBomPleno,V13,12,"526,0671935","190,1111111"
CLIENTE327,MuitoBomPleno,V8,8,"526,0671935","752,0855773"
CLIENTE327,MuitoBomPleno,V8,12,"526,0671935","776,8637956"
CLIENTE327,MuitoBomPleno,V13,5,"526,0671935","919,5708"
CLIENTE327,MuitoBomPleno,V13,6,"526,0671935","1036,296505"
CLIENTE327,MuitoBomPleno,V13,7,"526,0671935","667,5010432"
CLIENTE327,MuitoBomPleno,V13,8,"526,0671935","919,5708"
CLIENTE327,MuitoBomPleno,V13,9,"526,0671935","1036,296505"
CLIENTE327,MuitoBomPleno,V13,10,"526,0671935","667,5010432"
CLIENTE327,MuitoBomPleno,V13,11,"526,0671935","919,5708"
CLIENTE327,MuitoBomPleno,V13,12,"526,0671935","1036,296505"
CLIENTE633,MuitoBomPleno,V13,5,"526,0671935","92,95429142"
CLIENTE633,MuitoBomPleno,V13,6,"526,0671935","104,753443"
CLIENTE633,MuitoBomPleno,V13,7,"526,0671935","67,47396339"
CLIENTE633,MuitoBomPleno,V13,8,"526,0671935","92,95429142"
CLIENTE633,MuitoBomPleno,V13,9,"526,0671935","104,753443"
CLIENTE633,MuitoBomPleno,V13,10,"526,0671935","67,47396339"
CLIENTE633,MuitoBomPleno,V13,11,"526,0671935","92,95429142"
CLIENTE633,MuitoBomPleno,V13,12,"526,0671935","104,753443"
CLIENTE213,MuitoBomPleno,V8,8,"526,0671935","308,9338677"
CLIENTE213,MuitoBomPleno,V8,12,"522,210954","319,1120057"
CLIENTE213,MuitoBomPleno,V16,5,"526,0671935","213,8236471"
CLIENTE213,MuitoBomPleno,V16,6,"526,0671935","240,9653485"
CLIENTE213,MuitoBomPleno,V16,7,"526,0671935","155,2110044"
CLIENTE213,MuitoBomPleno,V16,8,"526,0671935","213,8236471"
CLIENTE213,MuitoBomPleno,V16,9,"526,0671935","240,9653485"
CLIENTE213,MuitoBomPleno,V16,10,"526,0671935","155,2110044"
CLIENTE213,MuitoBomPleno,V16,11,"526,0671935","213,8236471"
CLIENTE213,MuitoBomPleno,V16,12,"522,210954","240,9653485"
CLIENTE213,MuitoBomPleno,V13,5,"526,0671935","2627,369062"
CLIENTE213,MuitoBomPleno,V13,6,"526,0671935","2935,064"
CLIENTE213,MuitoBomPleno,V13,7,"526,0671935","1962,900272"
CLIENTE213,MuitoBomPleno,V13,8,"526,0671935","2627,369062"
CLIENTE213,MuitoBomPleno,V13,9,"526,0671935","2935,064"
CLIENTE213,MuitoBomPleno,V13,10,"526,0671935","1962,900272"
CLIENTE213,MuitoBomPleno,V13,11,"526,0671935","2627,369062"
CLIENTE213,MuitoBomPleno,V13,12,"522,210954","2935,064"
CLIENTE328,MuitoBomPleno,V13,5,"526,0671935","2655,161362"
CLIENTE328,MuitoBomPleno,V13,6,"526,0671935","2992,194228"
CLIENTE328,MuitoBomPleno,V13,7,"526,0671935","1927,337165"
CLIENTE328,MuitoBomPleno,V13,8,"526,0671935","2655,161362"
CLIENTE328,MuitoBomPleno,V13,9,"526,0671935","2992,194228"
CLIENTE328,MuitoBomPleno,V13,10,"526,0671935","1927,337165"
CLIENTE328,MuitoBomPleno,V13,11,"526,0671935","2655,161362"
CLIENTE328,MuitoBomPleno,V13,12,"522,210954","2992,194228"
CLIENTE673,MuitoBomIntenso,V9,6,"526,0671935","48,4564198"
CLIENTE673,MuitoBomIntenso,V9,7,"526,0671935","31,2118304"
CLIENTE673,MuitoBomIntenso,V9,8,"526,0671935","42,99841647"
CLIENTE673,MuitoBomIntenso,V9,9,"526,0671935","48,4564198"
CLIENTE673,MuitoBomIntenso,V9,10,"526,0671935","31,2118304"
CLIENTE673,MuitoBomIntenso,V9,11,"526,0671935","42,99841647"
CLIENTE673,MuitoBomIntenso,V9,12,"526,0671935","48,4564198"
CLIENTE488,MuitoBomPleno,V16,5,"526,0671935","17,52652845"
CLIENTE488,MuitoBomPleno,V16,6,"526,0671935","19,75125807"
CLIENTE488,MuitoBomPleno,V16,7,"526,0671935","12,72221348"
CLIENTE488,MuitoBomPleno,V16,8,"526,0671935","17,52652845"
CLIENTE488,MuitoBomPleno,V16,9,"526,0671935","19,75125807"
CLIENTE488,MuitoBomPleno,V16,10,"526,0671935","12,72221348"
CLIENTE488,MuitoBomPleno,V16,11,"526,0671935","17,52652845"
CLIENTE488,MuitoBomPleno,V16,12,"526,0671935","19,75125807"
CLIENTE488,MuitoBomPleno,V13,5,"526,0671935","17,52652845"
CLIENTE488,MuitoBomPleno,V13,6,"526,0671935","19,75125807"
CLIENTE488,MuitoBomPleno,V13,7,"526,0671935","12,72221348"
CLIENTE488,MuitoBomPleno,V13,8,"526,0671935","17,52652845"
CLIENTE488,MuitoBomPleno,V13,9,"526,0671935","19,75125807"
CLIENTE488,MuitoBomPleno,V13,10,"526,0671935","12,72221348"
CLIENTE488,MuitoBomPleno,V13,11,"526,0671935","17,52652845"
CLIENTE488,MuitoBomPleno,V13,12,"526,0671935","19,75125807"
CLIENTE124,MuitoBomPleno,V7,5,"526,0671935","262,8979268"
CLIENTE124,MuitoBomPleno,V7,6,"526,0671935","296,2688711"
CLIENTE124,MuitoBomPleno,V7,7,"526,0671935","190,8332022"
CLIENTE124,MuitoBomPleno,V7,8,"526,0671935","262,8979268"
CLIENTE124,MuitoBomPleno,V7,9,"526,0671935","296,2688711"
CLIENTE124,MuitoBomPleno,V7,10,"526,0671935","190,8332022"
CLIENTE124,MuitoBomPleno,V7,11,"526,0671935","262,8979268"
CLIENTE124,MuitoBomPleno,V7,12,"522,210954","296,2688711"
CLIENTE124,MuitoBomPleno,V8,5,"526,0671935","262,8979268"
CLIENTE124,MuitoBomPleno,V8,6,"526,0671935","296,2688711"
CLIENTE124,MuitoBomPleno,V8,7,"526,0671935","190,8332022"
CLIENTE124,MuitoBomPleno,V8,8,"526,0671935","262,8979268"
CLIENTE124,MuitoBomPleno,V8,9,"526,0671935","296,2688711"
CLIENTE124,MuitoBomPleno,V8,10,"526,0671935","190,8332022"
CLIENTE124,MuitoBomPleno,V8,11,"526,0671935","262,8979268"
CLIENTE124,MuitoBomPleno,V8,12,"522,210954","296,2688711"
CLIENTE125,LimpoNobre,V1,1,"526,0671935",10500
CLIENTE125,LimpoNobre,V1,2,"526,0671935","8860,698917"
CLIENTE125,LimpoNobre,V1,3,"526,0671935","8860,698917"
CLIENTE125,LimpoNobre,V1,4,"526,0671935","8860,698917"
CLIENTE125,LimpoNobre,V1,5,"526,0671935","8860,698917"
CLIENTE125,LimpoNobre,V1,6,"526,0671935","8860,698917"
CLIENTE125,LimpoNobre,V1,7,"526,0671935","8860,698917"
CLIENTE125,LimpoNobre,V1,8,"526,0671935","8860,698917"
CLIENTE125,LimpoNobre,V1,9,"526,0671935","8860,698917"
CLIENTE125,LimpoNobre,V1,10,"526,0671935","8860,698917"
CLIENTE125,LimpoNobre,V1,11,"526,0671935","8860,698917"
CLIENTE125,LimpoNobre,V1,12,560,"8860,698917"
CLIENTE125,LimpoNobre,V1,13,"526,0671935",10500
CLIENTE125,LimpoNobre,V1,14,"526,0671935","8860,698917"
CLIENTE125,LimpoNobre,V1,15,"526,0671935","8860,698917"
CLIENTE263,MuitoBomPleno,V16,6,"526,0671935",10000
CLIENTE263,MuitoBomPleno,V16,8,"526,0671935",10000
CLIENTE263,MuitoBomPleno,V16,10,"526,0671935",10000
CLIENTE263,MuitoBomPleno,V15,1,"526,0671935",800
CLIENTE263,MuitoBomPleno,V15,2,"526,0671935",8000
CLIENTE263,MuitoBomPleno,V15,3,"526,0671935",10800
CLIENTE263,MuitoBomPleno,V15,4,"526,0671935",8000
CLIENTE263,MuitoBomPleno,V15,5,"526,0671935",8000
CLIENTE263,MuitoBomPleno,V15,6,"526,0671935",8000
CLIENTE263,MuitoBomPleno,V15,7,"526,0671935",8000
CLIENTE263,MuitoBomPleno,V15,8,"526,0671935",8000
CLIENTE263,MuitoBomPleno,V15,9,"526,0671935",8000
CLIENTE263,MuitoBomPleno,V15,10,"526,0671935",8000
CLIENTE263,MuitoBomPleno,V15,11,"526,0671935",8000
CLIENTE263,MuitoBomPleno,V15,12,"522,210954",8000
CLIENTE263,MuitoBomPleno,V15,13,"526,0671935",800
CLIENTE263,MuitoBomPleno,V15,14,"526,0671935",8000
CLIENTE263,MuitoBomPleno,V15,15,"526,0671935",10800
CLIENTE615,MuitoBomPleno,V7,1,"526,0671935",1000
CLIENTE615,MuitoBomPleno,V7,3,"526,0671935",325
CLIENTE615,MuitoBomPleno,V7,5,"526,0671935","688,4584186"
CLIENTE615,MuitoBomPleno,V7,7,"526,0671935","619,9252338"
CLIENTE615,MuitoBomPleno,V7,9,"526,0671935","641,6163476"
CLIENTE615,MuitoBomPleno,V7,11,"526,0671935","688,4584186"
CLIENTE615,MuitoBomPleno,V7,13,"526,0671935",1000
CLIENTE615,MuitoBomPleno,V7,15,"526,0671935",325
CLIENTE615,MuitoBomPleno,V8,3,"526,0671935",325
CLIENTE615,MuitoBomPleno,V8,5,"526,0671935","688,4584186"
CLIENTE615,MuitoBomPleno,V8,7,"526,0671935","619,9252338"
CLIENTE615,MuitoBomPleno,V8,9,"526,0671935","641,6163476"
CLIENTE615,MuitoBomPleno,V8,11,"526,0671935","688,4584186"
CLIENTE615,MuitoBomPleno,V8,15,"526,0671935",325
CLIENTE615,MuitoBomPleno,V15,3,"526,0671935",650
CLIENTE615,MuitoBomPleno,V15,5,"526,0671935","1376,916837"
CLIENTE615,MuitoBomPleno,V15,7,"526,0671935","1239,850468"
CLIENTE615,MuitoBomPleno,V15,9,"526,0671935","1283,232695"
CLIENTE615,MuitoBomPleno,V15,11,"526,0671935","1376,916837"
CLIENTE615,MuitoBomPleno,V15,15,"526,0671935",650
CLIENTE264,ExcelenteSupremo,V1,2,"526,0671935",300
CLIENTE264,ExcelenteSupremo,V1,4,"526,0671935",500
CLIENTE264,ExcelenteSupremo,V1,6,"526,0671935","1059,166798"
CLIENTE264,ExcelenteSupremo,V1,8,"526,0671935","953,7311289"
CLIENTE264,ExcelenteSupremo,V1,10,"526,0671935","987,1020732"
CLIENTE264,ExcelenteSupremo,V1,12,"522,210954","1059,166798"
CLIENTE264,ExcelenteSupremo,V1,14,"526,0671935",300
CLIENTE127,MuitoBomPleno,V1,5,"526,0671935","954,145084"
CLIENTE127,MuitoBomPleno,V1,7,"526,0671935","720,0096116"
CLIENTE127,MuitoBomPleno,V1,8,"526,0671935","954,145084"
CLIENTE127,MuitoBomPleno,V1,9,"526,0671935","1062,565977"
CLIENTE127,MuitoBomPleno,V1,10,"526,0671935","720,0096116"
CLIENTE127,MuitoBomPleno,V1,11,"526,0671935","954,145084"
CLIENTE127,MuitoBomPleno,V1,12,"522,210954","1062,565977"
CLIENTE127,MuitoBomPleno,V16,5,"526,0671935","97,44662319"
CLIENTE127,MuitoBomPleno,V16,6,"526,0671935","1185,075484"
CLIENTE127,MuitoBomPleno,V16,7,"526,0671935","43,32319702"
CLIENTE127,MuitoBomPleno,V16,8,"526,0671935","97,44662319"
CLIENTE127,MuitoBomPleno,V16,9,"526,0671935","122,5095072"
CLIENTE127,MuitoBomPleno,V16,10,"526,0671935","43,32319702"
CLIENTE127,MuitoBomPleno,V16,11,"526,0671935","97,44662319"
CLIENTE127,MuitoBomPleno,V16,12,"522,210954","122,5095072"
CLIENTE482,MuitoBomPleno,V16,3,"526,0671935",0
CLIENTE482,MuitoBomPleno,V16,4,"526,0671935",0
CLIENTE482,MuitoBomPleno,V16,5,"526,0671935","208,5544038"
CLIENTE482,MuitoBomPleno,V16,6,"526,0671935","227,0938173"
CLIENTE482,MuitoBomPleno,V16,7,"526,0671935","168,5184456"
CLIENTE482,MuitoBomPleno,V16,8,"526,0671935","208,5544038"
CLIENTE482,MuitoBomPleno,V16,9,"526,0671935","227,0938173"
CLIENTE482,MuitoBomPleno,V16,10,"526,0671935","168,5184456"
CLIENTE482,MuitoBomPleno,V16,11,"526,0671935","208,5544038"
CLIENTE482,MuitoBomPleno,V16,12,"526,0671935","227,0938173"
CLIENTE482,MuitoBomPleno,V16,15,"526,0671935","62,5"
CLIENTE482,MuitoBomPleno,V13,3,"526,0671935",0
CLIENTE482,MuitoBomPleno,V13,4,"526,0671935",0
CLIENTE482,MuitoBomPleno,V13,5,"526,0671935","62,5"
CLIENTE482,MuitoBomPleno,V13,6,"526,0671935","62,5"
CLIENTE482,MuitoBomPleno,V13,7,"526,0671935","62,5"
CLIENTE482,MuitoBomPleno,V13,8,"526,0671935","62,5"
CLIENTE482,MuitoBomPleno,V13,9,"526,0671935","62,5"
CLIENTE482,MuitoBomPleno,V13,10,"526,0671935","62,5"
CLIENTE482,MuitoBomPleno,V13,11,"526,0671935","62,5"
CLIENTE482,MuitoBomPleno,V13,12,"526,0671935","62,5"
CLIENTE482,MuitoBomPleno,V13,15,"526,0671935","62,5"
CLIENTE702,ExcelenteSupremo,V2,3,"579,0431171",1000
CLIENTE702,ExcelenteSupremo,V2,15,"579,0431171",1000
CLIENTE221,EscuroSereno,V2,1,"579,0431171",1472
CLIENTE221,EscuroSereno,V2,2,"579,0431171",6538
CLIENTE221,EscuroSereno,V2,3,"579,0431171",6538
CLIENTE221,EscuroSereno,V2,13,"579,0431171",1472
CLIENTE221,EscuroSereno,V2,14,"579,0431171",6538
CLIENTE221,EscuroSereno,V2,15,"579,0431171",6538
CLIENTE221,LimpoSombrio,V1,3,"579,0431171",600
CLIENTE221,LimpoSombrio,V1,4,"579,0431171","2438,318025"
CLIENTE221,LimpoSombrio,V1,5,"579,0431171","2438,318025"
CLIENTE221,LimpoSombrio,V1,6,"579,0431171","2438,318025"
CLIENTE221,LimpoSombrio,V1,7,"579,0431171",600
CLIENTE221,LimpoSombrio,V1,8,"579,0431171",600
CLIENTE221,LimpoSombrio,V1,9,"579,0431171",600
CLIENTE221,LimpoSombrio,V1,10,"579,0431171",600
CLIENTE221,LimpoSombrio,V1,11,"579,0431171",600
CLIENTE221,LimpoSombrio,V1,12,"560,9514402",600
CLIENTE221,LimpoSombrio,V1,15,"579,0431171",600
CLIENTE128,MuitoBomPleno,V16,1,"579,0431171",1300
CLIENTE128,MuitoBomPleno,V16,13,"579,0431171",1300
CLIENTE128,ExcelenteSupremo,V2,1,"579,0431171",520
CLIENTE128,ExcelenteSupremo,V2,13,"579,0431171",520
CLIENTE129,EscuroSereno,V2,4,"579,0431171","6409,120934"
CLIENTE129,EscuroSereno,V2,5,"579,0431171","6409,120934"
CLIENTE129,EscuroSereno,V2,6,"579,0431171","6409,120934"
CLIENTE129,EscuroSereno,V2,7,"579,0431171","9064,120934"
CLIENTE129,EscuroSereno,V2,8,"579,0431171","9064,120934"
CLIENTE129,EscuroSereno,V2,9,"579,0431171","9064,120934"
CLIENTE129,EscuroSereno,V2,10,"579,0431171","9064,120934"
CLIENTE129,EscuroSereno,V2,11,"579,0431171","9064,120934"
CLIENTE129,EscuroSereno,V2,12,"578,4812383","9064,120934"
CLIENTE129,LimpoSombrio,V1,2,"579,0431171","2264,166667"
CLIENTE129,LimpoSombrio,V1,3,"579,0431171","2264,166667"
CLIENTE129,LimpoSombrio,V1,4,"579,0431171","2655,348259"
CLIENTE129,LimpoSombrio,V1,5,"579,0431171","2655,348259"
CLIENTE129,LimpoSombrio,V1,6,"579,0431171","2655,348259"
CLIENTE129,LimpoSombrio,V1,14,"579,0431171","2264,166667"
CLIENTE129,LimpoSombrio,V1,15,"579,0431171","2264,166667"
CLIENTE200,LimpoSombrio,V1,2,"579,0431171",41
CLIENTE200,LimpoSombrio,V1,3,"579,0431171",624
CLIENTE200,LimpoSombrio,V1,14,"579,0431171",41
CLIENTE200,LimpoSombrio,V1,15,"579,0431171",624
CLIENTE395,MuitoBomPleno,V8,2,"579,0431171",184
CLIENTE395,MuitoBomPleno,V8,14,"579,0431171",184
CLIENTE343,EscuroSereno,V2,2,"579,0431171",3462
CLIENTE343,EscuroSereno,V2,3,"579,0431171",3462
CLIENTE343,EscuroSereno,V2,14,"579,0431171",3462
CLIENTE343,EscuroSereno,V2,15,"579,0431171",3462
CLIENTE343,ExcelenteSupremo,V2,2,"579,0431171",1583
CLIENTE343,ExcelenteSupremo,V2,14,"579,0431171",1583
CLIENTE343,LimpoSombrio,V1,3,"579,0431171",1200
CLIENTE343,LimpoSombrio,V1,4,"579,0431171",1200
CLIENTE343,LimpoSombrio,V1,5,"579,0431171",1200
CLIENTE343,LimpoSombrio,V1,6,"579,0431171",1200
CLIENTE343,LimpoSombrio,V1,7,"579,0431171",1200
CLIENTE343,LimpoSombrio,V1,8,"579,0431171",1200
CLIENTE343,LimpoSombrio,V1,9,"579,0431171",1200
CLIENTE343,LimpoSombrio,V1,10,"579,0431171",1200
CLIENTE343,LimpoSombrio,V1,11,"579,0431171",1200
CLIENTE343,LimpoSombrio,V1,12,"588,4812383",1200
CLIENTE343,LimpoSombrio,V1,15,"579,0431171",1200
CLIENTE321,MuitoBomPleno,V8,2,"579,0431171",184
CLIENTE321,MuitoBomPleno,V8,3,"579,0431171",184
CLIENTE321,MuitoBomPleno,V8,4,"579,0431171",184
CLIENTE321,MuitoBomPleno,V8,5,"579,0431171",184
CLIENTE321,MuitoBomPleno,V8,6,"579,0431171",184
CLIENTE321,MuitoBomPleno,V8,7,"579,0431171",184
CLIENTE321,MuitoBomPleno,V8,8,"579,0431171",184
CLIENTE321,MuitoBomPleno,V8,9,"579,0431171",184
CLIENTE321,MuitoBomPleno,V8,10,"579,0431171",184
CLIENTE321,MuitoBomPleno,V8,11,"579,0431171",184
CLIENTE321,MuitoBomPleno,V8,12,"579,0431171",184
CLIENTE321,MuitoBomPleno,V8,14,"579,0431171",184
CLIENTE321,MuitoBomPleno,V8,15,"579,0431171",184
CLIENTE130,MuitoBomPleno,V7,2,"579,0431171",934
CLIENTE130,MuitoBomPleno,V7,14,"579,0431171",934
CLIENTE130,MuitoBomPleno,V8,1,"579,0431171",1012
CLIENTE130,MuitoBomPleno,V8,2,"579,0431171",6066
CLIENTE130,MuitoBomPleno,V8,3,"579,0431171",7000
CLIENTE130,MuitoBomPleno,V8,4,"579,0431171",8000
CLIENTE130,MuitoBomPleno,V8,5,"579,0431171",8000
CLIENTE130,MuitoBomPleno,V8,6,"579,0431171",8000
CLIENTE130,MuitoBomPleno,V8,7,"579,0431171",9000
CLIENTE130,MuitoBomPleno,V8,8,"579,0431171",8000
CLIENTE130,MuitoBomPleno,V8,9,"579,0431171",8000
CLIENTE130,MuitoBomPleno,V8,10,"579,0431171",9000
CLIENTE130,MuitoBomPleno,V8,11,"579,0431171",8000
CLIENTE130,MuitoBomPleno,V8,12,"515,9455685",8000
CLIENTE130,MuitoBomPleno,V8,13,"579,0431171",1012
CLIENTE130,MuitoBomPleno,V8,14,"579,0431171",6066
CLIENTE130,MuitoBomPleno,V8,15,"579,0431171",7000
CLIENTE130,ExcelenteSupremo,V2,3,"579,0431171",2000
CLIENTE130,ExcelenteSupremo,V2,15,"579,0431171",2000
CLIENTE131,EscuroSereno,V2,4,"579,0431171","7063,907226"
CLIENTE131,EscuroSereno,V2,5,"579,0431171","7063,907226"
CLIENTE131,EscuroSereno,V2,6,"579,0431171","7063,907226"
CLIENTE131,EscuroSereno,V2,7,"579,0431171","8901,907226"
CLIENTE131,EscuroSereno,V2,8,"579,0431171","8901,907226"
CLIENTE131,EscuroSereno,V2,9,"579,0431171","8901,907226"
CLIENTE131,EscuroSereno,V2,10,"579,0431171","8901,907226"
CLIENTE131,EscuroSereno,V2,11,"579,0431171","8901,907226"
CLIENTE131,EscuroSereno,V2,12,"564,4102923","8901,907226"
CLIENTE131,ExcelenteSupremo,V2,2,"579,0431171",2000
CLIENTE131,ExcelenteSupremo,V2,14,"579,0431171",2000
CLIENTE131,LimpoSombrio,V1,2,"579,0431171",2112
CLIENTE131,LimpoSombrio,V1,3,"579,0431171",3312
CLIENTE131,LimpoSombrio,V1,4,"579,0431171",1200
CLIENTE131,LimpoSombrio,V1,5,"579,0431171",1200
CLIENTE131,LimpoSombrio,V1,6,"579,0431171",1200
CLIENTE131,LimpoSombrio,V1,7,"579,0431171",1200
CLIENTE131,LimpoSombrio,V1,8,"579,0431171",1200
CLIENTE131,LimpoSombrio,V1,9,"579,0431171",1200
CLIENTE131,LimpoSombrio,V1,10,"579,0431171",1200
CLIENTE131,LimpoSombrio,V1,11,"579,0431171",1200
CLIENTE131,LimpoSombrio,V1,12,"564,4102923",1200
CLIENTE131,LimpoSombrio,V1,14,"579,0431171",2112
CLIENTE131,LimpoSombrio,V1,15,"579,0431171",3312
CLIENTE219,ExcelenteSupremo,V2,1,"579,0431171",5060
CLIENTE219,ExcelenteSupremo,V2,2,"579,0431171",3956
CLIENTE219,ExcelenteSupremo,V2,3,"579,0431171",3956
CLIENTE219,ExcelenteSupremo,V2,13,"579,0431171",5060
CLIENTE219,ExcelenteSupremo,V2,14,"579,0431171",3956
CLIENTE219,ExcelenteSupremo,V2,15,"579,0431171",3956
CLIENTE219,ArtificialTres,V2,1,"579,0431171",744
CLIENTE219,ArtificialTres,V2,2,"579,0431171",460
CLIENTE219,ArtificialTres,V2,3,"579,0431171",460
CLIENTE219,ArtificialTres,V2,4,"579,0431171",600
CLIENTE219,ArtificialTres,V2,5,"579,0431171",460
CLIENTE219,ArtificialTres,V2,6,"579,0431171",460
CLIENTE219,ArtificialTres,V2,7,"579,0431171",460
CLIENTE219,ArtificialTres,V2,8,"579,0431171",460
CLIENTE219,ArtificialTres,V2,9,"579,0431171",460
CLIENTE219,ArtificialTres,V2,10,"579,0431171",460
CLIENTE219,ArtificialTres,V2,11,"579,0431171",460
CLIENTE219,ArtificialTres,V2,12,"603,15",460
CLIENTE219,ArtificialTres,V2,13,"579,0431171",744
CLIENTE219,ArtificialTres,V2,14,"579,0431171",460
CLIENTE219,ArtificialTres,V2,15,"579,0431171",460
CLIENTE613,ExcelenteSupremo,V2,2,"579,0431171",92
CLIENTE613,ExcelenteSupremo,V2,14,"579,0431171",92
CLIENTE613,ArtificialTres,V2,1,"579,0431171",246
CLIENTE613,ArtificialTres,V2,2,"579,0431171",267
CLIENTE613,ArtificialTres,V2,3,"579,0431171",267
CLIENTE613,ArtificialTres,V2,4,"579,0431171",267
CLIENTE613,ArtificialTres,V2,5,"579,0431171",267
CLIENTE613,ArtificialTres,V2,6,"579,0431171",267
CLIENTE613,ArtificialTres,V2,7,"579,0431171",267
CLIENTE613,ArtificialTres,V2,8,"579,0431171",267
CLIENTE613,ArtificialTres,V2,9,"579,0431171",267
CLIENTE613,ArtificialTres,V2,10,"579,0431171",267
CLIENTE613,ArtificialTres,V2,11,"579,0431171",267
CLIENTE613,ArtificialTres,V2,12,"634,4",267
CLIENTE613,ArtificialTres,V2,13,"579,0431171",246
CLIENTE613,ArtificialTres,V2,14,"579,0431171",267
CLIENTE613,ArtificialTres,V2,15,"579,0431171",267
CLIENTE398,ExcelenteSupremo,V2,2,"579,0431171",300
CLIENTE398,ExcelenteSupremo,V2,14,"579,0431171",300
CLIENTE398,LimpoSombrio,V1,4,"579,0431171",300
CLIENTE398,LimpoSombrio,V1,5,"579,0431171",300
CLIENTE398,LimpoSombrio,V1,6,"579,0431171",300
CLIENTE398,LimpoSombrio,V1,7,"579,0431171",300
CLIENTE398,LimpoSombrio,V1,8,"579,0431171",300
CLIENTE398,LimpoSombrio,V1,9,"579,0431171",300
CLIENTE398,LimpoSombrio,V1,10,"579,0431171",300
CLIENTE398,LimpoSombrio,V1,11,"579,0431171",300
CLIENTE398,LimpoSombrio,V1,12,554,300
CLIENTE398,ArtificialTres,V2,1,"579,0431171",184
CLIENTE398,ArtificialTres,V2,2,"579,0431171",184
CLIENTE398,ArtificialTres,V2,3,"579,0431171",184
CLIENTE398,ArtificialTres,V2,4,"579,0431171",184
CLIENTE398,ArtificialTres,V2,5,"579,0431171",184
CLIENTE398,ArtificialTres,V2,6,"579,0431171",184
CLIENTE398,ArtificialTres,V2,7,"579,0431171",184
CLIENTE398,ArtificialTres,V2,8,"579,0431171",184
CLIENTE398,ArtificialTres,V2,9,"579,0431171",184
CLIENTE398,ArtificialTres,V2,10,"579,0431171",184
CLIENTE398,ArtificialTres,V2,11,"579,0431171",184
CLIENTE398,ArtificialTres,V2,12,554,184
CLIENTE398,ArtificialTres,V2,13,"579,0431171",184
CLIENTE398,ArtificialTres,V2,14,"579,0431171",184
CLIENTE398,ArtificialTres,V2,15,"579,0431171",184
CLIENTE628,ExcelenteSupremo,V2,4,"579,0431171",3750
CLIENTE628,ExcelenteSupremo,V2,5,"579,0431171",3750
CLIENTE628,ExcelenteSupremo,V2,6,"579,0431171",3750
CLIENTE628,ExcelenteSupremo,V2,7,"579,0431171",3750
CLIENTE628,ExcelenteSupremo,V2,8,"579,0431171",3750
CLIENTE628,ExcelenteSupremo,V2,9,"579,0431171",3750
CLIENTE628,ExcelenteSupremo,V2,10,"579,0431171",3750
CLIENTE628,ExcelenteSupremo,V2,11,"579,0431171",3750
CLIENTE628,ExcelenteSupremo,V2,12,"579,0431171",3750
CLIENTE279,MuitoBomPleno,V5,5,"526,0671935","160,1024421"
CLIENTE279,MuitoBomPleno,V5,6,"526,0671935","180,4250431"
CLIENTE279,MuitoBomPleno,V5,7,"526,0671935","116,2156814"
CLIENTE279,MuitoBomPleno,V5,8,"526,0671935","160,1024421"
CLIENTE279,MuitoBomPleno,V5,9,"526,0671935","180,4250431"
CLIENTE279,MuitoBomPleno,V5,10,"526,0671935","116,2156814"
CLIENTE279,MuitoBomPleno,V5,11,"526,0671935","160,1024421"
CLIENTE279,MuitoBomPleno,V5,12,"526,0671935","180,4250431"
CLIENTE279,MuitoBomPleno,V16,5,"526,0671935","545,9197551"
CLIENTE279,MuitoBomPleno,V16,6,"526,0671935","615,2160708"
CLIENTE279,MuitoBomPleno,V16,7,"526,0671935","396,2740074"
CLIENTE279,MuitoBomPleno,V16,8,"526,0671935","545,9197551"
CLIENTE279,MuitoBomPleno,V16,9,"526,0671935","615,2160708"
CLIENTE279,MuitoBomPleno,V16,10,"526,0671935","396,2740074"
CLIENTE279,MuitoBomPleno,V16,11,"526,0671935","545,9197551"
CLIENTE279,MuitoBomPleno,V16,12,"526,0671935","615,2160708"
CLIENTE132,LimpoTenaz,V1,1,"526,0671935",1560
CLIENTE132,LimpoTenaz,V1,2,"526,0671935","1177,469133"
CLIENTE132,LimpoTenaz,V1,3,"526,0671935","1177,469133"
CLIENTE132,LimpoTenaz,V1,4,"526,0671935","1177,469133"
CLIENTE132,LimpoTenaz,V1,5,"526,0671935","1177,469133"
CLIENTE132,LimpoTenaz,V1,6,"526,0671935","1177,469133"
CLIENTE132,LimpoTenaz,V1,7,"526,0671935","1177,469133"
CLIENTE132,LimpoTenaz,V1,8,"526,0671935","1177,469133"
CLIENTE132,LimpoTenaz,V1,9,"526,0671935","1177,469133"
CLIENTE132,LimpoTenaz,V1,10,"526,0671935","1177,469133"
CLIENTE132,LimpoTenaz,V1,11,"526,0671935","1177,469133"
CLIENTE132,LimpoTenaz,V1,12,606,"1177,469133"
CLIENTE132,LimpoTenaz,V1,13,"526,0671935",1560
CLIENTE132,LimpoTenaz,V1,14,"526,0671935","1177,469133"
CLIENTE132,LimpoTenaz,V1,15,"526,0671935","1177,469133"
CLIENTE133,MuitoBomPleno,V5,5,"526,0671935","1179,962778"
CLIENTE133,MuitoBomPleno,V5,6,"526,0671935","1179,962778"
CLIENTE133,MuitoBomPleno,V5,7,"526,0671935","1179,962778"
CLIENTE133,MuitoBomPleno,V5,8,"526,0671935","1179,962778"
CLIENTE133,MuitoBomPleno,V5,9,"526,0671935","1179,962778"
CLIENTE133,MuitoBomPleno,V5,10,"526,0671935","1179,962778"
CLIENTE133,MuitoBomPleno,V5,11,"526,0671935","1179,962778"
CLIENTE133,MuitoBomPleno,V5,12,"522,210954","1179,962778"
CLIENTE483,MuitoBomPleno,V16,3,"526,0671935",0
CLIENTE483,MuitoBomPleno,V16,4,"526,0671935",0
CLIENTE483,MuitoBomPleno,V16,5,"526,0671935","335,7725901"
CLIENTE483,MuitoBomPleno,V16,6,"526,0671935","365,6210458"
CLIENTE483,MuitoBomPleno,V16,7,"526,0671935","271,3146975"
CLIENTE483,MuitoBomPleno,V16,8,"526,0671935","335,7725901"
CLIENTE483,MuitoBomPleno,V16,9,"526,0671935","365,6210458"
CLIENTE483,MuitoBomPleno,V16,10,"526,0671935","271,3146975"
CLIENTE483,MuitoBomPleno,V16,11,"526,0671935","335,7725901"
CLIENTE483,MuitoBomPleno,V16,12,"526,0671935","365,6210458"
CLIENTE483,MuitoBomPleno,V16,15,"526,0671935","100,625"
CLIENTE483,MuitoBomPleno,V13,3,"526,0671935",0
CLIENTE483,MuitoBomPleno,V13,4,"526,0671935",0
CLIENTE483,MuitoBomPleno,V13,5,"526,0671935","100,625"
CLIENTE483,MuitoBomPleno,V13,6,"526,0671935","100,625"
CLIENTE483,MuitoBomPleno,V13,7,"526,0671935","100,625"
CLIENTE483,MuitoBomPleno,V13,8,"526,0671935","100,625"
CLIENTE483,MuitoBomPleno,V13,9,"526,0671935","100,625"
CLIENTE483,MuitoBomPleno,V13,10,"526,0671935","100,625"
CLIENTE483,MuitoBomPleno,V13,11,"526,0671935","100,625"
CLIENTE483,MuitoBomPleno,V13,12,"526,0671935","100,625"
CLIENTE483,MuitoBomPleno,V13,15,"526,0671935","100,625"
CLIENTE485,MuitoBomPleno,V16,5,"526,0671935","58,42176151"
CLIENTE485,MuitoBomPleno,V16,6,"526,0671935","65,8375269"
CLIENTE485,MuitoBomPleno,V16,7,"526,0671935","42,40737826"
CLIENTE485,MuitoBomPleno,V16,8,"526,0671935","58,42176151"
CLIENTE485,MuitoBomPleno,V16,9,"526,0671935","65,8375269"
CLIENTE485,MuitoBomPleno,V16,10,"526,0671935","42,40737826"
CLIENTE485,MuitoBomPleno,V16,11,"526,0671935","58,42176151"
CLIENTE485,MuitoBomPleno,V16,12,"526,0671935","65,8375269"
CLIENTE485,MuitoBomPleno,V13,5,"526,0671935","58,42176151"
CLIENTE485,MuitoBomPleno,V13,6,"526,0671935","65,8375269"
CLIENTE485,MuitoBomPleno,V13,7,"526,0671935","42,40737826"
CLIENTE485,MuitoBomPleno,V13,8,"526,0671935","58,42176151"
CLIENTE485,MuitoBomPleno,V13,9,"526,0671935","65,8375269"
CLIENTE485,MuitoBomPleno,V13,10,"526,0671935","42,40737826"
CLIENTE485,MuitoBomPleno,V13,11,"526,0671935","58,42176151"
CLIENTE485,MuitoBomPleno,V13,12,"526,0671935","65,8375269"
CLIENTE412,ResistenteFirme,V2,1,"557,6384656",48
CLIENTE412,ResistenteFirme,V2,2,"557,6384656",48
CLIENTE412,ResistenteFirme,V2,3,"557,6384656",48
CLIENTE412,ResistenteFirme,V2,4,"557,6384656",48
CLIENTE412,ResistenteFirme,V2,5,"557,6384656",48
CLIENTE412,ResistenteFirme,V2,6,"557,6384656",48
CLIENTE412,ResistenteFirme,V2,7,"557,6384656",48
CLIENTE412,ResistenteFirme,V2,8,"557,6384656",48
CLIENTE412,ResistenteFirme,V2,9,"557,6384656",48
CLIENTE412,ResistenteFirme,V2,10,"557,6384656",48
CLIENTE412,ResistenteFirme,V2,11,"557,6384656",48
CLIENTE412,ResistenteFirme,V2,12,"557,6384656",48
CLIENTE412,ResistenteFirme,V2,13,"557,6384656",48
CLIENTE412,ResistenteFirme,V2,14,"557,6384656",48
CLIENTE412,ResistenteFirme,V2,15,"557,6384656",48
CLIENTE619,MuitoBomPleno,V16,1,"557,6384656",1928
CLIENTE619,MuitoBomPleno,V16,2,"557,6384656",2000
CLIENTE619,MuitoBomPleno,V16,3,"557,6384656",2000
CLIENTE619,MuitoBomPleno,V16,4,"557,6384656",2000
CLIENTE619,MuitoBomPleno,V16,5,"557,6384656",2000
CLIENTE619,MuitoBomPleno,V16,6,"557,6384656",2000
CLIENTE619,MuitoBomPleno,V16,7,"557,6384656",2000
CLIENTE619,MuitoBomPleno,V16,8,"557,6384656",2000
CLIENTE619,MuitoBomPleno,V16,9,"557,6384656",2000
CLIENTE619,MuitoBomPleno,V16,10,"557,6384656",2000
CLIENTE619,MuitoBomPleno,V16,11,"557,6384656",2000
CLIENTE619,MuitoBomPleno,V16,12,"572,4",1728
CLIENTE619,MuitoBomPleno,V16,13,"557,6384656",1928
CLIENTE619,MuitoBomPleno,V16,14,"557,6384656",2000
CLIENTE619,MuitoBomPleno,V16,15,"557,6384656",2000
CLIENTE474,NaturalClaro,V1,2,"526,0671935",500
CLIENTE474,NaturalClaro,V1,9,"526,0671935",500
CLIENTE474,NaturalClaro,V1,12,"522,210954",500
CLIENTE474,NaturalClaro,V1,14,"526,0671935",500
CLIENTE474,MuitoBomPleno,V13,4,"526,0671935","458,00136"
CLIENTE474,MuitoBomPleno,V13,5,"526,0671935","413,00136"
CLIENTE474,MuitoBomPleno,V13,6,"526,0671935","413,00136"
CLIENTE474,MuitoBomPleno,V13,7,"526,0671935","413,00136"
CLIENTE474,MuitoBomPleno,V13,8,"526,0671935","413,00136"
CLIENTE474,MuitoBomPleno,V13,9,"526,0671935","413,00136"
CLIENTE474,MuitoBomPleno,V13,10,"526,0671935","413,00136"
CLIENTE474,MuitoBomPleno,V13,11,"526,0671935","413,00136"
CLIENTE474,MuitoBomPleno,V13,12,"522,210954","413,00136"
CLIENTE486,MuitoBomPleno,V16,3,"526,0671935",0
CLIENTE486,MuitoBomPleno,V16,4,"526,0671935",0
CLIENTE486,MuitoBomPleno,V16,5,"526,0671935","114,7049221"
CLIENTE486,MuitoBomPleno,V16,6,"526,0671935","124,9015995"
CLIENTE486,MuitoBomPleno,V16,7,"526,0671935","92,6851451"
CLIENTE486,MuitoBomPleno,V16,8,"526,0671935","114,7049221"
CLIENTE486,MuitoBomPleno,V16,9,"526,0671935","124,9015995"
CLIENTE486,MuitoBomPleno,V16,10,"526,0671935","92,6851451"
CLIENTE486,MuitoBomPleno,V16,11,"526,0671935","114,7049221"
CLIENTE486,MuitoBomPleno,V16,12,"526,0671935","124,9015995"
CLIENTE486,MuitoBomPleno,V16,15,"526,0671935","34,375"
CLIENTE486,MuitoBomPleno,V13,3,"526,0671935",0
CLIENTE486,MuitoBomPleno,V13,4,"526,0671935",0
CLIENTE486,MuitoBomPleno,V13,5,"526,0671935","34,375"
CLIENTE486,MuitoBomPleno,V13,6,"526,0671935","34,375"
CLIENTE486,MuitoBomPleno,V13,7,"526,0671935","34,375"
CLIENTE486,MuitoBomPleno,V13,8,"526,0671935","34,375"
CLIENTE486,MuitoBomPleno,V13,9,"526,0671935","34,375"
CLIENTE486,MuitoBomPleno,V13,10,"526,0671935","34,375"
CLIENTE486,MuitoBomPleno,V13,11,"526,0671935","34,375"
CLIENTE486,MuitoBomPleno,V13,12,"526,0671935","34,375"
CLIENTE486,MuitoBomPleno,V13,15,"526,0671935","34,375"
CLIENTE487,MuitoBomPleno,V16,3,"526,0671935",0
CLIENTE487,MuitoBomPleno,V16,4,"526,0671935",0
CLIENTE487,MuitoBomPleno,V16,5,"526,0671935","156,8329116"
CLIENTE487,MuitoBomPleno,V16,6,"526,0671935","170,7745506"
CLIENTE487,MuitoBomPleno,V16,7,"526,0671935","126,7258711"
CLIENTE487,MuitoBomPleno,V16,8,"526,0671935","156,8329116"
CLIENTE487,MuitoBomPleno,V16,9,"526,0671935","170,7745506"
CLIENTE487,MuitoBomPleno,V16,10,"526,0671935","126,7258711"
CLIENTE487,MuitoBomPleno,V16,11,"526,0671935","156,8329116"
CLIENTE487,MuitoBomPleno,V16,12,"526,0671935","170,7745506"
CLIENTE487,MuitoBomPleno,V16,15,"526,0671935",47
CLIENTE487,MuitoBomPleno,V13,3,"526,0671935",0
CLIENTE487,MuitoBomPleno,V13,4,"526,0671935",0
CLIENTE487,MuitoBomPleno,V13,5,"526,0671935",47
CLIENTE487,MuitoBomPleno,V13,6,"526,0671935",47
CLIENTE487,MuitoBomPleno,V13,7,"526,0671935",47
CLIENTE487,MuitoBomPleno,V13,8,"526,0671935",47
CLIENTE487,MuitoBomPleno,V13,9,"526,0671935",47
CLIENTE487,MuitoBomPleno,V13,10,"526,0671935",47
CLIENTE487,MuitoBomPleno,V13,11,"526,0671935",47
CLIENTE487,MuitoBomPleno,V13,12,"526,0671935",47
CLIENTE487,MuitoBomPleno,V13,15,"526,0671935",47
CLIENTE713,MuitoBomPleno,V16,1,"557,6384656",150
CLIENTE713,MuitoBomPleno,V16,13,"557,6384656",150
CLIENTE136,MuitoBomPleno,V5,1,"590,4888889",1248
CLIENTE136,MuitoBomPleno,V5,2,"590,4888889",3536
CLIENTE136,MuitoBomPleno,V5,3,"590,4888889",4598
CLIENTE136,MuitoBomPleno,V5,4,"590,4888889",2600
CLIENTE136,MuitoBomPleno,V5,5,"590,4888889",2600
CLIENTE136,MuitoBomPleno,V5,6,"590,4888889",4000
CLIENTE136,MuitoBomPleno,V5,7,"590,4888889",2600
CLIENTE136,MuitoBomPleno,V5,8,"590,4888889",2600
CLIENTE136,MuitoBomPleno,V5,9,"590,4888889",4000
CLIENTE136,MuitoBomPleno,V5,10,"590,4888889",2600
CLIENTE136,MuitoBomPleno,V5,11,"590,4888889",2600
CLIENTE136,MuitoBomPleno,V5,12,560,4000
CLIENTE136,MuitoBomPleno,V5,13,"590,4888889",1248
CLIENTE136,MuitoBomPleno,V5,14,"590,4888889",3536
CLIENTE136,MuitoBomPleno,V5,15,"590,4888889",4598
CLIENTE586,MuitoBomPleno,V5,1,"590,4888889",500
CLIENTE586,MuitoBomPleno,V5,13,"590,4888889",500
CLIENTE228,MuitoBomPleno,V5,5,"526,0671935","2024,702765"
CLIENTE228,MuitoBomPleno,V5,6,"526,0671935","2078,203719"
CLIENTE228,MuitoBomPleno,V5,7,"526,0671935","1909,167183"
CLIENTE228,MuitoBomPleno,V5,8,"526,0671935","2024,702765"
CLIENTE228,MuitoBomPleno,V5,9,"526,0671935","2078,203719"
CLIENTE228,MuitoBomPleno,V5,10,"526,0671935","1909,167183"
CLIENTE228,MuitoBomPleno,V5,11,"526,0671935","2024,702765"
CLIENTE228,MuitoBomPleno,V5,12,"526,0671935","2078,203719"
CLIENTE341,MuitoBomPleno,V13,5,"526,0671935","773,5041224"
CLIENTE341,MuitoBomPleno,V13,6,"526,0671935","871,6888562"
CLIENTE341,MuitoBomPleno,V13,7,"526,0671935","561,4736881"
CLIENTE341,MuitoBomPleno,V13,8,"526,0671935","773,5041224"
CLIENTE341,MuitoBomPleno,V13,9,"526,0671935","871,6888562"
CLIENTE341,MuitoBomPleno,V13,10,"526,0671935","561,4736881"
CLIENTE341,MuitoBomPleno,V13,11,"526,0671935","773,5041224"
CLIENTE341,MuitoBomPleno,V13,12,"526,0671935","871,6888562"
CLIENTE334,MuitoBomPleno,V5,5,"526,0671935","58,42176151"
CLIENTE334,MuitoBomPleno,V5,6,"526,0671935","65,8375269"
CLIENTE334,MuitoBomPleno,V5,7,"526,0671935","42,40737826"
CLIENTE334,MuitoBomPleno,V5,8,"526,0671935","58,42176151"
CLIENTE334,MuitoBomPleno,V5,9,"526,0671935","65,8375269"
CLIENTE334,MuitoBomPleno,V5,10,"526,0671935","42,40737826"
CLIENTE334,MuitoBomPleno,V5,11,"526,0671935","58,42176151"
CLIENTE334,MuitoBomPleno,V5,12,"522,210954","65,8375269"
CLIENTE596,MuitoBomPleno,V13,1,"557,6384656",1512
CLIENTE596,MuitoBomPleno,V13,13,"557,6384656",1512
CLIENTE596,ExcelenteSupremo,V3,2,"557,6384656",1512
CLIENTE596,ExcelenteSupremo,V3,3,"557,6384656",1512
CLIENTE596,ExcelenteSupremo,V3,4,"557,6384656",1512
CLIENTE596,ExcelenteSupremo,V3,5,"557,6384656",1512
CLIENTE596,ExcelenteSupremo,V3,6,"557,6384656",1512
CLIENTE596,ExcelenteSupremo,V3,7,"557,6384656",1512
CLIENTE596,ExcelenteSupremo,V3,8,"557,6384656",1512
CLIENTE596,ExcelenteSupremo,V3,9,"557,6384656",1512
CLIENTE596,ExcelenteSupremo,V3,10,"557,6384656",1512
CLIENTE596,ExcelenteSupremo,V3,11,"557,6384656",1512
CLIENTE596,ExcelenteSupremo,V3,12,"579,3375905",1512
CLIENTE596,ExcelenteSupremo,V3,14,"557,6384656",1512
CLIENTE596,ExcelenteSupremo,V3,15,"557,6384656",1512
CLIENTE712,MuitoBomPleno,V16,2,"557,6384656",410
CLIENTE712,MuitoBomPleno,V16,3,"557,6384656",410
CLIENTE712,MuitoBomPleno,V16,4,"557,6384656",410
CLIENTE712,MuitoBomPleno,V16,5,"557,6384656",410
CLIENTE712,MuitoBomPleno,V16,6,"557,6384656",410
CLIENTE712,MuitoBomPleno,V16,7,"557,6384656",410
CLIENTE712,MuitoBomPleno,V16,8,"557,6384656",410
CLIENTE712,MuitoBomPleno,V16,9,"557,6384656",410
CLIENTE712,MuitoBomPleno,V16,10,"557,6384656",410
CLIENTE712,MuitoBomPleno,V16,11,"557,6384656",410
CLIENTE712,MuitoBomPleno,V16,12,"557,6384656",410
CLIENTE712,MuitoBomPleno,V16,14,"557,6384656",410
CLIENTE712,MuitoBomPleno,V16,15,"557,6384656",410
CLIENTE197,MuitoBomPleno,V16,1,"557,6384656",2500
CLIENTE197,MuitoBomPleno,V16,2,"557,6384656",2500
CLIENTE197,MuitoBomPleno,V16,3,"557,6384656",2500
CLIENTE197,MuitoBomPleno,V16,4,"557,6384656",2500
CLIENTE197,MuitoBomPleno,V16,5,"557,6384656",2500
CLIENTE197,MuitoBomPleno,V16,6,"557,6384656",2500
CLIENTE197,MuitoBomPleno,V16,7,"557,6384656",2500
CLIENTE197,MuitoBomPleno,V16,8,"557,6384656",2500
CLIENTE197,MuitoBomPleno,V16,9,"557,6384656",2500
CLIENTE197,MuitoBomPleno,V16,10,"557,6384656",2500
CLIENTE197,MuitoBomPleno,V16,11,"557,6384656",2500
CLIENTE197,MuitoBomPleno,V16,12,"568,62",2500
CLIENTE197,MuitoBomPleno,V16,13,"557,6384656",2500
CLIENTE197,MuitoBomPleno,V16,14,"557,6384656",2500
CLIENTE197,MuitoBomPleno,V16,15,"557,6384656",2500
CLIENTE197,ArtificialCinco,V16,2,"557,6384656",850
CLIENTE197,ArtificialCinco,V16,4,"557,6384656","666,67"
CLIENTE197,ArtificialCinco,V16,5,"557,6384656","666,67"
CLIENTE197,ArtificialCinco,V16,6,"557,6384656","666,67"
CLIENTE197,ArtificialCinco,V16,7,"557,6384656","666,67"
CLIENTE197,ArtificialCinco,V16,8,"557,6384656","666,67"
CLIENTE197,ArtificialCinco,V16,9,"557,6384656","666,67"
CLIENTE197,ArtificialCinco,V16,10,"557,6384656","666,67"
CLIENTE197,ArtificialCinco,V16,11,"557,6384656","666,67"
CLIENTE197,ArtificialCinco,V16,12,"568,62","666,67"
CLIENTE197,ArtificialCinco,V16,14,"557,6384656",850
CLIENTE137,PuroAustero,V3,2,"557,6384656",3312
CLIENTE137,PuroAustero,V3,3,"557,6384656",3072
CLIENTE137,PuroAustero,V3,4,"557,6384656",3816
CLIENTE137,PuroAustero,V3,5,"557,6384656",3816
CLIENTE137,PuroAustero,V3,6,"557,6384656",3816
CLIENTE137,PuroAustero,V3,7,"557,6384656",3816
CLIENTE137,PuroAustero,V3,8,"557,6384656",3816
CLIENTE137,PuroAustero,V3,9,"557,6384656",3816
CLIENTE137,PuroAustero,V3,10,"557,6384656",3816
CLIENTE137,PuroAustero,V3,11,"557,6384656",3816
CLIENTE137,PuroAustero,V3,12,576,7632
CLIENTE137,PuroAustero,V3,14,"557,6384656",3312
CLIENTE137,PuroAustero,V3,15,"557,6384656",3072
CLIENTE357,MuitoBomPleno,V5,4,"590,4888889",1500
CLIENTE357,MuitoBomPleno,V5,5,"590,4888889",1500
CLIENTE357,MuitoBomPleno,V5,6,"590,4888889",1500
CLIENTE357,MuitoBomPleno,V5,7,"590,4888889",1500
CLIENTE357,MuitoBomPleno,V5,8,"590,4888889",1500
CLIENTE357,MuitoBomPleno,V5,9,"590,4888889",1500
CLIENTE357,MuitoBomPleno,V5,10,"590,4888889",1500
CLIENTE357,MuitoBomPleno,V5,11,"590,4888889",1500
CLIENTE357,MuitoBomPleno,V5,12,"590,4888889",1500
CLIENTE489,MuitoBomPleno,V16,3,"526,0671935",0
CLIENTE489,MuitoBomPleno,V16,4,"526,0671935",0
CLIENTE489,MuitoBomPleno,V16,5,"526,0671935","187,6989634"
CLIENTE489,MuitoBomPleno,V16,6,"526,0671935","204,3844355"
CLIENTE489,MuitoBomPleno,V16,7,"526,0671935","151,6666011"
CLIENTE489,MuitoBomPleno,V16,8,"526,0671935","187,6989634"
CLIENTE489,MuitoBomPleno,V16,9,"526,0671935","204,3844355"
CLIENTE489,MuitoBomPleno,V16,10,"526,0671935","151,6666011"
CLIENTE489,MuitoBomPleno,V16,11,"526,0671935","187,6989634"
CLIENTE489,MuitoBomPleno,V16,12,"526,0671935","204,3844355"
CLIENTE489,MuitoBomPleno,V16,15,"526,0671935","56,25"
CLIENTE489,MuitoBomPleno,V13,3,"526,0671935",0
CLIENTE489,MuitoBomPleno,V13,4,"526,0671935",0
CLIENTE489,MuitoBomPleno,V13,5,"526,0671935","56,25"
CLIENTE489,MuitoBomPleno,V13,6,"526,0671935","56,25"
CLIENTE489,MuitoBomPleno,V13,7,"526,0671935","56,25"
CLIENTE489,MuitoBomPleno,V13,8,"526,0671935","56,25"
CLIENTE489,MuitoBomPleno,V13,9,"526,0671935","56,25"
CLIENTE489,MuitoBomPleno,V13,10,"526,0671935","56,25"
CLIENTE489,MuitoBomPleno,V13,11,"526,0671935","56,25"
CLIENTE489,MuitoBomPleno,V13,12,"526,0671935","56,25"
CLIENTE489,MuitoBomPleno,V13,15,"526,0671935","56,25"
CLIENTE490,MuitoBomPleno,V16,3,"526,0671935",0
CLIENTE490,MuitoBomPleno,V16,4,"526,0671935",0
CLIENTE490,MuitoBomPleno,V16,5,"526,0671935","83,42176151"
CLIENTE490,MuitoBomPleno,V16,6,"526,0671935","90,8375269"
CLIENTE490,MuitoBomPleno,V16,7,"526,0671935","67,40737826"
CLIENTE490,MuitoBomPleno,V16,8,"526,0671935","83,42176151"
CLIENTE490,MuitoBomPleno,V16,9,"526,0671935","90,8375269"
CLIENTE490,MuitoBomPleno,V16,10,"526,0671935","67,40737826"
CLIENTE490,MuitoBomPleno,V16,11,"526,0671935","83,42176151"
CLIENTE490,MuitoBomPleno,V16,12,"526,0671935","90,8375269"
CLIENTE490,MuitoBomPleno,V16,15,"526,0671935",25
CLIENTE490,MuitoBomPleno,V13,3,"526,0671935",0
CLIENTE490,MuitoBomPleno,V13,4,"526,0671935",0
CLIENTE490,MuitoBomPleno,V13,5,"526,0671935",25
CLIENTE490,MuitoBomPleno,V13,6,"526,0671935",25
CLIENTE490,MuitoBomPleno,V13,7,"526,0671935",25
CLIENTE490,MuitoBomPleno,V13,8,"526,0671935",25
CLIENTE490,MuitoBomPleno,V13,9,"526,0671935",25
CLIENTE490,MuitoBomPleno,V13,10,"526,0671935",25
CLIENTE490,MuitoBomPleno,V13,11,"526,0671935",25
CLIENTE490,MuitoBomPleno,V13,12,"526,0671935",25
CLIENTE490,MuitoBomPleno,V13,15,"526,0671935",25
CLIENTE711,MuitoBomPleno,V16,8,"557,6384656",830
CLIENTE711,MuitoBomPleno,V16,10,"557,6384656",830
CLIENTE711,MuitoBomPleno,V16,12,"557,6384656",830
CLIENTE304,MuitoBomPleno,V7,3,"526,0671935",250
CLIENTE304,MuitoBomPleno,V7,4,"526,0671935",250
CLIENTE304,MuitoBomPleno,V7,5,"526,0671935",250
CLIENTE304,MuitoBomPleno,V7,6,"526,0671935",250
CLIENTE304,MuitoBomPleno,V7,7,"526,0671935",250
CLIENTE304,MuitoBomPleno,V7,8,"526,0671935",250
CLIENTE304,MuitoBomPleno,V7,9,"526,0671935",250
CLIENTE304,MuitoBomPleno,V7,10,"526,0671935",250
CLIENTE304,MuitoBomPleno,V7,11,"526,0671935",250
CLIENTE304,MuitoBomPleno,V7,12,"526,0671935",250
CLIENTE304,MuitoBomPleno,V7,15,"526,0671935",250
CLIENTE304,MuitoBomPleno,V8,3,"526,0671935",250
CLIENTE304,MuitoBomPleno,V8,4,"526,0671935",250
CLIENTE304,MuitoBomPleno,V8,5,"526,0671935",250
CLIENTE304,MuitoBomPleno,V8,6,"526,0671935",250
CLIENTE304,MuitoBomPleno,V8,7,"526,0671935",250
CLIENTE304,MuitoBomPleno,V8,8,"526,0671935",250
CLIENTE304,MuitoBomPleno,V8,9,"526,0671935",250
CLIENTE304,MuitoBomPleno,V8,10,"526,0671935",250
CLIENTE304,MuitoBomPleno,V8,11,"526,0671935",250
CLIENTE304,MuitoBomPleno,V8,12,"526,0671935",250
CLIENTE304,MuitoBomPleno,V8,15,"526,0671935",250
CLIENTE304,MuitoBomPleno,V16,3,"526,0671935","362,5"
CLIENTE304,MuitoBomPleno,V16,4,"526,0671935","258,5"
CLIENTE304,MuitoBomPleno,V16,5,"526,0671935","258,5"
CLIENTE304,MuitoBomPleno,V16,6,"526,0671935","258,5"
CLIENTE304,MuitoBomPleno,V16,7,"526,0671935","258,5"
CLIENTE304,MuitoBomPleno,V16,8,"526,0671935","258,5"
CLIENTE304,MuitoBomPleno,V16,9,"526,0671935","258,5"
CLIENTE304,MuitoBomPleno,V16,10,"526,0671935","258,5"
CLIENTE304,MuitoBomPleno,V16,11,"526,0671935","258,5"
CLIENTE304,MuitoBomPleno,V16,12,"526,0671935","258,5"
CLIENTE304,MuitoBomPleno,V16,15,"526,0671935","362,5"
CLIENTE304,MuitoBomPleno,V13,3,"526,0671935","137,5"
CLIENTE304,MuitoBomPleno,V13,4,"526,0671935","137,5"
CLIENTE304,MuitoBomPleno,V13,5,"526,0671935","137,5"
CLIENTE304,MuitoBomPleno,V13,6,"526,0671935","137,5"
CLIENTE304,MuitoBomPleno,V13,7,"526,0671935","137,5"
CLIENTE304,MuitoBomPleno,V13,8,"526,0671935","137,5"
CLIENTE304,MuitoBomPleno,V13,9,"526,0671935","137,5"
CLIENTE304,MuitoBomPleno,V13,10,"526,0671935","137,5"
CLIENTE304,MuitoBomPleno,V13,11,"526,0671935","137,5"
CLIENTE304,MuitoBomPleno,V13,12,"526,0671935","137,5"
CLIENTE304,MuitoBomPleno,V13,15,"526,0671935","137,5"
CLIENTE138,MuitoBomPleno,V16,6,"557,6384656",1000
CLIENTE138,MuitoBomPleno,V16,10,"557,6384656",1000
CLIENTE138,MuitoBomPleno,V13,2,"557,6384656",2800
CLIENTE138,MuitoBomPleno,V13,6,"557,6384656",1800
CLIENTE138,MuitoBomPleno,V13,10,"557,6384656",1800
CLIENTE138,MuitoBomPleno,V13,14,"557,6384656",2800
CLIENTE138,PuroAustero,V3,2,"557,6384656",500
CLIENTE138,PuroAustero,V3,6,"557,6384656",500
CLIENTE138,PuroAustero,V3,10,"557,6384656",500
CLIENTE138,PuroAustero,V3,14,"557,6384656",500
CLIENTE445,MuitoBomPleno,V16,1,"557,6384656",1500
CLIENTE445,MuitoBomPleno,V16,2,"557,6384656",1500
CLIENTE445,MuitoBomPleno,V16,3,"557,6384656",1500
CLIENTE445,MuitoBomPleno,V16,4,"557,6384656",1500
CLIENTE445,MuitoBomPleno,V16,5,"557,6384656",1500
CLIENTE445,MuitoBomPleno,V16,6,"557,6384656",1500
CLIENTE445,MuitoBomPleno,V16,7,"557,6384656",1500
CLIENTE445,MuitoBomPleno,V16,8,"557,6384656",1500
CLIENTE445,MuitoBomPleno,V16,9,"557,6384656",1500
CLIENTE445,MuitoBomPleno,V16,10,"557,6384656",1500
CLIENTE445,MuitoBomPleno,V16,11,"557,6384656",1500
CLIENTE445,MuitoBomPleno,V16,12,"557,6384656",1500
CLIENTE445,MuitoBomPleno,V16,13,"557,6384656",1500
CLIENTE445,MuitoBomPleno,V16,14,"557,6384656",1500
CLIENTE445,MuitoBomPleno,V16,15,"557,6384656",1500
CLIENTE494,NaturalClaro,V1,6,"526,0671935",50
CLIENTE494,NaturalClaro,V1,9,"526,0671935",50
CLIENTE494,NaturalClaro,V1,12,"526,0671935",50
CLIENTE494,MuitoBomPleno,V16,5,"526,0671935","277,2375409"
CLIENTE494,MuitoBomPleno,V16,6,"526,0671935","212,4286839"
CLIENTE494,MuitoBomPleno,V16,7,"526,0671935","201,2420879"
CLIENTE494,MuitoBomPleno,V16,8,"526,0671935","277,2375409"
CLIENTE494,MuitoBomPleno,V16,9,"526,0671935","212,4286839"
CLIENTE494,MuitoBomPleno,V16,10,"526,0671935","201,2420879"
CLIENTE494,MuitoBomPleno,V16,11,"526,0671935","277,2375409"
CLIENTE494,MuitoBomPleno,V16,12,"526,0671935","212,4286839"
CLIENTE364,MuitoBomPleno,V16,2,"557,6384656",9000
CLIENTE364,MuitoBomPleno,V13,2,"557,6384656",11000
CLIENTE364,MuitoBomPleno,V13,4,"557,6384656","10999,66667"
CLIENTE364,MuitoBomPleno,V13,6,"557,6384656","10999,66667"
CLIENTE364,MuitoBomPleno,V13,8,"557,6384656","14883,66667"
CLIENTE364,MuitoBomPleno,V13,10,"557,6384656","12383,66667"
CLIENTE364,MuitoBomPleno,V13,12,"522,0558","12383,66667"
CLIENTE364,MuitoBomPleno,V13,14,"557,6384656","19999,66667"
CLIENTE382,MuitoBomPleno,V15,2,"557,6384656",1000
CLIENTE382,MuitoBomPleno,V15,4,"557,6384656",500
CLIENTE382,MuitoBomPleno,V15,6,"557,6384656",500
CLIENTE382,MuitoBomPleno,V15,8,"557,6384656",500
CLIENTE382,MuitoBomPleno,V15,10,"557,6384656",500
CLIENTE382,MuitoBomPleno,V15,12,"515,71935",500
CLIENTE382,MuitoBomPleno,V15,14,"557,6384656",1000
CLIENTE594,MuitoBomPleno,V12,1,"557,6384656",2496
CLIENTE594,MuitoBomPleno,V12,13,"557,6384656",2496
CLIENTE339,MuitoBomPleno,V12,2,"557,6384656",2000
CLIENTE339,MuitoBomPleno,V12,14,"557,6384656",2000
CLIENTE339,MuitoBomPleno,V13,4,"557,6384656",2000
CLIENTE339,MuitoBomPleno,V13,6,"557,6384656",2000
CLIENTE339,MuitoBomPleno,V13,8,"557,6384656",2000
CLIENTE339,MuitoBomPleno,V13,10,"557,6384656",2000
CLIENTE339,MuitoBomPleno,V13,12,"522,0558",2000
CLIENTE239,NeutroSuave,V13,1,"557,6384656",930
CLIENTE239,NeutroSuave,V13,2,"557,6384656",1000
CLIENTE239,NeutroSuave,V13,3,"557,6384656",1000
CLIENTE239,NeutroSuave,V13,4,"557,6384656",1000
CLIENTE239,NeutroSuave,V13,5,"557,6384656",1000
CLIENTE239,NeutroSuave,V13,6,"557,6384656",1000
CLIENTE239,NeutroSuave,V13,7,"557,6384656",1000
CLIENTE239,NeutroSuave,V13,8,"557,6384656",1000
CLIENTE239,NeutroSuave,V13,9,"557,6384656",1000
CLIENTE239,NeutroSuave,V13,10,"557,6384656",1000
CLIENTE239,NeutroSuave,V13,11,"557,6384656",1000
CLIENTE239,NeutroSuave,V13,12,"557,6384656",1000
CLIENTE239,NeutroSuave,V13,13,"557,6384656",930
CLIENTE239,NeutroSuave,V13,14,"557,6384656",1000
CLIENTE239,NeutroSuave,V13,15,"557,6384656",1000
CLIENTE139,NeutroSuave,V13,4,"557,6384656",500
CLIENTE139,NeutroSuave,V13,5,"557,6384656",500
CLIENTE139,NeutroSuave,V13,6,"557,6384656",500
CLIENTE139,NeutroSuave,V13,7,"557,6384656",1250
CLIENTE139,NeutroSuave,V13,8,"557,6384656",1250
CLIENTE139,NeutroSuave,V13,9,"557,6384656",1250
CLIENTE139,NeutroSuave,V13,10,"557,6384656",1250
CLIENTE139,NeutroSuave,V13,11,"557,6384656",1250
CLIENTE139,NeutroSuave,V13,12,"572,4",1250
CLIENTE363,ExcelenteSupremo,V2,2,"557,6384656",24
CLIENTE363,ExcelenteSupremo,V2,14,"557,6384656",24
CLIENTE140,ExcelenteSupremo,V2,2,"557,6384656",3000
CLIENTE140,ExcelenteSupremo,V2,4,"557,6384656",3000
CLIENTE140,ExcelenteSupremo,V2,6,"557,6384656",3000
CLIENTE140,ExcelenteSupremo,V2,8,"557,6384656",3000
CLIENTE140,ExcelenteSupremo,V2,10,"557,6384656",3000
CLIENTE140,ExcelenteSupremo,V2,12,"557,6384656",3000
CLIENTE140,ExcelenteSupremo,V2,14,"557,6384656",3000
CLIENTE140,ResistenteFirme,V2,4,"557,6384656",500
CLIENTE140,ResistenteFirme,V2,5,"557,6384656",500
CLIENTE140,ResistenteFirme,V2,6,"557,6384656",500
CLIENTE140,ResistenteFirme,V2,8,"557,6384656",500
CLIENTE140,ResistenteFirme,V2,10,"557,6384656",500
CLIENTE140,ResistenteFirme,V2,12,"557,6384656",500
CLIENTE300,MuitoBomPleno,V16,1,"557,6384656","0,3333333333"
CLIENTE300,MuitoBomPleno,V16,2,"557,6384656","0,3333333333"
CLIENTE300,MuitoBomPleno,V16,3,"557,6384656","0,3333333333"
CLIENTE300,MuitoBomPleno,V16,10,"557,6384656","0,3333333333"
CLIENTE300,MuitoBomPleno,V16,11,"557,6384656","0,3333333333"
CLIENTE300,MuitoBomPleno,V16,12,"557,6384656","0,3333333333"
CLIENTE300,MuitoBomPleno,V16,13,"557,6384656","0,3333333333"
CLIENTE300,MuitoBomPleno,V16,14,"557,6384656","0,3333333333"
CLIENTE300,MuitoBomPleno,V16,15,"557,6384656","0,3333333333"
CLIENTE624,SuaveTerno,V7,5,"526,0671935","80,43918888"
CLIENTE624,SuaveTerno,V7,6,"526,0671935","98,99597606"
CLIENTE624,SuaveTerno,V7,7,"526,0671935","78,67035204"
CLIENTE624,SuaveTerno,V7,8,"526,0671935","102,2420684"
CLIENTE624,SuaveTerno,V7,9,"526,0671935","111,9699351"
CLIENTE624,SuaveTerno,V7,10,"526,0671935","92,63222757"
CLIENTE624,SuaveTerno,V7,11,"526,0671935","122,8948247"
CLIENTE624,SuaveTerno,V7,12,"522,210954","108,2723732"
CLIENTE624,SuaveTerno,V8,5,"526,0671935","80,43918888"
CLIENTE624,SuaveTerno,V8,6,"526,0671935","98,99597606"
CLIENTE624,SuaveTerno,V8,7,"526,0671935","78,67035204"
CLIENTE624,SuaveTerno,V8,8,"526,0671935","102,2420684"
CLIENTE624,SuaveTerno,V8,9,"526,0671935","111,9699351"
CLIENTE624,SuaveTerno,V8,10,"526,0671935","92,63222757"
CLIENTE624,SuaveTerno,V8,11,"526,0671935","122,8948247"
CLIENTE624,SuaveTerno,V8,12,"522,210954","108,2723732"
CLIENTE624,MuitoBomPleno,V7,5,"526,0671935","79,01561772"
CLIENTE624,MuitoBomPleno,V7,6,"526,0671935","89,24636671"
CLIENTE624,MuitoBomPleno,V7,7,"526,0671935","73,54367968"
CLIENTE624,MuitoBomPleno,V7,8,"526,0671935","91,8807059"
CLIENTE624,MuitoBomPleno,V7,9,"526,0671935","107,8754591"
CLIENTE624,MuitoBomPleno,V7,10,"526,0671935","86,02656848"
CLIENTE624,MuitoBomPleno,V7,11,"526,0671935","117,0581251"
CLIENTE624,MuitoBomPleno,V7,12,"522,210954","101,480993"
CLIENTE624,MuitoBomPleno,V8,5,"526,0671935","1113,955772"
CLIENTE624,MuitoBomPleno,V8,6,"526,0671935","1258,188042"
CLIENTE624,MuitoBomPleno,V8,7,"526,0671935","1036,812833"
CLIENTE624,MuitoBomPleno,V8,8,"526,0671935","1295,326742"
CLIENTE624,MuitoBomPleno,V8,9,"526,0671935","1520,819476"
CLIENTE624,MuitoBomPleno,V8,10,"526,0671935","1212,795587"
CLIENTE624,MuitoBomPleno,V8,11,"526,0671935","1650,275957"
CLIENTE624,MuitoBomPleno,V8,12,"522,210954","1430,670811"
CLIENTE624,MuitoBomPleno,V12,5,"526,0671935","158,0312354"
CLIENTE624,MuitoBomPleno,V12,6,"526,0671935","178,4927334"
CLIENTE624,MuitoBomPleno,V12,7,"526,0671935","147,0873594"
CLIENTE624,MuitoBomPleno,V12,8,"526,0671935","183,7614118"
CLIENTE624,MuitoBomPleno,V12,9,"526,0671935","215,7509182"
CLIENTE624,MuitoBomPleno,V12,10,"526,0671935","172,053137"
CLIENTE624,MuitoBomPleno,V12,11,"526,0671935","234,1162503"
CLIENTE624,MuitoBomPleno,V12,12,"522,210954","202,9619861"
CLIENTE624,MuitoBomPleno,V15,5,"526,0671935","499,6886997"
CLIENTE624,MuitoBomPleno,V15,6,"526,0671935","564,3871708"
CLIENTE624,MuitoBomPleno,V15,7,"526,0671935","465,0845837"
CLIENTE624,MuitoBomPleno,V15,8,"526,0671935","581,0465296"
CLIENTE624,MuitoBomPleno,V15,9,"526,0671935","682,1961209"
CLIENTE624,MuitoBomPleno,V15,10,"526,0671935","544,025414"
CLIENTE624,MuitoBomPleno,V15,11,"526,0671935","740,2665958"
CLIENTE624,MuitoBomPleno,V15,12,"522,210954","641,7580083"
CLIENTE624,ExcelenteSupremo,V1,5,"526,0671935","299,6757007"
CLIENTE624,ExcelenteSupremo,V1,6,"526,0671935","338,4769778"
CLIENTE624,ExcelenteSupremo,V1,7,"526,0671935","278,9227545"
CLIENTE624,ExcelenteSupremo,V1,8,"526,0671935","348,4680082"
CLIENTE624,ExcelenteSupremo,V1,9,"526,0671935","409,1299257"
CLIENTE624,ExcelenteSupremo,V1,10,"526,0671935","326,2655274"
CLIENTE624,ExcelenteSupremo,V1,11,"526,0671935","443,9562291"
CLIENTE624,ExcelenteSupremo,V1,12,"522,210954","384,8781871"
CLIENTE624,ExcelenteSupremo,V7,5,"526,0671935","79,01561772"
CLIENTE624,ExcelenteSupremo,V7,6,"526,0671935","89,24636671"
CLIENTE624,ExcelenteSupremo,V7,7,"526,0671935","73,54367968"
CLIENTE624,ExcelenteSupremo,V7,8,"526,0671935","91,8807059"
CLIENTE624,ExcelenteSupremo,V7,9,"526,0671935","107,8754591"
CLIENTE624,ExcelenteSupremo,V7,10,"526,0671935","86,02656848"
CLIENTE624,ExcelenteSupremo,V7,11,"526,0671935","117,0581251"
CLIENTE624,ExcelenteSupremo,V7,12,"522,210954","101,480993"
CLIENTE624,ExcelenteSupremo,V8,5,"526,0671935","79,01561772"
CLIENTE624,ExcelenteSupremo,V8,6,"526,0671935","89,24636671"
CLIENTE624,ExcelenteSupremo,V8,7,"526,0671935","73,54367968"
CLIENTE624,ExcelenteSupremo,V8,8,"526,0671935","91,8807059"
CLIENTE624,ExcelenteSupremo,V8,9,"526,0671935","107,8754591"
CLIENTE624,ExcelenteSupremo,V8,10,"526,0671935","86,02656848"
CLIENTE624,ExcelenteSupremo,V8,11,"526,0671935","117,0581251"
CLIENTE624,ExcelenteSupremo,V8,12,"522,210954","101,480993"
CLIENTE574,MuitoBomPleno,V15,1,"557,6384656",598
CLIENTE574,MuitoBomPleno,V15,2,"557,6384656",500
CLIENTE574,MuitoBomPleno,V15,3,"557,6384656",600
CLIENTE574,MuitoBomPleno,V15,4,"557,6384656",600
CLIENTE574,MuitoBomPleno,V15,5,"557,6384656",600
CLIENTE574,MuitoBomPleno,V15,6,"557,6384656",600
CLIENTE574,MuitoBomPleno,V15,7,"557,6384656",600
CLIENTE574,MuitoBomPleno,V15,8,"557,6384656",600
CLIENTE574,MuitoBomPleno,V15,9,"557,6384656",600
CLIENTE574,MuitoBomPleno,V15,10,"557,6384656",600
CLIENTE574,MuitoBomPleno,V15,11,"557,6384656",600
CLIENTE574,MuitoBomPleno,V15,12,"572,4",600
CLIENTE574,MuitoBomPleno,V15,13,"557,6384656",598
CLIENTE574,MuitoBomPleno,V15,14,"557,6384656",500
CLIENTE574,MuitoBomPleno,V15,15,"557,6384656",600
CLIENTE308,MuitoBomPleno,V16,1,"557,6384656",900
CLIENTE308,MuitoBomPleno,V16,2,"557,6384656",900
CLIENTE308,MuitoBomPleno,V16,3,"557,6384656",900
CLIENTE308,MuitoBomPleno,V16,4,"557,6384656",1300
CLIENTE308,MuitoBomPleno,V16,5,"557,6384656",1300
CLIENTE308,MuitoBomPleno,V16,6,"557,6384656",1300
CLIENTE308,MuitoBomPleno,V16,7,"557,6384656",1300
CLIENTE308,MuitoBomPleno,V16,8,"557,6384656",1300
CLIENTE308,MuitoBomPleno,V16,9,"557,6384656",1300
CLIENTE308,MuitoBomPleno,V16,10,"557,6384656",1300
CLIENTE308,MuitoBomPleno,V16,11,"557,6384656",1300
CLIENTE308,MuitoBomPleno,V16,12,"584,766",1300
CLIENTE308,MuitoBomPleno,V16,13,"557,6384656",900
CLIENTE308,MuitoBomPleno,V16,14,"557,6384656",900
CLIENTE308,MuitoBomPleno,V16,15,"557,6384656",900
CLIENTE446,MuitoBomPleno,V16,1,"557,6384656",400
CLIENTE446,MuitoBomPleno,V16,2,"557,6384656",400
CLIENTE446,MuitoBomPleno,V16,3,"557,6384656",400
CLIENTE446,MuitoBomPleno,V16,4,"557,6384656",400
CLIENTE446,MuitoBomPleno,V16,5,"557,6384656",400
CLIENTE446,MuitoBomPleno,V16,6,"557,6384656",400
CLIENTE446,MuitoBomPleno,V16,7,"557,6384656",400
CLIENTE446,MuitoBomPleno,V16,8,"557,6384656",400
CLIENTE446,MuitoBomPleno,V16,9,"557,6384656",400
CLIENTE446,MuitoBomPleno,V16,10,"557,6384656",400
CLIENTE446,MuitoBomPleno,V16,11,"557,6384656",400
CLIENTE446,MuitoBomPleno,V16,12,"557,6384656",400
CLIENTE446,MuitoBomPleno,V16,13,"557,6384656",400
CLIENTE446,MuitoBomPleno,V16,14,"557,6384656",400
CLIENTE446,MuitoBomPleno,V16,15,"557,6384656",400
CLIENTE185,MuitoBomPleno,V16,2,"557,6384656",1600
CLIENTE185,MuitoBomPleno,V16,3,"557,6384656",1600
CLIENTE185,MuitoBomPleno,V16,4,"557,6384656",1600
CLIENTE185,MuitoBomPleno,V16,5,"557,6384656",1600
CLIENTE185,MuitoBomPleno,V16,6,"557,6384656",1600
CLIENTE185,MuitoBomPleno,V16,7,"557,6384656",1600
CLIENTE185,MuitoBomPleno,V16,8,"557,6384656",1600
CLIENTE185,MuitoBomPleno,V16,9,"557,6384656",1600
CLIENTE185,MuitoBomPleno,V16,10,"557,6384656",1600
CLIENTE185,MuitoBomPleno,V16,11,"557,6384656",1600
CLIENTE185,MuitoBomPleno,V16,12,"557,6384656",1600
CLIENTE185,MuitoBomPleno,V16,14,"557,6384656",1600
CLIENTE185,MuitoBomPleno,V16,15,"557,6384656",1600
CLIENTE185,PuroAustero,V3,1,"557,6384656",100
CLIENTE185,PuroAustero,V3,2,"557,6384656",100
CLIENTE185,PuroAustero,V3,3,"557,6384656",100
CLIENTE185,PuroAustero,V3,4,"557,6384656",100
CLIENTE185,PuroAustero,V3,5,"557,6384656",100
CLIENTE185,PuroAustero,V3,6,"557,6384656",100
CLIENTE185,PuroAustero,V3,7,"557,6384656",100
CLIENTE185,PuroAustero,V3,8,"557,6384656",100
CLIENTE185,PuroAustero,V3,9,"557,6384656",100
CLIENTE185,PuroAustero,V3,10,"557,6384656",100
CLIENTE185,PuroAustero,V3,11,"557,6384656",100
CLIENTE185,PuroAustero,V3,12,"557,6384656",100
CLIENTE185,PuroAustero,V3,13,"557,6384656",100
CLIENTE185,PuroAustero,V3,14,"557,6384656",100
CLIENTE185,PuroAustero,V3,15,"557,6384656",100
CLIENTE185,ArtificialTres,V2,1,"557,6384656",120
CLIENTE185,ArtificialTres,V2,2,"557,6384656",600
CLIENTE185,ArtificialTres,V2,3,"557,6384656",600
CLIENTE185,ArtificialTres,V2,4,"557,6384656","299,67"
CLIENTE185,ArtificialTres,V2,5,"557,6384656","299,67"
CLIENTE185,ArtificialTres,V2,6,"557,6384656","299,67"
CLIENTE185,ArtificialTres,V2,7,"557,6384656","299,67"
CLIENTE185,ArtificialTres,V2,8,"557,6384656","299,67"
CLIENTE185,ArtificialTres,V2,9,"557,6384656","299,67"
CLIENTE185,ArtificialTres,V2,10,"557,6384656","299,67"
CLIENTE185,ArtificialTres,V2,11,"557,6384656","299,67"
CLIENTE185,ArtificialTres,V2,12,"557,6384656","299,67"
CLIENTE185,ArtificialTres,V2,13,"557,6384656",120
CLIENTE185,ArtificialTres,V2,14,"557,6384656",600
CLIENTE185,ArtificialTres,V2,15,"557,6384656",600
CLIENTE186,InferiorRaso,V16,2,"557,6384656",350
CLIENTE186,InferiorRaso,V16,3,"557,6384656",350
CLIENTE186,InferiorRaso,V16,4,"557,6384656",350
CLIENTE186,InferiorRaso,V16,5,"557,6384656",350
CLIENTE186,InferiorRaso,V16,6,"557,6384656",350
CLIENTE186,InferiorRaso,V16,7,"557,6384656",350
CLIENTE186,InferiorRaso,V16,8,"557,6384656",350
CLIENTE186,InferiorRaso,V16,9,"557,6384656",350
CLIENTE186,InferiorRaso,V16,10,"557,6384656",350
CLIENTE186,InferiorRaso,V16,11,"557,6384656",350
CLIENTE186,InferiorRaso,V16,12,"557,6384656",350
CLIENTE186,InferiorRaso,V16,14,"557,6384656",350
CLIENTE186,InferiorRaso,V16,15,"557,6384656",350
CLIENTE186,MuitoBomPleno,V16,2,"557,6384656",2250
CLIENTE186,MuitoBomPleno,V16,3,"557,6384656",2250
CLIENTE186,MuitoBomPleno,V16,4,"557,6384656",2250
CLIENTE186,MuitoBomPleno,V16,5,"557,6384656",2250
CLIENTE186,MuitoBomPleno,V16,6,"557,6384656",2250
CLIENTE186,MuitoBomPleno,V16,7,"557,6384656",2250
CLIENTE186,MuitoBomPleno,V16,8,"557,6384656",2250
CLIENTE186,MuitoBomPleno,V16,9,"557,6384656",2250
CLIENTE186,MuitoBomPleno,V16,10,"557,6384656",2250
CLIENTE186,MuitoBomPleno,V16,11,"557,6384656",2250
CLIENTE186,MuitoBomPleno,V16,12,"557,6384656",2250
CLIENTE186,MuitoBomPleno,V16,14,"557,6384656",2250
CLIENTE186,MuitoBomPleno,V16,15,"557,6384656",2250
CLIENTE186,PuroAustero,V3,1,"557,6384656",500
CLIENTE186,PuroAustero,V3,2,"557,6384656",500
CLIENTE186,PuroAustero,V3,3,"557,6384656",500
CLIENTE186,PuroAustero,V3,4,"557,6384656",500
CLIENTE186,PuroAustero,V3,5,"557,6384656",500
CLIENTE186,PuroAustero,V3,6,"557,6384656",500
CLIENTE186,PuroAustero,V3,7,"557,6384656",500
CLIENTE186,PuroAustero,V3,8,"557,6384656",500
CLIENTE186,PuroAustero,V3,9,"557,6384656",500
CLIENTE186,PuroAustero,V3,10,"557,6384656",500
CLIENTE186,PuroAustero,V3,11,"557,6384656",500
CLIENTE186,PuroAustero,V3,12,"557,6384656",500
CLIENTE186,PuroAustero,V3,13,"557,6384656",500
CLIENTE186,PuroAustero,V3,14,"557,6384656",500
CLIENTE186,PuroAustero,V3,15,"557,6384656",500
CLIENTE186,ArtificialTres,V2,4,"557,6384656",300
CLIENTE186,ArtificialTres,V2,5,"557,6384656",300
CLIENTE186,ArtificialTres,V2,6,"557,6384656",300
CLIENTE186,ArtificialTres,V2,7,"557,6384656",300
CLIENTE186,ArtificialTres,V2,8,"557,6384656",300
CLIENTE186,ArtificialTres,V2,9,"557,6384656",300
CLIENTE186,ArtificialTres,V2,10,"557,6384656",300
CLIENTE186,ArtificialTres,V2,11,"557,6384656",300
CLIENTE186,ArtificialTres,V2,12,"557,6384656",300
CLIENTE186,ArtificialCinco,V16,1,"557,6384656",500
CLIENTE186,ArtificialCinco,V16,13,"557,6384656",500
CLIENTE709,NaturalClaro,V1,2,"526,0671935",64
CLIENTE709,NaturalClaro,V1,3,"526,0671935",96
CLIENTE709,NaturalClaro,V1,5,"526,0671935",200
CLIENTE709,NaturalClaro,V1,6,"526,0671935",200
CLIENTE709,NaturalClaro,V1,7,"526,0671935",200
CLIENTE709,NaturalClaro,V1,8,"526,0671935",200
CLIENTE709,NaturalClaro,V1,9,"526,0671935",200
CLIENTE709,NaturalClaro,V1,10,"526,0671935",200
CLIENTE709,NaturalClaro,V1,11,"526,0671935",200
CLIENTE709,NaturalClaro,V1,12,"526,0671935",200
CLIENTE709,NaturalClaro,V1,14,"526,0671935",64
CLIENTE709,NaturalClaro,V1,15,"526,0671935",96
CLIENTE141,LimpoTenaz,V1,3,"590,4888889",14500
CLIENTE141,LimpoTenaz,V1,6,"590,4888889",13500
CLIENTE141,LimpoTenaz,V1,9,"590,4888889",13500
CLIENTE141,LimpoTenaz,V1,12,560,13500
CLIENTE141,LimpoTenaz,V1,15,"590,4888889",14500
CLIENTE495,MuitoBomPleno,V16,5,"526,0671935","58,42176151"
CLIENTE495,MuitoBomPleno,V16,6,"526,0671935","65,8375269"
CLIENTE495,MuitoBomPleno,V16,7,"526,0671935","42,40737826"
CLIENTE495,MuitoBomPleno,V16,8,"526,0671935","58,42176151"
CLIENTE495,MuitoBomPleno,V16,9,"526,0671935","65,8375269"
CLIENTE495,MuitoBomPleno,V16,10,"526,0671935","42,40737826"
CLIENTE495,MuitoBomPleno,V16,11,"526,0671935","58,42176151"
CLIENTE495,MuitoBomPleno,V16,12,"526,0671935","65,8375269"
CLIENTE495,MuitoBomPleno,V13,5,"526,0671935","55,79278224"
CLIENTE495,MuitoBomPleno,V13,6,"526,0671935","62,87483819"
CLIENTE495,MuitoBomPleno,V13,7,"526,0671935","40,49904624"
CLIENTE495,MuitoBomPleno,V13,8,"526,0671935","55,79278224"
CLIENTE495,MuitoBomPleno,V13,9,"526,0671935","62,87483819"
CLIENTE495,MuitoBomPleno,V13,10,"526,0671935","40,49904624"
CLIENTE495,MuitoBomPleno,V13,11,"526,0671935","55,79278224"
CLIENTE495,MuitoBomPleno,V13,12,"526,0671935","62,87483819"
CLIENTE635,MuitoBomPleno,V16,1,"526,0671935",0
CLIENTE635,MuitoBomPleno,V16,13,"526,0671935",624
CLIENTE635,MuitoBomPleno,V13,3,"526,0671935","1157,2"
CLIENTE635,MuitoBomPleno,V13,4,"526,0671935","992,5333333"
CLIENTE635,MuitoBomPleno,V13,5,"526,0671935","3517,471783"
CLIENTE635,MuitoBomPleno,V13,6,"526,0671935","3517,471783"
CLIENTE635,MuitoBomPleno,V13,7,"526,0671935","3517,471783"
CLIENTE635,MuitoBomPleno,V13,8,"526,0671935","3517,471783"
CLIENTE635,MuitoBomPleno,V13,9,"526,0671935","3517,471783"
CLIENTE635,MuitoBomPleno,V13,10,"526,0671935","3517,471783"
CLIENTE635,MuitoBomPleno,V13,11,"526,0671935","3517,471783"
CLIENTE635,MuitoBomPleno,V13,12,"522,210954","3517,471783"
CLIENTE635,MuitoBomPleno,V13,15,"526,0671935","3682,13845"
CLIENTE195,LimpoTenaz,V1,1,"526,0671935",3100
CLIENTE195,LimpoTenaz,V1,2,"526,0671935","3156,002387"
CLIENTE195,LimpoTenaz,V1,3,"526,0671935","3156,002387"
CLIENTE195,LimpoTenaz,V1,4,"526,0671935","3156,002387"
CLIENTE195,LimpoTenaz,V1,5,"526,0671935","3156,002387"
CLIENTE195,LimpoTenaz,V1,6,"526,0671935","3156,002387"
CLIENTE195,LimpoTenaz,V1,7,"526,0671935","3156,002387"
CLIENTE195,LimpoTenaz,V1,8,"526,0671935","3156,002387"
CLIENTE195,LimpoTenaz,V1,9,"526,0671935","3156,002387"
CLIENTE195,LimpoTenaz,V1,10,"526,0671935","3156,002387"
CLIENTE195,LimpoTenaz,V1,11,"526,0671935","3156,002387"
CLIENTE195,LimpoTenaz,V1,12,598,"3156,002387"
CLIENTE195,LimpoTenaz,V1,13,"526,0671935",3100
CLIENTE195,LimpoTenaz,V1,14,"526,0671935","3156,002387"
CLIENTE195,LimpoTenaz,V1,15,"526,0671935","3156,002387"
CLIENTE195,ArtificialUm,V1,1,"526,0671935",280
CLIENTE195,ArtificialUm,V1,2,"526,0671935","833,3333333"
CLIENTE195,ArtificialUm,V1,3,"526,0671935","833,3333333"
CLIENTE195,ArtificialUm,V1,4,"526,0671935","833,3333333"
CLIENTE195,ArtificialUm,V1,5,"526,0671935","833,3333333"
CLIENTE195,ArtificialUm,V1,6,"526,0671935","833,3333333"
CLIENTE195,ArtificialUm,V1,7,"526,0671935","833,3333333"
CLIENTE195,ArtificialUm,V1,8,"526,0671935","833,3333333"
CLIENTE195,ArtificialUm,V1,9,"526,0671935","833,3333333"
CLIENTE195,ArtificialUm,V1,10,"526,0671935","833,3333333"
CLIENTE195,ArtificialUm,V1,11,"526,0671935","833,3333333"
CLIENTE195,ArtificialUm,V1,12,598,"833,3333333"
CLIENTE195,ArtificialUm,V1,13,"526,0671935",280
CLIENTE195,ArtificialUm,V1,14,"526,0671935","833,3333333"
CLIENTE195,ArtificialUm,V1,15,"526,0671935","833,3333333"
CLIENTE214,MuitoBomIntenso,V9,6,"526,0671935","16,96157484"
CLIENTE214,MuitoBomIntenso,V9,7,"526,0671935","10,92531804"
CLIENTE214,MuitoBomIntenso,V9,8,"526,0671935","15,05106779"
CLIENTE214,MuitoBomIntenso,V9,9,"526,0671935","16,96157484"
CLIENTE214,MuitoBomIntenso,V9,10,"526,0671935","10,92531804"
CLIENTE214,MuitoBomIntenso,V9,11,"526,0671935","15,05106779"
CLIENTE214,MuitoBomIntenso,V9,12,"522,210954","16,96157484"
CLIENTE499,MuitoBomPleno,V16,5,"526,0671935","58,1296527"
CLIENTE499,MuitoBomPleno,V16,6,"526,0671935","65,50833927"
CLIENTE499,MuitoBomPleno,V16,7,"526,0671935","42,19534137"
CLIENTE499,MuitoBomPleno,V16,8,"526,0671935","58,1296527"
CLIENTE499,MuitoBomPleno,V16,9,"526,0671935","65,50833927"
CLIENTE499,MuitoBomPleno,V16,10,"526,0671935","42,19534137"
CLIENTE499,MuitoBomPleno,V16,11,"526,0671935","58,1296527"
CLIENTE499,MuitoBomPleno,V16,12,"526,0671935","65,50833927"
CLIENTE307,MuitoBomPleno,V13,1,"557,6384656",1500
CLIENTE307,MuitoBomPleno,V13,2,"557,6384656","3034,333333"
CLIENTE307,MuitoBomPleno,V13,3,"557,6384656","2200,333333"
CLIENTE307,MuitoBomPleno,V13,4,"557,6384656","1833,333333"
CLIENTE307,MuitoBomPleno,V13,5,"557,6384656","1833,333333"
CLIENTE307,MuitoBomPleno,V13,6,"557,6384656","1833,333333"
CLIENTE307,MuitoBomPleno,V13,7,"557,6384656","1833,333333"
CLIENTE307,MuitoBomPleno,V13,8,"557,6384656","1833,333333"
CLIENTE307,MuitoBomPleno,V13,9,"557,6384656","1833,333333"
CLIENTE307,MuitoBomPleno,V13,10,"557,6384656","1833,333333"
CLIENTE307,MuitoBomPleno,V13,11,"557,6384656","1833,333333"
CLIENTE307,MuitoBomPleno,V13,12,"557,6384656","1833,333333"
CLIENTE307,MuitoBomPleno,V13,13,"557,6384656",1500
CLIENTE307,MuitoBomPleno,V13,14,"557,6384656","3034,333333"
CLIENTE307,MuitoBomPleno,V13,15,"557,6384656","2200,333333"
CLIENTE344,MuitoBomPleno,V16,1,"557,6384656",700
CLIENTE344,MuitoBomPleno,V16,2,"557,6384656",2500
CLIENTE344,MuitoBomPleno,V16,3,"557,6384656",2800
CLIENTE344,MuitoBomPleno,V16,4,"557,6384656",1500
CLIENTE344,MuitoBomPleno,V16,5,"557,6384656",1500
CLIENTE344,MuitoBomPleno,V16,6,"557,6384656",1500
CLIENTE344,MuitoBomPleno,V16,7,"557,6384656",1500
CLIENTE344,MuitoBomPleno,V16,8,"557,6384656",1500
CLIENTE344,MuitoBomPleno,V16,9,"557,6384656",1500
CLIENTE344,MuitoBomPleno,V16,10,"557,6384656",1500
CLIENTE344,MuitoBomPleno,V16,11,"557,6384656",1500
CLIENTE344,MuitoBomPleno,V16,13,"557,6384656",700
CLIENTE344,MuitoBomPleno,V16,14,"557,6384656",2500
CLIENTE344,MuitoBomPleno,V16,15,"557,6384656",2800
CLIENTE344,MuitoBomPleno,V13,1,"557,6384656","8801,666667"
CLIENTE344,MuitoBomPleno,V13,2,"557,6384656",6750
CLIENTE344,MuitoBomPleno,V13,3,"557,6384656",6700
CLIENTE344,MuitoBomPleno,V13,4,"557,6384656",5500
CLIENTE344,MuitoBomPleno,V13,5,"557,6384656",7000
CLIENTE344,MuitoBomPleno,V13,6,"557,6384656",7000
CLIENTE344,MuitoBomPleno,V13,7,"557,6384656",7000
CLIENTE344,MuitoBomPleno,V13,8,"557,6384656",7000
CLIENTE344,MuitoBomPleno,V13,9,"557,6384656",7000
CLIENTE344,MuitoBomPleno,V13,10,"557,6384656",7000
CLIENTE344,MuitoBomPleno,V13,11,"557,6384656",7000
CLIENTE344,MuitoBomPleno,V13,12,"522,0558",8300
CLIENTE344,MuitoBomPleno,V13,13,"557,6384656","8801,666667"
CLIENTE344,MuitoBomPleno,V13,14,"557,6384656",6750
CLIENTE344,MuitoBomPleno,V13,15,"557,6384656",6700
CLIENTE344,MuitoBomCerto,V13,4,"557,6384656",1500
CLIENTE344,ArtificialCinco,V16,1,"557,6384656",250
CLIENTE344,ArtificialCinco,V16,13,"557,6384656",250
CLIENTE284,MuitoBomPleno,V13,2,"557,6384656",1500
CLIENTE284,MuitoBomPleno,V13,3,"557,6384656",1500
CLIENTE284,MuitoBomPleno,V13,14,"557,6384656",1500
CLIENTE284,MuitoBomPleno,V13,15,"557,6384656",1500
CLIENTE385,MuitoBomPleno,V16,1,"557,6384656",1328
CLIENTE385,MuitoBomPleno,V16,2,"557,6384656",2200
CLIENTE385,MuitoBomPleno,V16,3,"557,6384656",2000
CLIENTE385,MuitoBomPleno,V16,5,"557,6384656","1666,666667"
CLIENTE385,MuitoBomPleno,V16,6,"557,6384656","1666,666667"
CLIENTE385,MuitoBomPleno,V16,7,"557,6384656","1666,666667"
CLIENTE385,MuitoBomPleno,V16,8,"557,6384656","1666,666667"
CLIENTE385,MuitoBomPleno,V16,9,"557,6384656","1666,666667"
CLIENTE385,MuitoBomPleno,V16,10,"557,6384656","1666,666667"
CLIENTE385,MuitoBomPleno,V16,11,"557,6384656","1666,666667"
CLIENTE385,MuitoBomPleno,V16,12,"557,6384656","1666,666667"
CLIENTE385,MuitoBomPleno,V16,13,"557,6384656",1328
CLIENTE385,MuitoBomPleno,V16,14,"557,6384656",2200
CLIENTE385,MuitoBomPleno,V16,15,"557,6384656",2000
CLIENTE385,MuitoBomCerto,V16,4,"557,6384656","1666,666667"
CLIENTE593,MuitoBomPleno,V16,1,"557,6384656",1908
CLIENTE593,MuitoBomPleno,V16,2,"557,6384656",1358
CLIENTE593,MuitoBomPleno,V16,3,"557,6384656",3283
CLIENTE593,MuitoBomPleno,V16,4,"557,6384656",4972
CLIENTE593,MuitoBomPleno,V16,5,"557,6384656",4972
CLIENTE593,MuitoBomPleno,V16,6,"557,6384656",4972
CLIENTE593,MuitoBomPleno,V16,7,"557,6384656",1250
CLIENTE593,MuitoBomPleno,V16,8,"557,6384656",1250
CLIENTE593,MuitoBomPleno,V16,9,"557,6384656",1250
CLIENTE593,MuitoBomPleno,V16,10,"557,6384656",1250
CLIENTE593,MuitoBomPleno,V16,11,"557,6384656",1250
CLIENTE593,MuitoBomPleno,V16,12,"523,676228",1250
CLIENTE593,MuitoBomPleno,V16,13,"557,6384656",1908
CLIENTE593,MuitoBomPleno,V16,14,"557,6384656",1358
CLIENTE593,MuitoBomPleno,V16,15,"557,6384656",3283
CLIENTE593,MuitoBomPleno,V13,1,"557,6384656",1209
CLIENTE593,MuitoBomPleno,V13,2,"557,6384656",1958
CLIENTE593,MuitoBomPleno,V13,3,"557,6384656",1250
CLIENTE593,MuitoBomPleno,V13,4,"557,6384656",1250
CLIENTE593,MuitoBomPleno,V13,5,"557,6384656",1250
CLIENTE593,MuitoBomPleno,V13,6,"557,6384656",1250
CLIENTE593,MuitoBomPleno,V13,7,"557,6384656",1250
CLIENTE593,MuitoBomPleno,V13,8,"557,6384656",1250
CLIENTE593,MuitoBomPleno,V13,9,"557,6384656",1250
CLIENTE593,MuitoBomPleno,V13,10,"557,6384656",1250
CLIENTE593,MuitoBomPleno,V13,11,"557,6384656",1250
CLIENTE593,MuitoBomPleno,V13,12,"523,676228",1250
CLIENTE593,MuitoBomPleno,V13,13,"557,6384656",1209
CLIENTE593,MuitoBomPleno,V13,14,"557,6384656",1958
CLIENTE593,MuitoBomPleno,V13,15,"557,6384656",1250
CLIENTE216,MuitoBomPleno,V16,1,"557,6384656","1999,666667"
CLIENTE216,MuitoBomPleno,V16,2,"557,6384656","1699,666667"
CLIENTE216,MuitoBomPleno,V16,3,"557,6384656","1499,666667"
CLIENTE216,MuitoBomPleno,V16,5,"557,6384656","1366,666667"
CLIENTE216,MuitoBomPleno,V16,6,"557,6384656","1366,666667"
CLIENTE216,MuitoBomPleno,V16,7,"557,6384656","1366,666667"
CLIENTE216,MuitoBomPleno,V16,8,"557,6384656","1366,666667"
CLIENTE216,MuitoBomPleno,V16,9,"557,6384656","1366,666667"
CLIENTE216,MuitoBomPleno,V16,10,"557,6384656","1366,666667"
CLIENTE216,MuitoBomPleno,V16,11,"557,6384656","1366,666667"
CLIENTE216,MuitoBomPleno,V16,12,"522,0558","1666,666667"
CLIENTE216,MuitoBomPleno,V16,13,"557,6384656","1999,666667"
CLIENTE216,MuitoBomPleno,V16,14,"557,6384656","1699,666667"
CLIENTE216,MuitoBomPleno,V16,15,"557,6384656","1499,666667"
CLIENTE216,MuitoBomPleno,V13,1,"557,6384656","4000,333333"
CLIENTE216,MuitoBomPleno,V13,2,"557,6384656","6800,333333"
CLIENTE216,MuitoBomPleno,V13,3,"557,6384656","6000,333333"
CLIENTE216,MuitoBomPleno,V13,4,"557,6384656","5633,333333"
CLIENTE216,MuitoBomPleno,V13,5,"557,6384656","5633,333333"
CLIENTE216,MuitoBomPleno,V13,6,"557,6384656","5633,333333"
CLIENTE216,MuitoBomPleno,V13,7,"557,6384656","5633,333333"
CLIENTE216,MuitoBomPleno,V13,8,"557,6384656","5633,333333"
CLIENTE216,MuitoBomPleno,V13,9,"557,6384656","5633,333333"
CLIENTE216,MuitoBomPleno,V13,10,"557,6384656","5633,333333"
CLIENTE216,MuitoBomPleno,V13,11,"557,6384656","5633,333333"
CLIENTE216,MuitoBomPleno,V13,12,"522,0558","5113,333333"
CLIENTE216,MuitoBomPleno,V13,13,"557,6384656","4000,333333"
CLIENTE216,MuitoBomPleno,V13,14,"557,6384656","6800,333333"
CLIENTE216,MuitoBomPleno,V13,15,"557,6384656","6000,333333"
CLIENTE216,MuitoBomCerto,V16,4,"557,6384656","1366,666667"
CLIENTE144,MuitoBomPleno,V13,4,"557,6384656",7500
CLIENTE144,MuitoBomPleno,V13,5,"557,6384656","7500,333333"
CLIENTE144,MuitoBomPleno,V13,6,"557,6384656","0,00003333333007"
CLIENTE144,MuitoBomPleno,V13,7,"557,6384656","7500,333333"
CLIENTE144,MuitoBomPleno,V13,8,"557,6384656","0,00003333333007"
CLIENTE144,MuitoBomPleno,V13,9,"557,6384656","7500,333333"
CLIENTE144,MuitoBomPleno,V13,10,"557,6384656","0,00003333333007"
CLIENTE144,MuitoBomPleno,V13,11,"557,6384656","7500,333333"
CLIENTE144,MuitoBomPleno,V13,12,"521,4133853","0,00003333333007"
CLIENTE144,MuitoBomPleno,V15,4,"557,6384656",7500
CLIENTE144,MuitoBomPleno,V15,5,"557,6384656",7500
CLIENTE144,MuitoBomPleno,V15,7,"557,6384656",7500
CLIENTE144,MuitoBomPleno,V15,9,"557,6384656",7500
CLIENTE144,MuitoBomPleno,V15,11,"557,6384656",7500
CLIENTE592,MuitoBomPleno,V16,1,"557,6384656","2341,333333"
CLIENTE592,MuitoBomPleno,V16,2,"557,6384656","2341,333333"
CLIENTE592,MuitoBomPleno,V16,3,"557,6384656","1633,333333"
CLIENTE592,MuitoBomPleno,V16,4,"557,6384656","1944,444444"
CLIENTE592,MuitoBomPleno,V16,5,"557,6384656","1944,444444"
CLIENTE592,MuitoBomPleno,V16,6,"557,6384656","1944,444444"
CLIENTE592,MuitoBomPleno,V16,7,"557,6384656","1944,444444"
CLIENTE592,MuitoBomPleno,V16,8,"557,6384656","1944,444444"
CLIENTE592,MuitoBomPleno,V16,9,"557,6384656","1944,444444"
CLIENTE592,MuitoBomPleno,V16,10,"557,6384656","1944,444444"
CLIENTE592,MuitoBomPleno,V16,11,"557,6384656","1944,444444"
CLIENTE592,MuitoBomPleno,V16,12,"523,676228","1944,444444"
CLIENTE592,MuitoBomPleno,V16,13,"557,6384656","2341,333333"
CLIENTE592,MuitoBomPleno,V16,14,"557,6384656","2341,333333"
CLIENTE592,MuitoBomPleno,V16,15,"557,6384656","1633,333333"
CLIENTE592,MuitoBomPleno,V13,1,"557,6384656","1541,333333"
CLIENTE592,MuitoBomPleno,V13,2,"557,6384656","1342,333333"
CLIENTE592,MuitoBomPleno,V13,3,"557,6384656","833,3333333"
CLIENTE592,MuitoBomPleno,V13,4,"557,6384656","833,3333333"
CLIENTE592,MuitoBomPleno,V13,5,"557,6384656","833,3333333"
CLIENTE592,MuitoBomPleno,V13,6,"557,6384656","833,3333333"
CLIENTE592,MuitoBomPleno,V13,7,"557,6384656","833,3333333"
CLIENTE592,MuitoBomPleno,V13,8,"557,6384656","833,3333333"
CLIENTE592,MuitoBomPleno,V13,9,"557,6384656","833,3333333"
CLIENTE592,MuitoBomPleno,V13,10,"557,6384656","833,3333333"
CLIENTE592,MuitoBomPleno,V13,11,"557,6384656","833,3333333"
CLIENTE592,MuitoBomPleno,V13,12,"523,676228","833,3333333"
CLIENTE592,MuitoBomPleno,V13,13,"557,6384656","1541,333333"
CLIENTE592,MuitoBomPleno,V13,14,"557,6384656","1342,333333"
CLIENTE592,MuitoBomPleno,V13,15,"557,6384656","833,3333333"
CLIENTE592,ArtificialCinco,V16,1,"557,6384656",200
CLIENTE592,ArtificialCinco,V16,13,"557,6384656",200
CLIENTE389,MuitoBomPleno,V5,2,"590,4888889",1500
CLIENTE389,MuitoBomPleno,V5,3,"590,4888889","303,7166831"
CLIENTE389,MuitoBomPleno,V5,4,"590,4888889","104,3272227"
CLIENTE389,MuitoBomPleno,V5,5,"590,4888889","506,3916177"
CLIENTE389,MuitoBomPleno,V5,6,"590,4888889","102,2131712"
CLIENTE389,MuitoBomPleno,V5,7,"590,4888889","68,3198317"
CLIENTE389,MuitoBomPleno,V5,8,"590,4888889","37,2204825"
CLIENTE389,MuitoBomPleno,V5,10,"590,4888889","616,7965672"
CLIENTE389,MuitoBomPleno,V5,12,"590,4888889","616,7965672"
CLIENTE389,MuitoBomPleno,V5,14,"590,4888889",1500
CLIENTE389,MuitoBomPleno,V5,15,"590,4888889","303,7166831"
CLIENTE427,MuitoBomPleno,V5,5,"526,0671935","133,6258751"
CLIENTE427,MuitoBomPleno,V5,6,"526,0671935","150,5876735"
CLIENTE427,MuitoBomPleno,V5,7,"526,0671935","96,99678481"
CLIENTE427,MuitoBomPleno,V5,8,"526,0671935","133,6258751"
CLIENTE427,MuitoBomPleno,V5,9,"526,0671935","150,5876735"
CLIENTE427,MuitoBomPleno,V5,10,"526,0671935","96,99678481"
CLIENTE427,MuitoBomPleno,V5,11,"526,0671935","133,6258751"
CLIENTE427,MuitoBomPleno,V5,12,"526,0671935","150,5876735"
CLIENTE289,LimpoNobre,V1,1,"526,0671935",5080
CLIENTE289,LimpoNobre,V1,2,"526,0671935","3620,27823"
CLIENTE289,LimpoNobre,V1,3,"526,0671935","3620,27823"
CLIENTE289,LimpoNobre,V1,4,"526,0671935","3620,27823"
CLIENTE289,LimpoNobre,V1,5,"526,0671935","3620,27823"
CLIENTE289,LimpoNobre,V1,6,"526,0671935","3620,27823"
CLIENTE289,LimpoNobre,V1,7,"526,0671935","3620,27823"
CLIENTE289,LimpoNobre,V1,8,"526,0671935","3620,27823"
CLIENTE289,LimpoNobre,V1,9,"526,0671935","3620,27823"
CLIENTE289,LimpoNobre,V1,10,"526,0671935","3620,27823"
CLIENTE289,LimpoNobre,V1,11,"526,0671935","3620,27823"
CLIENTE289,LimpoNobre,V1,12,560,"3620,27823"
CLIENTE289,LimpoNobre,V1,13,"526,0671935",5080
CLIENTE289,LimpoNobre,V1,14,"526,0671935","3620,27823"
CLIENTE289,LimpoNobre,V1,15,"526,0671935","3620,27823"
CLIENTE361,MuitoBomPleno,V5,5,"526,0671935","497,0053957"
CLIENTE361,MuitoBomPleno,V5,6,"526,0671935","560,0927679"
CLIENTE361,MuitoBomPleno,V5,7,"526,0671935","360,7678931"
CLIENTE361,MuitoBomPleno,V5,8,"526,0671935","497,0053957"
CLIENTE361,MuitoBomPleno,V5,9,"526,0671935","560,0927679"
CLIENTE361,MuitoBomPleno,V5,10,"526,0671935","360,7678931"
CLIENTE361,MuitoBomPleno,V5,11,"526,0671935","497,0053957"
CLIENTE361,MuitoBomPleno,V5,12,"526,0671935","560,0927679"
CLIENTE361,ExcelenteSupremo,V1,2,"526,0671935",524
CLIENTE361,ExcelenteSupremo,V1,3,"526,0671935","431,236483"
CLIENTE361,ExcelenteSupremo,V1,4,"526,0671935","431,236483"
CLIENTE361,ExcelenteSupremo,V1,5,"526,0671935","431,236483"
CLIENTE361,ExcelenteSupremo,V1,6,"526,0671935","431,236483"
CLIENTE361,ExcelenteSupremo,V1,7,"526,0671935","431,236483"
CLIENTE361,ExcelenteSupremo,V1,8,"526,0671935","431,236483"
CLIENTE361,ExcelenteSupremo,V1,9,"526,0671935","431,236483"
CLIENTE361,ExcelenteSupremo,V1,10,"526,0671935","431,236483"
CLIENTE361,ExcelenteSupremo,V1,11,"526,0671935","431,236483"
CLIENTE361,ExcelenteSupremo,V1,12,"526,0671935","431,236483"
CLIENTE361,ExcelenteSupremo,V1,14,"526,0671935",524
CLIENTE361,ExcelenteSupremo,V1,15,"526,0671935","431,236483"
CLIENTE381,MuitoBomPleno,V5,5,"526,0671935","22,89595571"
CLIENTE381,MuitoBomPleno,V5,6,"526,0671935","25,80225349"
CLIENTE381,MuitoBomPleno,V5,7,"526,0671935","16,6197908"
CLIENTE381,MuitoBomPleno,V5,8,"526,0671935","22,89595571"
CLIENTE381,MuitoBomPleno,V5,9,"526,0671935","25,80225349"
CLIENTE381,MuitoBomPleno,V5,10,"526,0671935","16,6197908"
CLIENTE381,MuitoBomPleno,V5,11,"526,0671935","22,89595571"
CLIENTE381,MuitoBomPleno,V5,12,"526,0671935","25,80225349"
CLIENTE428,ExcelenteSupremo,V1,3,"526,0671935","300,368"
CLIENTE428,ExcelenteSupremo,V1,4,"526,0671935","300,368"
CLIENTE428,ExcelenteSupremo,V1,5,"526,0671935","300,368"
CLIENTE428,ExcelenteSupremo,V1,6,"526,0671935","300,368"
CLIENTE428,ExcelenteSupremo,V1,7,"526,0671935","300,368"
CLIENTE428,ExcelenteSupremo,V1,8,"526,0671935","300,368"
CLIENTE428,ExcelenteSupremo,V1,9,"526,0671935","300,368"
CLIENTE428,ExcelenteSupremo,V1,10,"526,0671935","300,368"
CLIENTE428,ExcelenteSupremo,V1,11,"526,0671935","300,368"
CLIENTE428,ExcelenteSupremo,V1,12,"522,210954","300,368"
CLIENTE428,ExcelenteSupremo,V1,15,"526,0671935","300,368"
CLIENTE379,MuitoBomPleno,V5,5,"526,0671935","85,30546981"
CLIENTE379,MuitoBomPleno,V5,6,"526,0671935","96,13371831"
CLIENTE379,MuitoBomPleno,V5,7,"526,0671935","61,92181188"
CLIENTE379,MuitoBomPleno,V5,8,"526,0671935","85,30546981"
CLIENTE379,MuitoBomPleno,V5,9,"526,0671935","96,13371831"
CLIENTE379,MuitoBomPleno,V5,10,"526,0671935","61,92181188"
CLIENTE379,MuitoBomPleno,V5,11,"526,0671935","85,30546981"
CLIENTE379,MuitoBomPleno,V5,12,"526,0671935","96,13371831"
CLIENTE473,MuitoBomPleno,V16,5,"526,0671935","85,30546981"
CLIENTE473,MuitoBomPleno,V16,6,"526,0671935","96,13371831"
CLIENTE473,MuitoBomPleno,V16,7,"526,0671935","61,92181188"
CLIENTE473,MuitoBomPleno,V16,8,"526,0671935","85,30546981"
CLIENTE473,MuitoBomPleno,V16,9,"526,0671935","96,13371831"
CLIENTE473,MuitoBomPleno,V16,10,"526,0671935","61,92181188"
CLIENTE473,MuitoBomPleno,V16,11,"526,0671935","85,30546981"
CLIENTE473,MuitoBomPleno,V16,12,"526,0671935","96,13371831"
CLIENTE682,MuitoBomPleno,V16,2,"557,6384656",1000
CLIENTE682,MuitoBomPleno,V16,3,"557,6384656",1000
CLIENTE682,MuitoBomPleno,V16,4,"557,6384656",1000
CLIENTE682,MuitoBomPleno,V16,5,"557,6384656",1000
CLIENTE682,MuitoBomPleno,V16,6,"557,6384656",1000
CLIENTE682,MuitoBomPleno,V16,7,"557,6384656",1000
CLIENTE682,MuitoBomPleno,V16,8,"557,6384656",1000
CLIENTE682,MuitoBomPleno,V16,9,"557,6384656",1000
CLIENTE682,MuitoBomPleno,V16,10,"557,6384656",1000
CLIENTE682,MuitoBomPleno,V16,11,"557,6384656",1000
CLIENTE682,MuitoBomPleno,V16,12,"557,6384656",1000
CLIENTE682,MuitoBomPleno,V16,14,"557,6384656",1000
CLIENTE682,MuitoBomPleno,V16,15,"557,6384656",1000
CLIENTE146,AlternativoBeta,V1,1,"579,0431171",2404
CLIENTE146,AlternativoBeta,V1,2,"579,0431171",500
CLIENTE146,AlternativoBeta,V1,3,"579,0431171","9191,316234"
CLIENTE146,AlternativoBeta,V1,4,"579,0431171","9454,2"
CLIENTE146,AlternativoBeta,V1,5,"579,0431171",9332
CLIENTE146,AlternativoBeta,V1,6,"579,0431171",8668
CLIENTE146,AlternativoBeta,V1,7,"579,0431171","8833,175229"
CLIENTE146,AlternativoBeta,V1,8,"579,0431171","8987,175229"
CLIENTE146,AlternativoBeta,V1,9,"579,0431171","8328,175229"
CLIENTE146,AlternativoBeta,V1,10,"579,0431171","8315,365458"
CLIENTE146,AlternativoBeta,V1,11,"579,0431171","24798,54417"
CLIENTE146,AlternativoBeta,V1,12,"516,6498749","9176,599826"
CLIENTE146,AlternativoBeta,V1,13,"579,0431171",2404
CLIENTE146,AlternativoBeta,V1,14,"579,0431171",500
CLIENTE146,AlternativoBeta,V1,15,"579,0431171","9191,316234"
CLIENTE146,ArtificialTres,V2,7,"579,0431171","164,8247714"
CLIENTE146,ArtificialTres,V2,8,"579,0431171","164,8247714"
CLIENTE146,ArtificialTres,V2,9,"579,0431171","164,8247714"
CLIENTE146,ArtificialTres,V2,10,"579,0431171","164,8247714"
CLIENTE146,ArtificialTres,V2,11,"579,0431171","164,8247714"
CLIENTE146,ArtificialTres,V2,12,"516,6498749","164,8247714"
CLIENTE561,InferiorRaso,V1,2,"579,0431171",90
CLIENTE561,InferiorRaso,V1,3,"579,0431171",90
CLIENTE561,InferiorRaso,V1,4,"579,0431171",90
CLIENTE561,InferiorRaso,V1,14,"579,0431171",90
CLIENTE561,InferiorRaso,V1,15,"579,0431171",90
CLIENTE558,MuitoBomPleno,V8,1,"579,0431171",60
CLIENTE558,MuitoBomPleno,V8,2,"579,0431171",8
CLIENTE558,MuitoBomPleno,V8,3,"579,0431171",8
CLIENTE558,MuitoBomPleno,V8,13,"579,0431171",60
CLIENTE558,MuitoBomPleno,V8,14,"579,0431171",8
CLIENTE558,MuitoBomPleno,V8,15,"579,0431171",8
CLIENTE147,AlternativoBeta,V1,1,"579,0431171",2208
CLIENTE147,AlternativoBeta,V1,2,"579,0431171",2548
CLIENTE147,AlternativoBeta,V1,3,"579,0431171","2904,35566"
CLIENTE147,AlternativoBeta,V1,4,"579,0431171","2901,15"
CLIENTE147,AlternativoBeta,V1,5,"579,0431171",2549
CLIENTE147,AlternativoBeta,V1,6,"579,0431171",2758
CLIENTE147,AlternativoBeta,V1,7,"579,0431171",2811
CLIENTE147,AlternativoBeta,V1,8,"579,0431171",2736
CLIENTE147,AlternativoBeta,V1,9,"579,0431171",2427
CLIENTE147,AlternativoBeta,V1,10,"579,0431171","2546,843245"
CLIENTE147,AlternativoBeta,V1,11,"579,0431171","2572,568564"
CLIENTE147,AlternativoBeta,V1,12,"541,6290589","2530,039501"
CLIENTE147,AlternativoBeta,V1,13,"579,0431171",2208
CLIENTE147,AlternativoBeta,V1,14,"579,0431171",2548
CLIENTE147,AlternativoBeta,V1,15,"579,0431171","2904,35566"
CLIENTE147,ArtificialTres,V2,7,"579,0431171",46
CLIENTE147,ArtificialTres,V2,8,"579,0431171",46
CLIENTE147,ArtificialTres,V2,9,"579,0431171",46
CLIENTE147,ArtificialTres,V2,10,"579,0431171",46
CLIENTE147,ArtificialTres,V2,11,"579,0431171",46
CLIENTE147,ArtificialTres,V2,12,"541,6290589",46
CLIENTE280,MuitoBomPleno,V8,1,"579,0431171",80
CLIENTE280,MuitoBomPleno,V8,2,"579,0431171",60
CLIENTE280,MuitoBomPleno,V8,3,"579,0431171",40
CLIENTE280,MuitoBomPleno,V8,4,"579,0431171",60
CLIENTE280,MuitoBomPleno,V8,5,"579,0431171",40
CLIENTE280,MuitoBomPleno,V8,6,"579,0431171",60
CLIENTE280,MuitoBomPleno,V8,7,"579,0431171",40
CLIENTE280,MuitoBomPleno,V8,8,"579,0431171",60
CLIENTE280,MuitoBomPleno,V8,9,"579,0431171",40
CLIENTE280,MuitoBomPleno,V8,10,"579,0431171",60
CLIENTE280,MuitoBomPleno,V8,11,"579,0431171",40
CLIENTE280,MuitoBomPleno,V8,12,"960,4",60
CLIENTE280,MuitoBomPleno,V8,13,"579,0431171",80
CLIENTE280,MuitoBomPleno,V8,14,"579,0431171",60
CLIENTE280,MuitoBomPleno,V8,15,"579,0431171",40
CLIENTE148,LimpoSombrio,V1,1,"579,0431171",10500
CLIENTE148,LimpoSombrio,V1,2,"579,0431171","9367,884709"
CLIENTE148,LimpoSombrio,V1,3,"579,0431171","10078,75024"
CLIENTE148,LimpoSombrio,V1,4,"579,0431171","8993,327436"
CLIENTE148,LimpoSombrio,V1,5,"579,0431171","10415,50479"
CLIENTE148,LimpoSombrio,V1,6,"579,0431171","9905,701203"
CLIENTE148,LimpoSombrio,V1,7,"579,0431171","10249,97855"
CLIENTE148,LimpoSombrio,V1,8,"579,0431171","10728,72719"
CLIENTE148,LimpoSombrio,V1,9,"579,0431171","9286,849139"
CLIENTE148,LimpoSombrio,V1,10,"579,0431171","10393,97736"
CLIENTE148,LimpoSombrio,V1,11,"579,0431171","9154,192161"
CLIENTE148,LimpoSombrio,V1,12,"558,5389889","9757,962873"
CLIENTE148,LimpoSombrio,V1,13,"579,0431171",10500
CLIENTE148,LimpoSombrio,V1,14,"579,0431171","9367,884709"
CLIENTE148,LimpoSombrio,V1,15,"579,0431171","10078,75024"
CLIENTE148,ArtificialUm,V1,4,"579,0431171",500
CLIENTE441,NaturalClaro,V1,1,"579,0431171",160
CLIENTE441,NaturalClaro,V1,2,"579,0431171",250
CLIENTE441,NaturalClaro,V1,3,"579,0431171",250
CLIENTE441,NaturalClaro,V1,4,"579,0431171",500
CLIENTE441,NaturalClaro,V1,5,"579,0431171",500
CLIENTE441,NaturalClaro,V1,6,"579,0431171",500
CLIENTE441,NaturalClaro,V1,7,"579,0431171",300
CLIENTE441,NaturalClaro,V1,8,"579,0431171",300
CLIENTE441,NaturalClaro,V1,9,"579,0431171",300
CLIENTE441,NaturalClaro,V1,13,"579,0431171",160
CLIENTE441,NaturalClaro,V1,14,"579,0431171",250
CLIENTE441,NaturalClaro,V1,15,"579,0431171",250
CLIENTE441,LimpoSombrio,V1,1,"579,0431171",140
CLIENTE441,LimpoSombrio,V1,2,"579,0431171",220
CLIENTE441,LimpoSombrio,V1,3,"579,0431171",220
CLIENTE441,LimpoSombrio,V1,4,"579,0431171",400
CLIENTE441,LimpoSombrio,V1,5,"579,0431171",400
CLIENTE441,LimpoSombrio,V1,6,"579,0431171",400
CLIENTE441,LimpoSombrio,V1,7,"579,0431171",100
CLIENTE441,LimpoSombrio,V1,8,"579,0431171",100
CLIENTE441,LimpoSombrio,V1,9,"579,0431171",100
CLIENTE441,LimpoSombrio,V1,13,"579,0431171",140
CLIENTE441,LimpoSombrio,V1,14,"579,0431171",220
CLIENTE441,LimpoSombrio,V1,15,"579,0431171",220
CLIENTE149,LimpoSombrio,V1,1,"579,0431171",7766
CLIENTE149,LimpoSombrio,V1,2,"579,0431171","7112,878598"
CLIENTE149,LimpoSombrio,V1,3,"579,0431171","8187,27113"
CLIENTE149,LimpoSombrio,V1,4,"579,0431171","8597,1724"
CLIENTE149,LimpoSombrio,V1,5,"579,0431171","8494,731347"
CLIENTE149,LimpoSombrio,V1,6,"579,0431171","8103,32079"
CLIENTE149,LimpoSombrio,V1,7,"579,0431171","8596,648237"
CLIENTE149,LimpoSombrio,V1,8,"579,0431171","8521,337916"
CLIENTE149,LimpoSombrio,V1,9,"579,0431171","8218,216273"
CLIENTE149,LimpoSombrio,V1,10,"579,0431171","6964,675445"
CLIENTE149,LimpoSombrio,V1,11,"579,0431171","7996,350532"
CLIENTE149,LimpoSombrio,V1,12,558,"7029,728972"
CLIENTE149,LimpoSombrio,V1,13,"579,0431171",7766
CLIENTE149,LimpoSombrio,V1,14,"579,0431171","7112,878598"
CLIENTE149,LimpoSombrio,V1,15,"579,0431171","8187,27113"
CLIENTE150,MuitoBomPleno,V7,2,"579,0431171",102
CLIENTE150,MuitoBomPleno,V7,14,"579,0431171",102
CLIENTE150,ExcelenteSupremo,V2,1,"579,0431171","6333,333333"
CLIENTE150,ExcelenteSupremo,V2,2,"579,0431171","6231,333333"
CLIENTE150,ExcelenteSupremo,V2,3,"579,0431171","6333,333333"
CLIENTE150,ExcelenteSupremo,V2,4,"579,0431171","6333,333333"
CLIENTE150,ExcelenteSupremo,V2,5,"579,0431171","6333,333333"
CLIENTE150,ExcelenteSupremo,V2,6,"579,0431171","6333,333333"
CLIENTE150,ExcelenteSupremo,V2,7,"579,0431171","6333,333333"
CLIENTE150,ExcelenteSupremo,V2,8,"579,0431171","6333,333333"
CLIENTE150,ExcelenteSupremo,V2,9,"579,0431171","6333,333333"
CLIENTE150,ExcelenteSupremo,V2,10,"579,0431171","6333,333333"
CLIENTE150,ExcelenteSupremo,V2,11,"579,0431171","6333,333333"
CLIENTE150,ExcelenteSupremo,V2,12,"593,2","6333,333333"
CLIENTE150,ExcelenteSupremo,V2,13,"579,0431171","6333,333333"
CLIENTE150,ExcelenteSupremo,V2,14,"579,0431171","6231,333333"
CLIENTE150,ExcelenteSupremo,V2,15,"579,0431171","6333,333333"
CLIENTE151,ExcelenteSupremo,V2,1,"579,0431171",896
CLIENTE151,ExcelenteSupremo,V2,2,"579,0431171",2500
CLIENTE151,ExcelenteSupremo,V2,3,"579,0431171",2900
CLIENTE151,ExcelenteSupremo,V2,4,"579,0431171",3400
CLIENTE151,ExcelenteSupremo,V2,5,"579,0431171",3500
CLIENTE151,ExcelenteSupremo,V2,6,"579,0431171",4000
CLIENTE151,ExcelenteSupremo,V2,7,"579,0431171",3500
CLIENTE151,ExcelenteSupremo,V2,8,"579,0431171",3500
CLIENTE151,ExcelenteSupremo,V2,13,"579,0431171",896
CLIENTE151,ExcelenteSupremo,V2,14,"579,0431171",2500
CLIENTE151,ExcelenteSupremo,V2,15,"579,0431171",2900
CLIENTE151,ExcelenteSupremo,V8,3,"579,0431171",100
CLIENTE151,ExcelenteSupremo,V8,9,750,3600
CLIENTE151,ExcelenteSupremo,V8,10,750,3500
CLIENTE151,ExcelenteSupremo,V8,11,750,3500
CLIENTE151,ExcelenteSupremo,V8,12,750,3500
CLIENTE151,ExcelenteSupremo,V8,15,"579,0431171",100
CLIENTE266,NaturalClaro,V1,1,"579,0431171",260
CLIENTE266,NaturalClaro,V1,2,"579,0431171",250
CLIENTE266,NaturalClaro,V1,3,"579,0431171",250
CLIENTE266,NaturalClaro,V1,4,"579,0431171",250
CLIENTE266,NaturalClaro,V1,5,"579,0431171",250
CLIENTE266,NaturalClaro,V1,6,"579,0431171",250
CLIENTE266,NaturalClaro,V1,7,"579,0431171","3250,333333"
CLIENTE266,NaturalClaro,V1,8,"579,0431171","3250,333333"
CLIENTE266,NaturalClaro,V1,9,"579,0431171","3250,333333"
CLIENTE266,NaturalClaro,V1,10,"579,0431171","3250,333333"
CLIENTE266,NaturalClaro,V1,11,"579,0431171","3250,333333"
CLIENTE266,NaturalClaro,V1,12,"564,5","3250,333333"
CLIENTE266,NaturalClaro,V1,13,"579,0431171",260
CLIENTE266,NaturalClaro,V1,14,"579,0431171",250
CLIENTE266,NaturalClaro,V1,15,"579,0431171",250
CLIENTE266,ExcelenteSupremo,V2,4,"579,0431171",100
CLIENTE266,ExcelenteSupremo,V2,5,"579,0431171",100
CLIENTE266,ExcelenteSupremo,V2,6,"579,0431171",100
CLIENTE266,ExcelenteSupremo,V2,7,"579,0431171",100
CLIENTE266,ExcelenteSupremo,V2,8,"579,0431171",100
CLIENTE266,ExcelenteSupremo,V2,9,"579,0431171",100
CLIENTE266,ExcelenteSupremo,V2,10,"579,0431171",100
CLIENTE266,ExcelenteSupremo,V2,11,"579,0431171",100
CLIENTE266,ExcelenteSupremo,V2,12,"564,5",100
CLIENTE323,ExcelenteSupremo,V8,1,"579,0431171",2484
CLIENTE323,ExcelenteSupremo,V8,2,"579,0431171","1166,666667"
CLIENTE323,ExcelenteSupremo,V8,3,"579,0431171","1166,666667"
CLIENTE323,ExcelenteSupremo,V8,4,"579,0431171","1166,666667"
CLIENTE323,ExcelenteSupremo,V8,5,"579,0431171","1166,666667"
CLIENTE323,ExcelenteSupremo,V8,6,"579,0431171","1166,666667"
CLIENTE323,ExcelenteSupremo,V8,7,"579,0431171","1166,666667"
CLIENTE323,ExcelenteSupremo,V8,8,"579,0431171","1166,666667"
CLIENTE323,ExcelenteSupremo,V8,9,"579,0431171","1166,666667"
CLIENTE323,ExcelenteSupremo,V8,10,"579,0431171","1166,666667"
CLIENTE323,ExcelenteSupremo,V8,11,"579,0431171","1166,666667"
CLIENTE323,ExcelenteSupremo,V8,12,"623,2","1166,666667"
CLIENTE323,ExcelenteSupremo,V8,13,"579,0431171",2484
CLIENTE323,ExcelenteSupremo,V8,14,"579,0431171","1166,666667"
CLIENTE323,ExcelenteSupremo,V8,15,"579,0431171","1166,666667"
CLIENTE681,ExcelenteSupremo,V2,1,"579,0431171",480
CLIENTE681,ExcelenteSupremo,V2,2,"579,0431171",700
CLIENTE681,ExcelenteSupremo,V2,3,"579,0431171",700
CLIENTE681,ExcelenteSupremo,V2,13,"579,0431171",480
CLIENTE681,ExcelenteSupremo,V2,14,"579,0431171",700
CLIENTE681,ExcelenteSupremo,V2,15,"579,0431171",700
CLIENTE681,LimpoSombrio,V1,4,"579,0431171",550
CLIENTE681,LimpoSombrio,V1,5,"579,0431171",550
CLIENTE681,LimpoSombrio,V1,6,"579,0431171",550
CLIENTE681,LimpoSombrio,V1,7,"579,0431171",550
CLIENTE681,LimpoSombrio,V1,8,"579,0431171",550
CLIENTE681,LimpoSombrio,V1,9,"579,0431171",550
CLIENTE681,LimpoSombrio,V1,10,"579,0431171",550
CLIENTE681,LimpoSombrio,V1,11,"579,0431171",550
CLIENTE681,LimpoSombrio,V1,12,"579,0431171",550
CLIENTE416,MuitoBomPleno,V8,1,"579,0431171",270
CLIENTE416,MuitoBomPleno,V8,2,"579,0431171",270
CLIENTE416,MuitoBomPleno,V8,3,"579,0431171",270
CLIENTE416,MuitoBomPleno,V8,4,"579,0431171",270
CLIENTE416,MuitoBomPleno,V8,5,"579,0431171",270
CLIENTE416,MuitoBomPleno,V8,6,"579,0431171",270
CLIENTE416,MuitoBomPleno,V8,7,"579,0431171",270
CLIENTE416,MuitoBomPleno,V8,8,"579,0431171",270
CLIENTE416,MuitoBomPleno,V8,9,"579,0431171",270
CLIENTE416,MuitoBomPleno,V8,10,"579,0431171",270
CLIENTE416,MuitoBomPleno,V8,11,"579,0431171",270
CLIENTE416,MuitoBomPleno,V8,12,"579,0431171",270
CLIENTE416,MuitoBomPleno,V8,13,"579,0431171",270
CLIENTE416,MuitoBomPleno,V8,14,"579,0431171",270
CLIENTE416,MuitoBomPleno,V8,15,"579,0431171",270
CLIENTE652,ExcelenteSupremo,V2,1,"579,0431171",740
CLIENTE652,ExcelenteSupremo,V2,2,"579,0431171",750
CLIENTE652,ExcelenteSupremo,V2,3,"579,0431171",750
CLIENTE652,ExcelenteSupremo,V2,4,"579,0431171",750
CLIENTE652,ExcelenteSupremo,V2,5,"579,0431171",750
CLIENTE652,ExcelenteSupremo,V2,6,"579,0431171",750
CLIENTE652,ExcelenteSupremo,V2,7,"579,0431171",750
CLIENTE652,ExcelenteSupremo,V2,8,"579,0431171",750
CLIENTE652,ExcelenteSupremo,V2,9,"579,0431171",750
CLIENTE652,ExcelenteSupremo,V2,10,"579,0431171",750
CLIENTE652,ExcelenteSupremo,V2,11,"579,0431171",750
CLIENTE652,ExcelenteSupremo,V2,12,"575,75",750
CLIENTE652,ExcelenteSupremo,V2,13,"579,0431171",740
CLIENTE652,ExcelenteSupremo,V2,14,"579,0431171",750
CLIENTE652,ExcelenteSupremo,V2,15,"579,0431171",750
CLIENTE229,MuitoBomPleno,V8,1,"579,0431171",500
CLIENTE229,MuitoBomPleno,V8,2,"579,0431171",500
CLIENTE229,MuitoBomPleno,V8,3,"579,0431171",500
CLIENTE229,MuitoBomPleno,V8,4,"579,0431171",500
CLIENTE229,MuitoBomPleno,V8,5,"579,0431171",500
CLIENTE229,MuitoBomPleno,V8,6,"579,0431171",500
CLIENTE229,MuitoBomPleno,V8,7,"579,0431171",500
CLIENTE229,MuitoBomPleno,V8,8,"579,0431171",500
CLIENTE229,MuitoBomPleno,V8,9,"579,0431171",500
CLIENTE229,MuitoBomPleno,V8,10,"579,0431171",500
CLIENTE229,MuitoBomPleno,V8,11,"579,0431171",500
CLIENTE229,MuitoBomPleno,V8,12,"618,2",500
CLIENTE229,MuitoBomPleno,V8,13,"579,0431171",500
CLIENTE229,MuitoBomPleno,V8,14,"579,0431171",500
CLIENTE229,MuitoBomPleno,V8,15,"579,0431171",500
CLIENTE390,InferiorRaso,V1,1,"579,0431171",54
CLIENTE390,InferiorRaso,V1,2,"579,0431171",100
CLIENTE390,InferiorRaso,V1,3,"579,0431171",100
CLIENTE390,InferiorRaso,V1,4,"579,0431171",100
CLIENTE390,InferiorRaso,V1,5,"579,0431171",100
CLIENTE390,InferiorRaso,V1,6,"579,0431171",100
CLIENTE390,InferiorRaso,V1,7,"579,0431171",100
CLIENTE390,InferiorRaso,V1,8,"579,0431171",100
CLIENTE390,InferiorRaso,V1,9,"579,0431171",100
CLIENTE390,InferiorRaso,V1,10,"579,0431171",100
CLIENTE390,InferiorRaso,V1,11,"579,0431171",100
CLIENTE390,InferiorRaso,V1,12,454,100
CLIENTE390,InferiorRaso,V1,13,"579,0431171",54
CLIENTE390,InferiorRaso,V1,14,"579,0431171",100
CLIENTE390,InferiorRaso,V1,15,"579,0431171",100
CLIENTE611,ArtificialTres,V2,3,"579,0431171",80
CLIENTE611,ArtificialTres,V2,15,"579,0431171",80
CLIENTE274,ExcelenteSupremo,V2,1,"579,0431171",90
CLIENTE274,ExcelenteSupremo,V2,2,"579,0431171",2100
CLIENTE274,ExcelenteSupremo,V2,13,"579,0431171",90
CLIENTE274,ExcelenteSupremo,V2,14,"579,0431171",2100
CLIENTE152,MuitoBomPleno,V8,1,"579,0431171",160
CLIENTE152,MuitoBomPleno,V8,2,"579,0431171",150
CLIENTE152,MuitoBomPleno,V8,3,"579,0431171",150
CLIENTE152,MuitoBomPleno,V8,4,"579,0431171",150
CLIENTE152,MuitoBomPleno,V8,5,"579,0431171",150
CLIENTE152,MuitoBomPleno,V8,6,"579,0431171",150
CLIENTE152,MuitoBomPleno,V8,7,"579,0431171",150
CLIENTE152,MuitoBomPleno,V8,8,"579,0431171",150
CLIENTE152,MuitoBomPleno,V8,9,"579,0431171",150
CLIENTE152,MuitoBomPleno,V8,10,"579,0431171",150
CLIENTE152,MuitoBomPleno,V8,11,"579,0431171",150
CLIENTE152,MuitoBomPleno,V8,12,"796,25",150
CLIENTE152,MuitoBomPleno,V8,13,"579,0431171",160
CLIENTE152,MuitoBomPleno,V8,14,"579,0431171",150
CLIENTE152,MuitoBomPleno,V8,15,"579,0431171",150
CLIENTE152,MuitoBomIntenso,V9,1,"579,0431171",211
CLIENTE152,MuitoBomIntenso,V9,2,"579,0431171",166
CLIENTE152,MuitoBomIntenso,V9,3,"579,0431171",166
CLIENTE152,MuitoBomIntenso,V9,4,"579,0431171",166
CLIENTE152,MuitoBomIntenso,V9,5,"579,0431171",166
CLIENTE152,MuitoBomIntenso,V9,6,"579,0431171",166
CLIENTE152,MuitoBomIntenso,V9,7,"579,0431171",166
CLIENTE152,MuitoBomIntenso,V9,8,"579,0431171",166
CLIENTE152,MuitoBomIntenso,V9,9,"579,0431171",166
CLIENTE152,MuitoBomIntenso,V9,10,"579,0431171",166
CLIENTE152,MuitoBomIntenso,V9,11,"579,0431171",166
CLIENTE152,MuitoBomIntenso,V9,12,"796,25",166
CLIENTE152,MuitoBomIntenso,V9,13,"579,0431171",211
CLIENTE152,MuitoBomIntenso,V9,14,"579,0431171",166
CLIENTE152,MuitoBomIntenso,V9,15,"579,0431171",166
CLIENTE153,AlternativoBeta,V1,2,"579,0431171",2248
CLIENTE153,AlternativoBeta,V1,3,"579,0431171","8665,497374"
CLIENTE153,AlternativoBeta,V1,4,"579,0431171","8731,8"
CLIENTE153,AlternativoBeta,V1,5,"579,0431171",8675
CLIENTE153,AlternativoBeta,V1,6,"579,0431171",8536
CLIENTE153,AlternativoBeta,V1,7,"579,0431171",8596
CLIENTE153,AlternativoBeta,V1,8,"579,0431171",8992
CLIENTE153,AlternativoBeta,V1,9,"579,0431171",8640
CLIENTE153,AlternativoBeta,V1,10,"579,0431171","9003,858639"
CLIENTE153,AlternativoBeta,V1,11,"579,0431171","26016,74624"
CLIENTE153,AlternativoBeta,V1,12,"541,6290589","9567,177527"
CLIENTE153,AlternativoBeta,V1,14,"579,0431171",2248
CLIENTE153,AlternativoBeta,V1,15,"579,0431171","8665,497374"
CLIENTE153,ArtificialTres,V2,7,"579,0431171",175
CLIENTE153,ArtificialTres,V2,8,"579,0431171",175
CLIENTE153,ArtificialTres,V2,9,"579,0431171",175
CLIENTE153,ArtificialTres,V2,10,"579,0431171",175
CLIENTE153,ArtificialTres,V2,11,"579,0431171",175
CLIENTE153,ArtificialTres,V2,12,"541,6290589",175
CLIENTE154,ExcelenteSupremo,V2,1,"579,0431171","1666,666667"
CLIENTE154,ExcelenteSupremo,V2,2,"579,0431171","1666,666667"
CLIENTE154,ExcelenteSupremo,V2,3,"579,0431171","1666,666667"
CLIENTE154,ExcelenteSupremo,V2,4,"579,0431171","1666,666667"
CLIENTE154,ExcelenteSupremo,V2,5,"579,0431171","1666,666667"
CLIENTE154,ExcelenteSupremo,V2,6,"579,0431171","1666,666667"
CLIENTE154,ExcelenteSupremo,V2,7,"579,0431171","1666,666667"
CLIENTE154,ExcelenteSupremo,V2,8,"579,0431171","1666,666667"
CLIENTE154,ExcelenteSupremo,V2,9,"579,0431171","1666,666667"
CLIENTE154,ExcelenteSupremo,V2,10,"579,0431171","1666,666667"
CLIENTE154,ExcelenteSupremo,V2,11,"579,0431171","1666,666667"
CLIENTE154,ExcelenteSupremo,V2,12,"583,2","1666,666667"
CLIENTE154,ExcelenteSupremo,V2,13,"579,0431171","1666,666667"
CLIENTE154,ExcelenteSupremo,V2,14,"579,0431171","1666,666667"
CLIENTE154,ExcelenteSupremo,V2,15,"579,0431171","1666,666667"
CLIENTE155,ExcelenteSupremo,V2,2,"579,0431171",3040
CLIENTE155,ExcelenteSupremo,V2,3,"579,0431171",3380
CLIENTE155,ExcelenteSupremo,V2,4,"579,0431171",3600
CLIENTE155,ExcelenteSupremo,V2,5,"579,0431171",3900
CLIENTE155,ExcelenteSupremo,V2,6,"579,0431171",3900
CLIENTE155,ExcelenteSupremo,V2,7,"579,0431171",3900
CLIENTE155,ExcelenteSupremo,V2,8,"579,0431171",3600
CLIENTE155,ExcelenteSupremo,V2,14,"579,0431171",3040
CLIENTE155,ExcelenteSupremo,V2,15,"579,0431171",3380
CLIENTE155,ExcelenteSupremo,V8,4,750,100
CLIENTE155,ExcelenteSupremo,V8,9,750,3600
CLIENTE155,ExcelenteSupremo,V8,10,750,3900
CLIENTE155,ExcelenteSupremo,V8,11,750,3600
CLIENTE155,ExcelenteSupremo,V8,12,750,3600
CLIENTE156,ExcelenteSupremo,V2,1,"579,0431171",1200
CLIENTE156,ExcelenteSupremo,V2,2,"579,0431171",1840
CLIENTE156,ExcelenteSupremo,V2,3,"579,0431171",1840
CLIENTE156,ExcelenteSupremo,V2,4,"579,0431171",2068
CLIENTE156,ExcelenteSupremo,V2,5,"579,0431171",2068
CLIENTE156,ExcelenteSupremo,V2,6,"579,0431171",2068
CLIENTE156,ExcelenteSupremo,V2,7,"579,0431171",2068
CLIENTE156,ExcelenteSupremo,V2,8,"579,0431171",2068
CLIENTE156,ExcelenteSupremo,V2,9,"579,0431171",2068
CLIENTE156,ExcelenteSupremo,V2,10,"579,0431171",2068
CLIENTE156,ExcelenteSupremo,V2,11,"579,0431171",2068
CLIENTE156,ExcelenteSupremo,V2,12,"599,4",2068
CLIENTE156,ExcelenteSupremo,V2,13,"579,0431171",1200
CLIENTE156,ExcelenteSupremo,V2,14,"579,0431171",1840
CLIENTE156,ExcelenteSupremo,V2,15,"579,0431171",1840
CLIENTE157,MuitoBomPleno,V8,1,"579,0431171",80
CLIENTE157,MuitoBomPleno,V8,2,"579,0431171",70
CLIENTE157,MuitoBomPleno,V8,3,"579,0431171",70
CLIENTE157,MuitoBomPleno,V8,4,"579,0431171",70
CLIENTE157,MuitoBomPleno,V8,5,"579,0431171",70
CLIENTE157,MuitoBomPleno,V8,6,"579,0431171",70
CLIENTE157,MuitoBomPleno,V8,7,"579,0431171",70
CLIENTE157,MuitoBomPleno,V8,8,"579,0431171",70
CLIENTE157,MuitoBomPleno,V8,9,"579,0431171",70
CLIENTE157,MuitoBomPleno,V8,10,"579,0431171",70
CLIENTE157,MuitoBomPleno,V8,11,"579,0431171",70
CLIENTE157,MuitoBomPleno,V8,12,"796,25",70
CLIENTE157,MuitoBomPleno,V8,13,"579,0431171",80
CLIENTE157,MuitoBomPleno,V8,14,"579,0431171",70
CLIENTE157,MuitoBomPleno,V8,15,"579,0431171",70
CLIENTE442,LimpoSombrio,V1,7,"579,0431171",5826
CLIENTE442,LimpoSombrio,V1,8,"579,0431171",5826
CLIENTE442,LimpoSombrio,V1,9,"579,0431171",5826
CLIENTE442,LimpoSombrio,V1,10,"579,0431171",5826
CLIENTE442,LimpoSombrio,V1,11,"579,0431171",5826
CLIENTE442,LimpoSombrio,V1,12,"512,92",5826
CLIENTE158,ExcelenteSupremo,V2,1,"579,0431171",5000
CLIENTE158,ExcelenteSupremo,V2,2,"579,0431171",5000
CLIENTE158,ExcelenteSupremo,V2,13,"579,0431171",5000
CLIENTE158,ExcelenteSupremo,V2,14,"579,0431171",5000
CLIENTE158,ExcelenteSupremo,V8,3,"579,0431171",5300
CLIENTE158,ExcelenteSupremo,V8,4,"579,0431171",5300
CLIENTE158,ExcelenteSupremo,V8,5,"579,0431171",5300
CLIENTE158,ExcelenteSupremo,V8,6,"579,0431171",5300
CLIENTE158,ExcelenteSupremo,V8,7,"579,0431171",5300
CLIENTE158,ExcelenteSupremo,V8,8,"579,0431171",5300
CLIENTE158,ExcelenteSupremo,V8,9,"579,0431171",5300
CLIENTE158,ExcelenteSupremo,V8,10,"579,0431171",5300
CLIENTE158,ExcelenteSupremo,V8,11,"579,0431171",5300
CLIENTE158,ExcelenteSupremo,V8,12,"593,2",5300
CLIENTE158,ExcelenteSupremo,V8,15,"579,0431171",5300
CLIENTE159,LimpoSombrio,V1,1,"579,0431171",5905
CLIENTE159,LimpoSombrio,V1,2,"579,0431171","5407,442217"
CLIENTE159,LimpoSombrio,V1,3,"579,0431171","6226,12431"
CLIENTE159,LimpoSombrio,V1,4,"579,0431171","5737,309101"
CLIENTE159,LimpoSombrio,V1,5,"579,0431171","5730,770085"
CLIENTE159,LimpoSombrio,V1,6,"579,0431171","5562,680378"
CLIENTE159,LimpoSombrio,V1,7,"579,0431171","5708,317448"
CLIENTE159,LimpoSombrio,V1,8,"579,0431171","6055,435394"
CLIENTE159,LimpoSombrio,V1,9,"579,0431171","5214,196437"
CLIENTE159,LimpoSombrio,V1,10,"579,0431171","5059,67456"
CLIENTE159,LimpoSombrio,V1,11,"579,0431171","5541,155164"
CLIENTE159,LimpoSombrio,V1,12,558,"4996,982075"
CLIENTE159,LimpoSombrio,V1,13,"579,0431171",5905
CLIENTE159,LimpoSombrio,V1,14,"579,0431171","5407,442217"
CLIENTE159,LimpoSombrio,V1,15,"579,0431171","6226,12431"
CLIENTE159,ArtificialUm,V1,4,"579,0431171","291,6666667"
CLIENTE159,ArtificialUm,V1,5,"579,0431171","277,7777778"
CLIENTE159,ArtificialUm,V1,6,"579,0431171","277,7777778"
CLIENTE159,ArtificialUm,V1,7,"579,0431171","277,7777778"
CLIENTE159,ArtificialUm,V1,8,"579,0431171","277,7777778"
CLIENTE159,ArtificialUm,V1,9,"579,0431171","277,7777778"
CLIENTE159,ArtificialUm,V1,10,"579,0431171","277,7777778"
CLIENTE159,ArtificialUm,V1,11,"579,0431171","277,7777778"
CLIENTE159,ArtificialUm,V1,12,558,"263,8888889"
CLIENTE159,ArtificialTres,V2,4,"579,0431171","291,6666667"
CLIENTE159,ArtificialTres,V2,5,"579,0431171","277,7777778"
CLIENTE159,ArtificialTres,V2,6,"579,0431171","277,7777778"
CLIENTE159,ArtificialTres,V2,7,"579,0431171","277,7777778"
CLIENTE159,ArtificialTres,V2,8,"579,0431171","277,7777778"
CLIENTE159,ArtificialTres,V2,9,"579,0431171","277,7777778"
CLIENTE159,ArtificialTres,V2,10,"579,0431171","277,7777778"
CLIENTE159,ArtificialTres,V2,11,"579,0431171","277,7777778"
CLIENTE159,ArtificialTres,V2,12,558,"263,8888889"
CLIENTE301,NaturalClaro,V1,1,"579,0431171",320
CLIENTE301,NaturalClaro,V1,2,"579,0431171",250
CLIENTE301,NaturalClaro,V1,3,"579,0431171",250
CLIENTE301,NaturalClaro,V1,4,"579,0431171",250
CLIENTE301,NaturalClaro,V1,5,"579,0431171",250
CLIENTE301,NaturalClaro,V1,6,"579,0431171",250
CLIENTE301,NaturalClaro,V1,7,"579,0431171",250
CLIENTE301,NaturalClaro,V1,8,"579,0431171",250
CLIENTE301,NaturalClaro,V1,9,"579,0431171",250
CLIENTE301,NaturalClaro,V1,10,"579,0431171",250
CLIENTE301,NaturalClaro,V1,11,"579,0431171",250
CLIENTE301,NaturalClaro,V1,12,"564,5",250
CLIENTE301,NaturalClaro,V1,13,"579,0431171",320
CLIENTE301,NaturalClaro,V1,14,"579,0431171",250
CLIENTE301,NaturalClaro,V1,15,"579,0431171",250
CLIENTE301,AtivoVigoroso,V1,1,"579,0431171",160
CLIENTE301,AtivoVigoroso,V1,2,"579,0431171",200
CLIENTE301,AtivoVigoroso,V1,3,"579,0431171",200
CLIENTE301,AtivoVigoroso,V1,4,"579,0431171",200
CLIENTE301,AtivoVigoroso,V1,5,"579,0431171",200
CLIENTE301,AtivoVigoroso,V1,6,"579,0431171",200
CLIENTE301,AtivoVigoroso,V1,7,"579,0431171",200
CLIENTE301,AtivoVigoroso,V1,8,"579,0431171",200
CLIENTE301,AtivoVigoroso,V1,9,"579,0431171",200
CLIENTE301,AtivoVigoroso,V1,10,"579,0431171",200
CLIENTE301,AtivoVigoroso,V1,11,"579,0431171",200
CLIENTE301,AtivoVigoroso,V1,12,"564,5",200
CLIENTE301,AtivoVigoroso,V1,13,"579,0431171",160
CLIENTE301,AtivoVigoroso,V1,14,"579,0431171",200
CLIENTE301,AtivoVigoroso,V1,15,"579,0431171",200
CLIENTE301,ExcelenteSupremo,V2,1,"579,0431171",20
CLIENTE301,ExcelenteSupremo,V2,13,"579,0431171",20
CLIENTE160,MuitoBomPleno,V1,2,"579,0431171",20
CLIENTE160,MuitoBomPleno,V1,4,"579,0431171",20
CLIENTE160,MuitoBomPleno,V1,7,"579,0431171",20
CLIENTE160,MuitoBomPleno,V1,10,"579,0431171",20
CLIENTE160,MuitoBomPleno,V1,14,"579,0431171",20
CLIENTE160,ImpuroMarcado,V8,1,"579,0431171",140
CLIENTE160,ImpuroMarcado,V8,2,"579,0431171",140
CLIENTE160,ImpuroMarcado,V8,3,"579,0431171",160
CLIENTE160,ImpuroMarcado,V8,4,"579,0431171",160
CLIENTE160,ImpuroMarcado,V8,5,"579,0431171",180
CLIENTE160,ImpuroMarcado,V8,6,"579,0431171",180
CLIENTE160,ImpuroMarcado,V8,7,"579,0431171",160
CLIENTE160,ImpuroMarcado,V8,8,"579,0431171",160
CLIENTE160,ImpuroMarcado,V8,9,"579,0431171",160
CLIENTE160,ImpuroMarcado,V8,10,"579,0431171",160
CLIENTE160,ImpuroMarcado,V8,11,"579,0431171",160
CLIENTE160,ImpuroMarcado,V8,12,"820,75",160
CLIENTE160,ImpuroMarcado,V8,13,"579,0431171",140
CLIENTE160,ImpuroMarcado,V8,14,"579,0431171",140
CLIENTE160,ImpuroMarcado,V8,15,"579,0431171",160
CLIENTE161,ExcelenteSupremo,V2,1,"579,0431171","2749,5"
CLIENTE161,ExcelenteSupremo,V2,2,"579,0431171",2750
CLIENTE161,ExcelenteSupremo,V2,3,"579,0431171",2850
CLIENTE161,ExcelenteSupremo,V2,4,"579,0431171",2850
CLIENTE161,ExcelenteSupremo,V2,5,"579,0431171",2850
CLIENTE161,ExcelenteSupremo,V2,6,"579,0431171",2850
CLIENTE161,ExcelenteSupremo,V2,7,"579,0431171",1375
CLIENTE161,ExcelenteSupremo,V2,8,"579,0431171",1375
CLIENTE161,ExcelenteSupremo,V2,13,"579,0431171","2749,5"
CLIENTE161,ExcelenteSupremo,V2,14,"579,0431171",2750
CLIENTE161,ExcelenteSupremo,V2,15,"579,0431171",2850
CLIENTE161,ExcelenteSupremo,V8,7,"579,0431171",1475
CLIENTE161,ExcelenteSupremo,V8,8,"579,0431171",1475
CLIENTE161,ExcelenteSupremo,V8,9,"664,5215585",2850
CLIENTE161,ExcelenteSupremo,V8,10,"664,5215585",2850
CLIENTE161,ExcelenteSupremo,V8,11,"664,5215585",2850
CLIENTE161,ExcelenteSupremo,V8,12,"684,1",2850
CLIENTE162,LimpoSombrio,V1,1,"579,0431171",700
CLIENTE162,LimpoSombrio,V1,2,"579,0431171","868,9115736"
CLIENTE162,LimpoSombrio,V1,3,"579,0431171","941,0298478"
CLIENTE162,LimpoSombrio,V1,4,"579,0431171","957,5694489"
CLIENTE162,LimpoSombrio,V1,5,"579,0431171","910,7342591"
CLIENTE162,LimpoSombrio,V1,6,"579,0431171","817,0574987"
CLIENTE162,LimpoSombrio,V1,7,"579,0431171","900,1382265"
CLIENTE162,LimpoSombrio,V1,8,"579,0431171","991,3422303"
CLIENTE162,LimpoSombrio,V1,9,"579,0431171","747,7240228"
CLIENTE162,LimpoSombrio,V1,10,"579,0431171","866,9382629"
CLIENTE162,LimpoSombrio,V1,11,"579,0431171","773,3432097"
CLIENTE162,LimpoSombrio,V1,12,558,"791,6871431"
CLIENTE162,LimpoSombrio,V1,13,"579,0431171",700
CLIENTE162,LimpoSombrio,V1,14,"579,0431171","868,9115736"
CLIENTE162,LimpoSombrio,V1,15,"579,0431171","941,0298478"
CLIENTE163,MuitoBomIntenso,V9,1,"579,0431171",115
CLIENTE163,MuitoBomIntenso,V9,2,"579,0431171",170
CLIENTE163,MuitoBomIntenso,V9,3,"579,0431171",170
CLIENTE163,MuitoBomIntenso,V9,4,"579,0431171",170
CLIENTE163,MuitoBomIntenso,V9,5,"579,0431171",170
CLIENTE163,MuitoBomIntenso,V9,6,"579,0431171",170
CLIENTE163,MuitoBomIntenso,V9,7,"579,0431171",170
CLIENTE163,MuitoBomIntenso,V9,8,"579,0431171",170
CLIENTE163,MuitoBomIntenso,V9,9,"579,0431171",170
CLIENTE163,MuitoBomIntenso,V9,10,"579,0431171",170
CLIENTE163,MuitoBomIntenso,V9,11,"579,0431171",170
CLIENTE163,MuitoBomIntenso,V9,12,"631,9827586",170
CLIENTE163,MuitoBomIntenso,V9,13,"579,0431171",115
CLIENTE163,MuitoBomIntenso,V9,14,"579,0431171",170
CLIENTE163,MuitoBomIntenso,V9,15,"579,0431171",170
CLIENTE163,ExcelenteSupremo,V2,1,"579,0431171",320
CLIENTE163,ExcelenteSupremo,V2,13,"579,0431171",320
CLIENTE164,AlternativoBeta,V1,2,"579,0431171",1300
CLIENTE164,AlternativoBeta,V1,3,"579,0431171","14808,28652"
CLIENTE164,AlternativoBeta,V1,4,"579,0431171","12975,9"
CLIENTE164,AlternativoBeta,V1,5,"579,0431171",14011
CLIENTE164,AlternativoBeta,V1,6,"579,0431171",14016
CLIENTE164,AlternativoBeta,V1,7,"579,0431171",14260
CLIENTE164,AlternativoBeta,V1,8,"579,0431171",15239
CLIENTE164,AlternativoBeta,V1,9,"579,0431171",14415
CLIENTE164,AlternativoBeta,V1,10,"579,0431171","13233,75748"
CLIENTE164,AlternativoBeta,V1,11,"579,0431171","38161,44455"
CLIENTE164,AlternativoBeta,V1,12,"541,6290589","13698,48256"
CLIENTE164,AlternativoBeta,V1,14,"579,0431171",1300
CLIENTE164,AlternativoBeta,V1,15,"579,0431171","14808,28652"
CLIENTE164,ArtificialTres,V2,7,"579,0431171",257
CLIENTE164,ArtificialTres,V2,8,"579,0431171",257
CLIENTE164,ArtificialTres,V2,9,"579,0431171",257
CLIENTE164,ArtificialTres,V2,10,"579,0431171",257
CLIENTE164,ArtificialTres,V2,11,"579,0431171",257
CLIENTE164,ArtificialTres,V2,12,"541,6290589",257
CLIENTE165,ExcelenteSupremo,V2,1,"579,0431171",2208
CLIENTE165,ExcelenteSupremo,V2,2,"579,0431171",2200
CLIENTE165,ExcelenteSupremo,V2,3,"579,0431171",1100
CLIENTE165,ExcelenteSupremo,V2,13,"579,0431171",2208
CLIENTE165,ExcelenteSupremo,V2,14,"579,0431171",2200
CLIENTE165,ExcelenteSupremo,V2,15,"579,0431171",1100
CLIENTE267,ExcelenteSupremo,V2,1,"579,0431171",100
CLIENTE267,ExcelenteSupremo,V2,2,"579,0431171",350
CLIENTE267,ExcelenteSupremo,V2,3,"579,0431171",350
CLIENTE267,ExcelenteSupremo,V2,4,"579,0431171",350
CLIENTE267,ExcelenteSupremo,V2,5,"579,0431171",350
CLIENTE267,ExcelenteSupremo,V2,6,"579,0431171",350
CLIENTE267,ExcelenteSupremo,V2,7,"579,0431171",350
CLIENTE267,ExcelenteSupremo,V2,8,"579,0431171",350
CLIENTE267,ExcelenteSupremo,V2,9,"579,0431171",350
CLIENTE267,ExcelenteSupremo,V2,10,"579,0431171",350
CLIENTE267,ExcelenteSupremo,V2,11,"579,0431171",350
CLIENTE267,ExcelenteSupremo,V2,12,"599,4",350
CLIENTE267,ExcelenteSupremo,V2,13,"579,0431171",100
CLIENTE267,ExcelenteSupremo,V2,14,"579,0431171",350
CLIENTE267,ExcelenteSupremo,V2,15,"579,0431171",350
CLIENTE166,LimpoSombrio,V1,1,"579,0431171",8745
CLIENTE166,LimpoSombrio,V1,2,"579,0431171","8427,256528"
CLIENTE166,LimpoSombrio,V1,3,"579,0431171","8863,130642"
CLIENTE166,LimpoSombrio,V1,4,"579,0431171","9057,590021"
CLIENTE166,LimpoSombrio,V1,5,"579,0431171","8266,943735"
CLIENTE166,LimpoSombrio,V1,6,"579,0431171","8640,092852"
CLIENTE166,LimpoSombrio,V1,7,"579,0431171","8522,104236"
CLIENTE166,LimpoSombrio,V1,8,"579,0431171","8971,550781"
CLIENTE166,LimpoSombrio,V1,9,"579,0431171","8083,067603"
CLIENTE166,LimpoSombrio,V1,10,"579,0431171","8617,509072"
CLIENTE166,LimpoSombrio,V1,11,"579,0431171","8247,667835"
CLIENTE166,LimpoSombrio,V1,12,"555,2341535","7869,97404"
CLIENTE166,LimpoSombrio,V1,13,"579,0431171",8745
CLIENTE166,LimpoSombrio,V1,14,"579,0431171","8427,256528"
CLIENTE166,LimpoSombrio,V1,15,"579,0431171","8863,130642"
CLIENTE250,ExcelenteSupremo,V2,1,"579,0431171",100
CLIENTE250,ExcelenteSupremo,V2,13,"579,0431171",100
CLIENTE167,MuitoBomPleno,V1,1,"579,0431171",20
CLIENTE167,MuitoBomPleno,V1,2,"579,0431171",20
CLIENTE167,MuitoBomPleno,V1,3,"579,0431171",20
CLIENTE167,MuitoBomPleno,V1,4,"579,0431171",20
CLIENTE167,MuitoBomPleno,V1,5,"579,0431171",20
CLIENTE167,MuitoBomPleno,V1,6,"579,0431171",20
CLIENTE167,MuitoBomPleno,V1,7,"579,0431171",20
CLIENTE167,MuitoBomPleno,V1,8,"579,0431171",20
CLIENTE167,MuitoBomPleno,V1,9,"579,0431171",20
CLIENTE167,MuitoBomPleno,V1,10,"579,0431171",20
CLIENTE167,MuitoBomPleno,V1,11,"579,0431171",20
CLIENTE167,MuitoBomPleno,V1,12,"564,5",20
CLIENTE167,MuitoBomPleno,V1,13,"579,0431171",20
CLIENTE167,MuitoBomPleno,V1,14,"579,0431171",20
CLIENTE167,MuitoBomPleno,V1,15,"579,0431171",20
CLIENTE167,ExcelenteSupremo,V2,1,"579,0431171",200
CLIENTE167,ExcelenteSupremo,V2,2,"579,0431171",100
CLIENTE167,ExcelenteSupremo,V2,3,"579,0431171",100
CLIENTE167,ExcelenteSupremo,V2,13,"579,0431171",200
CLIENTE167,ExcelenteSupremo,V2,14,"579,0431171",100
CLIENTE167,ExcelenteSupremo,V2,15,"579,0431171",100
CLIENTE275,ExcelenteSupremo,V2,1,"579,0431171",5002
CLIENTE275,ExcelenteSupremo,V2,2,"579,0431171",5152
CLIENTE275,ExcelenteSupremo,V2,3,"579,0431171",5536
CLIENTE275,ExcelenteSupremo,V2,13,"579,0431171",5002
CLIENTE275,ExcelenteSupremo,V2,14,"579,0431171",5152
CLIENTE275,ExcelenteSupremo,V2,15,"579,0431171",5536
CLIENTE275,ResistenteFirme,V2,4,"579,0431171",5800
CLIENTE275,ResistenteFirme,V2,5,"579,0431171",6100
CLIENTE275,ResistenteFirme,V2,6,"579,0431171",6100
CLIENTE275,ResistenteFirme,V2,7,"579,0431171",6100
CLIENTE275,ResistenteFirme,V2,8,"579,0431171",6100
CLIENTE275,ResistenteFirme,V2,9,"579,0431171",6100
CLIENTE275,ResistenteFirme,V2,10,"579,0431171",6100
CLIENTE275,ResistenteFirme,V2,11,"579,0431171",5800
CLIENTE275,ResistenteFirme,V2,12,"502,71",6100
CLIENTE168,AlternativoBeta,V1,2,"579,0431171",895
CLIENTE168,AlternativoBeta,V1,3,"579,0431171","6263,421114"
CLIENTE168,AlternativoBeta,V1,4,"579,0431171","6806,1"
CLIENTE168,AlternativoBeta,V1,5,"579,0431171",6435
CLIENTE168,AlternativoBeta,V1,6,"579,0431171",5974
CLIENTE168,AlternativoBeta,V1,7,"579,0431171",6400
CLIENTE168,AlternativoBeta,V1,8,"579,0431171",6685
CLIENTE168,AlternativoBeta,V1,9,"579,0431171",5620
CLIENTE168,AlternativoBeta,V1,10,"579,0431171","6140,776656"
CLIENTE168,AlternativoBeta,V1,11,"579,0431171","18509,46316"
CLIENTE168,AlternativoBeta,V1,12,"541,6290589","6557,65946"
CLIENTE168,AlternativoBeta,V1,14,"579,0431171",895
CLIENTE168,AlternativoBeta,V1,15,"579,0431171","6263,421114"
CLIENTE168,ArtificialTres,V2,7,"579,0431171",123
CLIENTE168,ArtificialTres,V2,8,"579,0431171",123
CLIENTE168,ArtificialTres,V2,9,"579,0431171",123
CLIENTE168,ArtificialTres,V2,10,"579,0431171",123
CLIENTE168,ArtificialTres,V2,11,"579,0431171",123
CLIENTE168,ArtificialTres,V2,12,"541,6290589",123
CLIENTE602,ExcelenteSupremo,V2,1,"579,0431171",120
CLIENTE602,ExcelenteSupremo,V2,2,"579,0431171",20
CLIENTE602,ExcelenteSupremo,V2,3,"579,0431171",20
CLIENTE602,ExcelenteSupremo,V2,13,"579,0431171",120
CLIENTE602,ExcelenteSupremo,V2,14,"579,0431171",20
CLIENTE602,ExcelenteSupremo,V2,15,"579,0431171",20
CLIENTE169,LimpoSombrio,V1,1,"579,0431171",3451
CLIENTE169,LimpoSombrio,V1,2,"579,0431171","3398,795573"
CLIENTE169,LimpoSombrio,V1,3,"579,0431171","3771,189789"
CLIENTE169,LimpoSombrio,V1,4,"579,0431171","3280,658081"
CLIENTE169,LimpoSombrio,V1,5,"579,0431171","3703,993549"
CLIENTE169,LimpoSombrio,V1,6,"579,0431171","3600,619708"
CLIENTE169,LimpoSombrio,V1,7,"579,0431171","3686,049237"
CLIENTE169,LimpoSombrio,V1,8,"579,0431171","3761,161332"
CLIENTE169,LimpoSombrio,V1,9,"579,0431171","3365,846839"
CLIENTE169,LimpoSombrio,V1,10,"579,0431171","3427,334076"
CLIENTE169,LimpoSombrio,V1,11,"579,0431171","3620,327495"
CLIENTE169,LimpoSombrio,V1,12,558,"3278,182425"
CLIENTE169,LimpoSombrio,V1,13,"579,0431171",3451
CLIENTE169,LimpoSombrio,V1,14,"579,0431171","3398,795573"
CLIENTE169,LimpoSombrio,V1,15,"579,0431171","3771,189789"
CLIENTE170,ExcelenteSupremo,V2,1,"579,0431171","583,3333333"
CLIENTE170,ExcelenteSupremo,V2,2,"579,0431171","583,3333333"
CLIENTE170,ExcelenteSupremo,V2,3,"579,0431171","583,3333333"
CLIENTE170,ExcelenteSupremo,V2,4,"579,0431171","583,3333333"
CLIENTE170,ExcelenteSupremo,V2,5,"579,0431171","583,3333333"
CLIENTE170,ExcelenteSupremo,V2,6,"579,0431171","583,3333333"
CLIENTE170,ExcelenteSupremo,V2,7,"579,0431171","583,3333333"
CLIENTE170,ExcelenteSupremo,V2,8,"579,0431171","583,3333333"
CLIENTE170,ExcelenteSupremo,V2,9,"579,0431171","583,3333333"
CLIENTE170,ExcelenteSupremo,V2,10,"579,0431171","583,3333333"
CLIENTE170,ExcelenteSupremo,V2,11,"579,0431171","583,3333333"
CLIENTE170,ExcelenteSupremo,V2,12,"618,2","583,3333333"
CLIENTE170,ExcelenteSupremo,V2,13,"579,0431171","583,3333333"
CLIENTE170,ExcelenteSupremo,V2,14,"579,0431171","583,3333333"
CLIENTE170,ExcelenteSupremo,V2,15,"579,0431171","583,3333333"
CLIENTE691,MuitoBomPleno,V8,1,"579,0431171",60
CLIENTE691,MuitoBomPleno,V8,13,"579,0431171",60
CLIENTE218,ExcelenteSupremo,V2,1,"579,0431171",160
CLIENTE218,ExcelenteSupremo,V2,2,"579,0431171",160
CLIENTE218,ExcelenteSupremo,V2,3,"579,0431171",160
CLIENTE218,ExcelenteSupremo,V2,4,"579,0431171",160
CLIENTE218,ExcelenteSupremo,V2,5,"579,0431171",160
CLIENTE218,ExcelenteSupremo,V2,6,"579,0431171",160
CLIENTE218,ExcelenteSupremo,V2,7,"579,0431171",160
CLIENTE218,ExcelenteSupremo,V2,8,"579,0431171",160
CLIENTE218,ExcelenteSupremo,V2,9,"579,0431171",160
CLIENTE218,ExcelenteSupremo,V2,10,"579,0431171",160
CLIENTE218,ExcelenteSupremo,V2,11,"579,0431171",160
CLIENTE218,ExcelenteSupremo,V2,12,"559,085625",160
CLIENTE218,ExcelenteSupremo,V2,13,"579,0431171",160
CLIENTE218,ExcelenteSupremo,V2,14,"579,0431171",160
CLIENTE218,ExcelenteSupremo,V2,15,"579,0431171",160
CLIENTE545,LimpoSombrio,V1,2,"579,0431171","10,5"
CLIENTE545,LimpoSombrio,V1,3,"579,0431171",10
CLIENTE545,LimpoSombrio,V1,4,"579,0431171","10,5"
CLIENTE545,LimpoSombrio,V1,5,"579,0431171",10
CLIENTE545,LimpoSombrio,V1,6,"579,0431171",10
CLIENTE545,LimpoSombrio,V1,7,"579,0431171",10
CLIENTE545,LimpoSombrio,V1,8,"579,0431171",10
CLIENTE545,LimpoSombrio,V1,9,"579,0431171",10
CLIENTE545,LimpoSombrio,V1,10,"579,0431171",10
CLIENTE545,LimpoSombrio,V1,11,"579,0431171",10
CLIENTE545,LimpoSombrio,V1,12,"579,0431171","9,5"
CLIENTE545,LimpoSombrio,V1,14,"579,0431171","10,5"
CLIENTE545,LimpoSombrio,V1,15,"579,0431171",10
CLIENTE171,AlternativoBeta,V1,1,"579,0431171",3576
CLIENTE171,AlternativoBeta,V1,2,"579,0431171",3932
CLIENTE171,AlternativoBeta,V1,3,"579,0431171","4623,66542"
CLIENTE171,AlternativoBeta,V1,4,"579,0431171","4558,05"
CLIENTE171,AlternativoBeta,V1,5,"579,0431171",4131
CLIENTE171,AlternativoBeta,V1,6,"579,0431171",4262
CLIENTE171,AlternativoBeta,V1,7,"579,0431171",4182
CLIENTE171,AlternativoBeta,V1,8,"579,0431171",4232
CLIENTE171,AlternativoBeta,V1,9,"579,0431171",3974
CLIENTE171,AlternativoBeta,V1,10,"579,0431171",3710
CLIENTE171,AlternativoBeta,V1,11,"579,0431171",4025
CLIENTE171,AlternativoBeta,V1,12,"541,6290589",4048
CLIENTE171,AlternativoBeta,V1,13,"579,0431171",3576
CLIENTE171,AlternativoBeta,V1,14,"579,0431171",3932
CLIENTE171,AlternativoBeta,V1,15,"579,0431171","4623,66542"
CLIENTE171,ArtificialTres,V2,1,"579,0431171",650
CLIENTE171,ArtificialTres,V2,7,"579,0431171",68
CLIENTE171,ArtificialTres,V2,8,"579,0431171",68
CLIENTE171,ArtificialTres,V2,9,"579,0431171",68
CLIENTE171,ArtificialTres,V2,10,"579,0431171",68
CLIENTE171,ArtificialTres,V2,11,"579,0431171",68
CLIENTE171,ArtificialTres,V2,12,"541,6290589",68
CLIENTE171,ArtificialTres,V2,13,"579,0431171",650
CLIENTE439,ExcelenteSupremo,V2,6,"579,0431171",2000
CLIENTE439,ExcelenteSupremo,V2,7,"579,0431171",2000
CLIENTE439,ExcelenteSupremo,V2,9,"579,0431171",3000
CLIENTE439,ExcelenteSupremo,V2,10,"579,0431171",1000
CLIENTE439,ExcelenteSupremo,V2,12,"579,0431171",2000
CLIENTE679,ExcelenteSupremo,V2,1,"579,0431171",1200
CLIENTE679,ExcelenteSupremo,V2,2,"579,0431171",660
CLIENTE679,ExcelenteSupremo,V2,3,"579,0431171",750
CLIENTE679,ExcelenteSupremo,V2,13,"579,0431171",1200
CLIENTE679,ExcelenteSupremo,V2,14,"579,0431171",660
CLIENTE679,ExcelenteSupremo,V2,15,"579,0431171",750
CLIENTE679,LimpoSombrio,V1,4,"579,0431171",750
CLIENTE679,LimpoSombrio,V1,5,"579,0431171",750
CLIENTE679,LimpoSombrio,V1,6,"579,0431171",750
CLIENTE679,LimpoSombrio,V1,7,"579,0431171",900
CLIENTE679,LimpoSombrio,V1,8,"579,0431171",900
CLIENTE679,LimpoSombrio,V1,9,"579,0431171",1000
CLIENTE679,LimpoSombrio,V1,10,"579,0431171",1000
CLIENTE679,LimpoSombrio,V1,11,"579,0431171",900
CLIENTE679,LimpoSombrio,V1,12,"579,0431171",900
CLIENTE621,NaturalClaro,V1,1,"579,0431171",100
CLIENTE621,NaturalClaro,V1,2,"579,0431171",120
CLIENTE621,NaturalClaro,V1,3,"579,0431171",160
CLIENTE621,NaturalClaro,V1,4,"579,0431171",100
CLIENTE621,NaturalClaro,V1,5,"579,0431171",100
CLIENTE621,NaturalClaro,V1,6,"579,0431171",200
CLIENTE621,NaturalClaro,V1,7,"579,0431171",200
CLIENTE621,NaturalClaro,V1,8,"579,0431171",200
CLIENTE621,NaturalClaro,V1,9,"579,0431171",200
CLIENTE621,NaturalClaro,V1,10,"579,0431171",200
CLIENTE621,NaturalClaro,V1,11,"579,0431171",200
CLIENTE621,NaturalClaro,V1,12,554,200
CLIENTE621,NaturalClaro,V1,13,"579,0431171",100
CLIENTE621,NaturalClaro,V1,14,"579,0431171",120
CLIENTE621,NaturalClaro,V1,15,"579,0431171",160
CLIENTE587,MuitoBomPleno,V8,5,"579,0431171",90
CLIENTE587,MuitoBomPleno,V8,6,"579,0431171",90
CLIENTE587,MuitoBomPleno,V8,7,"579,0431171",90
CLIENTE587,MuitoBomPleno,V8,8,"579,0431171",90
CLIENTE587,MuitoBomPleno,V8,9,"579,0431171",90
CLIENTE587,MuitoBomPleno,V8,10,"579,0431171",90
CLIENTE587,MuitoBomPleno,V8,11,"579,0431171",90
CLIENTE296,MuitoBomPleno,V8,1,"579,0431171",184
CLIENTE296,MuitoBomPleno,V8,2,"579,0431171","208,3333333"
CLIENTE296,MuitoBomPleno,V8,3,"579,0431171","208,3333333"
CLIENTE296,MuitoBomPleno,V8,4,"579,0431171","208,3333333"
CLIENTE296,MuitoBomPleno,V8,5,"579,0431171","208,3333333"
CLIENTE296,MuitoBomPleno,V8,6,"579,0431171","208,3333333"
CLIENTE296,MuitoBomPleno,V8,7,"579,0431171",92
CLIENTE296,MuitoBomPleno,V8,8,"579,0431171",184
CLIENTE296,MuitoBomPleno,V8,9,"579,0431171","208,3333333"
CLIENTE296,MuitoBomPleno,V8,10,"579,0431171","255,3333333"
CLIENTE296,MuitoBomPleno,V8,11,"579,0431171","255,3333333"
CLIENTE296,MuitoBomPleno,V8,12,"624,75","255,3333333"
CLIENTE296,MuitoBomPleno,V8,13,"579,0431171",184
CLIENTE296,MuitoBomPleno,V8,14,"579,0431171","208,3333333"
CLIENTE296,MuitoBomPleno,V8,15,"579,0431171","208,3333333"
CLIENTE172,MuitoBomPleno,V7,1,"579,0431171",10
CLIENTE172,MuitoBomPleno,V7,13,"579,0431171",10
CLIENTE172,MuitoBomPleno,V8,1,"579,0431171",547
CLIENTE172,MuitoBomPleno,V8,13,"579,0431171",547
CLIENTE172,ExcelenteSupremo,V8,1,"579,0431171",2110
CLIENTE172,ExcelenteSupremo,V8,2,"579,0431171","2666,666667"
CLIENTE172,ExcelenteSupremo,V8,3,"579,0431171","2666,666667"
CLIENTE172,ExcelenteSupremo,V8,4,"579,0431171","2666,666667"
CLIENTE172,ExcelenteSupremo,V8,5,"579,0431171","2666,666667"
CLIENTE172,ExcelenteSupremo,V8,6,"579,0431171","2666,666667"
CLIENTE172,ExcelenteSupremo,V8,7,"579,0431171","2666,666667"
CLIENTE172,ExcelenteSupremo,V8,8,"579,0431171","2666,666667"
CLIENTE172,ExcelenteSupremo,V8,9,"579,0431171","2666,666667"
CLIENTE172,ExcelenteSupremo,V8,10,"579,0431171","2666,666667"
CLIENTE172,ExcelenteSupremo,V8,11,"579,0431171","2666,666667"
CLIENTE172,ExcelenteSupremo,V8,12,"573,2","2666,666667"
CLIENTE172,ExcelenteSupremo,V8,13,"579,0431171",2110
CLIENTE172,ExcelenteSupremo,V8,14,"579,0431171","2666,666667"
CLIENTE172,ExcelenteSupremo,V8,15,"579,0431171","2666,666667"
CLIENTE173,MuitoBomIntenso,V9,1,"579,0431171",76
CLIENTE173,MuitoBomIntenso,V9,13,"579,0431171",76
CLIENTE173,ExcelenteSupremo,V2,1,"579,0431171",120
CLIENTE173,ExcelenteSupremo,V2,2,"579,0431171",274
CLIENTE173,ExcelenteSupremo,V2,3,"579,0431171",274
CLIENTE173,ExcelenteSupremo,V2,4,"579,0431171",274
CLIENTE173,ExcelenteSupremo,V2,5,"579,0431171",274
CLIENTE173,ExcelenteSupremo,V2,6,"579,0431171",274
CLIENTE173,ExcelenteSupremo,V2,7,"579,0431171",274
CLIENTE173,ExcelenteSupremo,V2,8,"579,0431171",274
CLIENTE173,ExcelenteSupremo,V2,9,"579,0431171",274
CLIENTE173,ExcelenteSupremo,V2,10,"579,0431171",274
CLIENTE173,ExcelenteSupremo,V2,11,"579,0431171",274
CLIENTE173,ExcelenteSupremo,V2,12,"565,273152",274
CLIENTE173,ExcelenteSupremo,V2,13,"579,0431171",120
CLIENTE173,ExcelenteSupremo,V2,14,"579,0431171",274
CLIENTE173,ExcelenteSupremo,V2,15,"579,0431171",274
CLIENTE392,InferiorRaso,V1,1,"579,0431171",180
CLIENTE392,InferiorRaso,V1,2,"579,0431171",360
CLIENTE392,InferiorRaso,V1,3,"579,0431171",360
CLIENTE392,InferiorRaso,V1,4,"579,0431171",360
CLIENTE392,InferiorRaso,V1,13,"579,0431171",180
CLIENTE392,InferiorRaso,V1,14,"579,0431171",360
CLIENTE392,InferiorRaso,V1,15,"579,0431171",360
CLIENTE174,MuitoBomPleno,V8,1,"579,0431171",40
CLIENTE174,MuitoBomPleno,V8,2,"579,0431171",70
CLIENTE174,MuitoBomPleno,V8,3,"579,0431171",70
CLIENTE174,MuitoBomPleno,V8,4,"579,0431171",70
CLIENTE174,MuitoBomPleno,V8,5,"579,0431171",70
CLIENTE174,MuitoBomPleno,V8,6,"579,0431171",70
CLIENTE174,MuitoBomPleno,V8,7,"579,0431171",70
CLIENTE174,MuitoBomPleno,V8,8,"579,0431171",70
CLIENTE174,MuitoBomPleno,V8,9,"579,0431171",70
CLIENTE174,MuitoBomPleno,V8,10,"579,0431171",70
CLIENTE174,MuitoBomPleno,V8,11,"579,0431171",70
CLIENTE174,MuitoBomPleno,V8,12,"796,25",70
CLIENTE174,MuitoBomPleno,V8,13,"579,0431171",40
CLIENTE174,MuitoBomPleno,V8,14,"579,0431171",70
CLIENTE174,MuitoBomPleno,V8,15,"579,0431171",70
CLIENTE174,MuitoBomIntenso,V9,1,"579,0431171",96
CLIENTE174,MuitoBomIntenso,V9,2,"579,0431171",100
CLIENTE174,MuitoBomIntenso,V9,3,"579,0431171",100
CLIENTE174,MuitoBomIntenso,V9,4,"579,0431171",100
CLIENTE174,MuitoBomIntenso,V9,5,"579,0431171",100
CLIENTE174,MuitoBomIntenso,V9,6,"579,0431171",100
CLIENTE174,MuitoBomIntenso,V9,7,"579,0431171",100
CLIENTE174,MuitoBomIntenso,V9,8,"579,0431171",100
CLIENTE174,MuitoBomIntenso,V9,9,"579,0431171",100
CLIENTE174,MuitoBomIntenso,V9,10,"579,0431171",100
CLIENTE174,MuitoBomIntenso,V9,11,"579,0431171",100
CLIENTE174,MuitoBomIntenso,V9,12,"796,25",100
CLIENTE174,MuitoBomIntenso,V9,13,"579,0431171",96
CLIENTE174,MuitoBomIntenso,V9,14,"579,0431171",100
CLIENTE174,MuitoBomIntenso,V9,15,"579,0431171",100
CLIENTE282,MuitoBomPleno,V1,2,"579,0431171",20
CLIENTE282,MuitoBomPleno,V1,3,"579,0431171",20
CLIENTE282,MuitoBomPleno,V1,6,"579,0431171",20
CLIENTE282,MuitoBomPleno,V1,9,"579,0431171",20
CLIENTE282,MuitoBomPleno,V1,14,"579,0431171",20
CLIENTE282,MuitoBomPleno,V1,15,"579,0431171",20
CLIENTE285,ExcelenteSupremo,V2,1,"579,0431171",3500
CLIENTE285,ExcelenteSupremo,V2,2,"579,0431171",3800
CLIENTE285,ExcelenteSupremo,V2,3,"579,0431171",3800
CLIENTE285,ExcelenteSupremo,V2,4,"579,0431171",3600
CLIENTE285,ExcelenteSupremo,V2,5,"579,0431171",3600
CLIENTE285,ExcelenteSupremo,V2,6,"579,0431171",3600
CLIENTE285,ExcelenteSupremo,V2,7,"579,0431171",3600
CLIENTE285,ExcelenteSupremo,V2,8,"579,0431171",3600
CLIENTE285,ExcelenteSupremo,V2,9,"579,0431171",3600
CLIENTE285,ExcelenteSupremo,V2,10,"579,0431171",3600
CLIENTE285,ExcelenteSupremo,V2,11,"579,0431171",3600
CLIENTE285,ExcelenteSupremo,V2,12,"211,4322571",3600
CLIENTE285,ExcelenteSupremo,V2,13,"579,0431171",3500
CLIENTE285,ExcelenteSupremo,V2,14,"579,0431171",3800
CLIENTE285,ExcelenteSupremo,V2,15,"579,0431171",3800
CLIENTE236,MuitoBomPleno,V16,2,"526,0671935",1500
CLIENTE236,MuitoBomPleno,V16,3,"526,0671935","2567,476567"
CLIENTE236,MuitoBomPleno,V16,4,"526,0671935","2767,476567"
CLIENTE236,MuitoBomPleno,V16,5,"526,0671935","2767,476567"
CLIENTE236,MuitoBomPleno,V16,6,"526,0671935","2767,476567"
CLIENTE236,MuitoBomPleno,V16,7,"526,0671935","2767,476567"
CLIENTE236,MuitoBomPleno,V16,8,"526,0671935","2767,476567"
CLIENTE236,MuitoBomPleno,V16,9,"526,0671935","2767,476567"
CLIENTE236,MuitoBomPleno,V16,10,"526,0671935","2767,476567"
CLIENTE236,MuitoBomPleno,V16,11,"526,0671935","2767,476567"
CLIENTE236,MuitoBomPleno,V16,12,"522,210954","2767,476567"
CLIENTE236,MuitoBomPleno,V16,15,"526,0671935","2567,476567"
CLIENTE278,MuitoBomPleno,V5,5,"526,0671935","381,6164768"
CLIENTE278,MuitoBomPleno,V5,6,"526,0671935","430,0569583"
CLIENTE278,MuitoBomPleno,V5,7,"526,0671935","277,0090093"
CLIENTE278,MuitoBomPleno,V5,8,"526,0671935","381,6164768"
CLIENTE278,MuitoBomPleno,V5,9,"526,0671935","430,0569583"
CLIENTE278,MuitoBomPleno,V5,10,"526,0671935","277,0090093"
CLIENTE278,MuitoBomPleno,V5,11,"526,0671935","381,6164768"
CLIENTE278,MuitoBomPleno,V5,12,"522,210954","430,0569583"
CLIENTE671,MuitoBomPleno,V5,5,"526,0671935","23,3687046"
CLIENTE671,MuitoBomPleno,V5,6,"526,0671935","26,33501076"
CLIENTE671,MuitoBomPleno,V5,7,"526,0671935","16,9629513"
CLIENTE671,MuitoBomPleno,V5,8,"526,0671935","23,3687046"
CLIENTE671,MuitoBomPleno,V5,9,"526,0671935","26,33501076"
CLIENTE671,MuitoBomPleno,V5,10,"526,0671935","16,9629513"
CLIENTE671,MuitoBomPleno,V5,11,"526,0671935","23,3687046"
CLIENTE671,MuitoBomPleno,V5,12,"522,210954","26,33501076"
CLIENTE514,MuitoBomPleno,V5,5,"526,0671935","182,2758959"
CLIENTE514,MuitoBomPleno,V5,6,"526,0671935","205,4130839"
CLIENTE514,MuitoBomPleno,V5,7,"526,0671935","132,3110202"
CLIENTE514,MuitoBomPleno,V5,8,"526,0671935","182,2758959"
CLIENTE514,MuitoBomPleno,V5,9,"526,0671935","205,4130839"
CLIENTE514,MuitoBomPleno,V5,10,"526,0671935","132,3110202"
CLIENTE514,MuitoBomPleno,V5,11,"526,0671935","182,2758959"
CLIENTE514,MuitoBomPleno,V5,12,"526,0671935","205,4130839"
CLIENTE550,MuitoBomPleno,V5,5,"526,0671935","521,6615556"
CLIENTE550,MuitoBomPleno,V5,6,"526,0671935","521,6615556"
CLIENTE550,MuitoBomPleno,V5,7,"526,0671935","521,6615556"
CLIENTE550,MuitoBomPleno,V5,8,"526,0671935","521,6615556"
CLIENTE550,MuitoBomPleno,V5,9,"526,0671935","521,6615556"
CLIENTE550,MuitoBomPleno,V5,10,"526,0671935","521,6615556"
CLIENTE550,MuitoBomPleno,V5,11,"526,0671935","521,6615556"
CLIENTE550,MuitoBomPleno,V5,12,"526,0671935","521,6615556"
CLIENTE268,MuitoBomPleno,V16,5,"526,0671935","147,1540182"
CLIENTE268,MuitoBomPleno,V16,6,"526,0671935","165,8330112"
CLIENTE268,MuitoBomPleno,V16,7,"526,0671935","106,8166373"
CLIENTE268,MuitoBomPleno,V16,8,"526,0671935","147,1540182"
CLIENTE268,MuitoBomPleno,V16,9,"526,0671935","165,8330112"
CLIENTE268,MuitoBomPleno,V16,10,"526,0671935","106,8166373"
CLIENTE268,MuitoBomPleno,V16,11,"526,0671935","147,1540182"
CLIENTE268,MuitoBomPleno,V16,12,"526,0671935","165,8330112"
CLIENTE175,MuitoBomPleno,V13,5,"526,0671935","245,3713983"
CLIENTE175,MuitoBomPleno,V13,6,"526,0671935","276,517613"
CLIENTE175,MuitoBomPleno,V13,7,"526,0671935","178,1109887"
CLIENTE175,MuitoBomPleno,V13,8,"526,0671935","245,3713983"
CLIENTE175,MuitoBomPleno,V13,9,"526,0671935","276,517613"
CLIENTE175,MuitoBomPleno,V13,10,"526,0671935","178,1109887"
CLIENTE175,MuitoBomPleno,V13,11,"526,0671935","245,3713983"
CLIENTE175,MuitoBomPleno,V13,12,"522,210954","276,517613"
CLIENTE176,MuitoBomPleno,V13,3,"526,0671935","948,542418"
CLIENTE176,MuitoBomPleno,V13,4,"526,0671935","948,542418"
CLIENTE176,MuitoBomPleno,V13,5,"526,0671935","948,542418"
CLIENTE176,MuitoBomPleno,V13,6,"526,0671935","948,542418"
CLIENTE176,MuitoBomPleno,V13,7,"526,0671935","948,542418"
CLIENTE176,MuitoBomPleno,V13,8,"526,0671935","948,542418"
CLIENTE176,MuitoBomPleno,V13,9,"526,0671935","948,542418"
CLIENTE176,MuitoBomPleno,V13,10,"526,0671935","948,542418"
CLIENTE176,MuitoBomPleno,V13,11,"526,0671935","948,542418"
CLIENTE176,MuitoBomPleno,V13,12,"522,210954","948,542418"
CLIENTE176,MuitoBomPleno,V13,15,"526,0671935","948,542418"
CLIENTE276,MuitoBomPleno,V16,3,"526,0671935","2103,5636"
CLIENTE276,MuitoBomPleno,V16,4,"526,0671935","2103,5636"
CLIENTE276,MuitoBomPleno,V16,5,"526,0671935","2474,998527"
CLIENTE276,MuitoBomPleno,V16,6,"526,0671935","2522,146614"
CLIENTE276,MuitoBomPleno,V16,7,"526,0671935","2373,181993"
CLIENTE276,MuitoBomPleno,V16,8,"526,0671935","2474,998527"
CLIENTE276,MuitoBomPleno,V16,9,"526,0671935","2522,146614"
CLIENTE276,MuitoBomPleno,V16,10,"526,0671935","2373,181993"
CLIENTE276,MuitoBomPleno,V16,11,"526,0671935","2474,998527"
CLIENTE276,MuitoBomPleno,V16,12,"522,210954","2522,146614"
CLIENTE276,MuitoBomPleno,V16,15,"526,0671935","2103,5636"
CLIENTE335,MuitoBomPleno,V16,2,"526,0671935",3500
CLIENTE335,MuitoBomPleno,V16,5,"526,0671935","192,791813"
CLIENTE335,MuitoBomPleno,V16,6,"526,0671935","217,2638388"
CLIENTE335,MuitoBomPleno,V16,7,"526,0671935","139,9443482"
CLIENTE335,MuitoBomPleno,V16,8,"526,0671935","192,791813"
CLIENTE335,MuitoBomPleno,V16,9,"526,0671935","217,2638388"
CLIENTE335,MuitoBomPleno,V16,10,"526,0671935","139,9443482"
CLIENTE335,MuitoBomPleno,V16,11,"526,0671935","192,791813"
CLIENTE335,MuitoBomPleno,V16,12,"526,0671935","217,2638388"
CLIENTE401,MuitoBomPleno,V5,5,"526,0671935","364,4373708"
CLIENTE401,MuitoBomPleno,V5,6,"526,0671935","410,6972229"
CLIENTE401,MuitoBomPleno,V5,7,"526,0671935","264,5389841"
CLIENTE401,MuitoBomPleno,V5,8,"526,0671935","364,4373708"
CLIENTE401,MuitoBomPleno,V5,9,"526,0671935","410,6972229"
CLIENTE401,MuitoBomPleno,V5,10,"526,0671935","264,5389841"
CLIENTE401,MuitoBomPleno,V5,11,"526,0671935","364,4373708"
CLIENTE401,MuitoBomPleno,V5,12,"522,210954","410,6972229"
CLIENTE401,MuitoBomPleno,V16,3,"526,0671935","1455,608293"
CLIENTE401,MuitoBomPleno,V16,4,"526,0671935","1455,608293"
CLIENTE401,MuitoBomPleno,V16,5,"526,0671935","1455,608293"
CLIENTE401,MuitoBomPleno,V16,6,"526,0671935","1455,608293"
CLIENTE401,MuitoBomPleno,V16,7,"526,0671935","1455,608293"
CLIENTE401,MuitoBomPleno,V16,8,"526,0671935","1455,608293"
CLIENTE401,MuitoBomPleno,V16,9,"526,0671935","1455,608293"
CLIENTE401,MuitoBomPleno,V16,10,"526,0671935","1455,608293"
CLIENTE401,MuitoBomPleno,V16,11,"526,0671935","1455,608293"
CLIENTE401,MuitoBomPleno,V16,12,"522,210954","1455,608293"
CLIENTE401,MuitoBomPleno,V16,15,"526,0671935","1455,608293"
CLIENTE564,MuitoBomPleno,V5,5,"526,0671935","481,3953148"
CLIENTE564,MuitoBomPleno,V5,6,"526,0671935","542,5012217"
CLIENTE564,MuitoBomPleno,V5,7,"526,0671935","349,4367968"
CLIENTE564,MuitoBomPleno,V5,8,"526,0671935","481,3953148"
CLIENTE564,MuitoBomPleno,V5,9,"526,0671935","542,5012217"
CLIENTE564,MuitoBomPleno,V5,10,"526,0671935","349,4367968"
CLIENTE564,MuitoBomPleno,V5,11,"526,0671935","481,3953148"
CLIENTE564,MuitoBomPleno,V5,12,"526,0671935","542,5012217"
CLIENTE247,MuitoBomPleno,V5,5,"526,0671935","335,3409111"
CLIENTE247,MuitoBomPleno,V5,6,"526,0671935","377,9074044"
CLIENTE247,MuitoBomPleno,V5,7,"526,0671935","243,4183512"
CLIENTE247,MuitoBomPleno,V5,8,"526,0671935","335,3409111"
CLIENTE247,MuitoBomPleno,V5,9,"526,0671935","377,9074044"
CLIENTE247,MuitoBomPleno,V5,10,"526,0671935","243,4183512"
CLIENTE247,MuitoBomPleno,V5,11,"526,0671935","335,3409111"
CLIENTE247,MuitoBomPleno,V5,12,"526,0671935","377,9074044"
CLIENTE342,MuitoBomPleno,V5,5,"526,0671935","137,5161802"
CLIENTE342,MuitoBomPleno,V5,6,"526,0671935","154,9717944"
CLIENTE342,MuitoBomPleno,V5,7,"526,0671935","99,82069213"
CLIENTE342,MuitoBomPleno,V5,8,"526,0671935","137,5161802"
CLIENTE342,MuitoBomPleno,V5,9,"526,0671935","154,9717944"
CLIENTE342,MuitoBomPleno,V5,10,"526,0671935","99,82069213"
CLIENTE342,MuitoBomPleno,V5,11,"526,0671935","137,5161802"
CLIENTE342,MuitoBomPleno,V5,12,"526,0671935","154,9717944"
CLIENTE651,MuitoBomPleno,V12,1,"557,6384656",3172
CLIENTE651,MuitoBomPleno,V12,13,"557,6384656",3172
CLIENTE565,MuitoBomPleno,V13,5,"526,0671935","36,3674297"
CLIENTE565,MuitoBomPleno,V13,6,"526,0671935","40,98372882"
CLIENTE565,MuitoBomPleno,V13,7,"526,0671935","26,39850815"
CLIENTE565,MuitoBomPleno,V13,8,"526,0671935","36,3674297"
CLIENTE565,MuitoBomPleno,V13,9,"526,0671935","40,98372882"
CLIENTE565,MuitoBomPleno,V13,10,"526,0671935","26,39850815"
CLIENTE565,MuitoBomPleno,V13,11,"526,0671935","36,3674297"
CLIENTE565,MuitoBomPleno,V13,12,"526,0671935","40,98372882"